Workbook

Sheet Master
B1: 품의코드 | C1: Vendor 코드 | E1: 매출처 | F1: END-USER | G1: 구분 | H1: MA : 청구구분 상품 : PN | I1: 거래내용 | J1: 수량 | K1: 단가 | L1: 공급가액 | M1: 부가세 | N1: 공급가합계 | O1: 매입액 | P1: 매입거래처 | Q1: GP | R1: 입금일 | S1: 영업 담당자 | T1: 비고
A2: . | B2: ='1월'!B3 -> S | D2: ='1월'!D3 -> 45658 | E2: ='1월'!E3 -> 홈닥터 | F2: ='1월'!F3 -> 광명자이 1811호 | G2: ='1월'!G3 -> 건물임대 | H2: ='1월'!H3 -> 임대료 | I2: ='1월'!I3 -> 12월(12.5~25.1.4) 임대료 - 11/24회 | J2: ='1월'!J3 -> 1 | K2: ='1월'!K3 -> 550000 | ... S2: ='1월'!S3 -> 정지우
A3: . | B3: ='1월'!B4 -> IK-22025 | D3: ='1월'!D4 -> 45658 | E3: ='1월'!E4 -> 디에스피 | F3: ='1월'!F4 -> 엘지생활건강 | G3: ='1월'!G4 -> MA | H3: ='1월'!H4 -> 월간-IBM | I3: ='1월'!I4 -> 1월 유지정비료 - 12/12회 | J3: ='1월'!J4 -> 1 | K3: ='1월'!K4 -> 635000 | ... S3: ='1월'!S4 -> 천범석
A4: . | B4: ='1월'!B5 -> SM-23015 | D4: ='1월'!D5 -> 45658 | E4: ='1월'!E5 -> 동원프라스틱 | F4: ='1월'!F5 -> 동원프라스틱 | G4: ='1월'!G5 -> MA | H4: ='1월'!H5 -> 월간 | I4: ='1월'!I5 -> 1월 유지정비료 - 10/13회 | J4: ='1월'!J5 -> 1 | K4: ='1월'!K5 -> 1200000 | ... S4: ='1월'!S5 -> 이예지
A5: . | B5: ='1월'!B6 -> IK-23016 | D5: ='1월'!D6 -> 45658 | E5: ='1월'!E6 -> 케이정보기술 | F5: ='1월'!F6 -> 청주시청 | G5: ='1월'!G6 -> MA | H5: ='1월'!H6 -> 월간-IBM | I5: ='1월'!I6 -> 1월 유지정비료 - 17/36회 | J5: ='1월'!J6 -> 1 | K5: ='1월'!K6 -> 1300000 | ... S5: ='1월'!S6 -> 천범석
A6: . | B6: ='1월'!B7 -> SM-24011 | D6: ='1월'!D7 -> 45658 | E6: ='1월'!E7 -> 가나병원 | G6: ='1월'!G7 -> MA | H6: ='1월'!H7 -> 월간 | I6: ='1월'!I7 -> 1월 유지정비료 - 9/12회 | J6: ='1월'!J7 -> 1 | K6: ='1월'!K7 -> 300000 | L6: ='1월'!L7 -> 300000 | M6: ='1월'!M7 -> 30000 | N6: ='1월'!N7 -> 330000 | ... S6: ='1월'!S7 -> 천범석
A7: . | B7: ='1월'!B8 -> LI-24004 | D7: ='1월'!D8 -> 45658 | E7: ='1월'!E8 -> 한국메탈 | G7: ='1월'!G8 -> MA | H7: ='1월'!H8 -> 월간-IBM | I7: ='1월'!I8 -> 1월 유지정비료 - 9/36회 | J7: ='1월'!J8 -> 1 | K7: ='1월'!K8 -> 507500 | L7: ='1월'!L8 -> 507500 | M7: ='1월'!M8 -> 50750 | N7: ='1월'!N8 -> 558250 | ... S7: ='1월'!S8 -> 천범석
A8: . | B8: ='1월'!B9 -> LI-24005 | C8: ='1월'!C9 -> Z4ACEZ | D8: ='1월'!D9 -> 45658 | E8: ='1월'!E9 -> 해종합건축사사무소 | G8: ='1월'!G9 -> MA | H8: ='1월'!H9 -> 월간-IBM | I8: ='1월'!I9 -> 1월 유지정비료 - 8/12회 | J8: ='1월'!J9 -> 1 | K8: ='1월'!K9 -> 1554500 | L8: ='1월'!L9 -> 1554500 | M8: ='1월'!M9 -> 155450 | N8: ='1월'!N9 -> 1709950 | ... S8: ='1월'!S9 -> 천범석
A9: . | B9: ='1월'!B10 -> SB-24039 | C9: ='1월'!C10 -> ZZGBBZ | D9: ='1월'!D10 -> 45658 | E9: ='1월'!E10 -> 한국디지털방송 | G9: ='1월'!G10 -> MA | H9: ='1월'!H10 -> 월간-레노버 | I9: ='1월'!I10 -> 1월 유지정비료 - 7/12회 | J9: ='1월'!J10 -> 1 | K9: ='1월'!K10 -> 1423000 | L9: ='1월'!L10 -> 1423000 | M9: ='1월'!M10 -> 142300 | N9: ='1월'!N10 -> 1565300 | ... S9: ='1월'!S10 -> 천범석
A10: . | B10: ='1월'!B11 -> IK-24008 | D10: ='1월'!D11 -> 45658 | E10: ='1월'!E11 -> 서비스링크 | F10: ='1월'!F11 -> 세원정공(폴라리스세원) | G10: ='1월'!G11 -> MA | H10: ='1월'!H11 -> 월간-레노버 | I10: ='1월'!I11 -> 1월 유지정비료 - 7/12회 | J10: ='1월'!J11 -> 1 | K10: ='1월'!K11 -> 238000 | ... S10: ='1월'!S11 -> 천범석
A11: . | B11: ='1월'!B12 -> IK-24013 | D11: ='1월'!D12 -> 45658 | E11: ='1월'!E12 -> 레드텍 | F11: ='1월'!F12 -> 대한상공회의소 | G11: ='1월'!G12 -> MA | H11: ='1월'!H12 -> 월간-IBM | I11: ='1월'!I12 -> 1월 유지정비료 - 3/12회 | J11: ='1월'!J12 -> 1 | K11: ='1월'!K12 -> 158400 | ... S11: ='1월'!S12 -> 천범석
A12: . | B12: ='1월'!B13 -> SM-23012 | D12: ='1월'!D13 -> 45658 | E12: ='1월'!E13 -> 택스홈앤아웃 | F12: ='1월'!F13 -> 본사 | G12: ='1월'!G13 -> MA | H12: ='1월'!H13 -> 월간 | I12: ='1월'!I13 -> VPN 서비스 1월임대료 - 1/12회 280,000 + 보안스위치 1월 2대*120,000 | J12: ='1월'!J13 -> 1 | K12: ='1월'!K13 -> 520000 | ... S12: ='1월'!S13 -> 이예지
A13: . | B13: ='1월'!B14 -> SM-23013 | D13: ='1월'!D14 -> 45658 | E13: ='1월'!E14 -> 하이엔드택스 강남지점 | F13: ='1월'!F14 -> 압구정 | G13: ='1월'!G14 -> MA | H13: ='1월'!H14 -> 월간 | I13: ='1월'!I14 -> VPN 서비스/ 1월임대료 - 1/12회 | J13: ='1월'!J14 -> 1 | K13: ='1월'!K14 -> 320000 | ... S13: ='1월'!S14 -> 이예지
A14: . | B14: ='1월'!B15 -> SM-23016 | D14: ='1월'!D15 -> 45658 | E14: ='1월'!E15 -> 에실로코리아 | F14: ='1월'!F15 -> 에실로코리아 | G14: ='1월'!G15 -> MA | H14: ='1월'!H15 -> 월간 | I14: ='1월'!I15 -> 1월 유지정비료 - 1/12회 | J14: ='1월'!J15 -> 1 | K14: ='1월'!K15 -> 100000 | ... S14: ='1월'!S15 -> 이예지
A15: . | B15: ='1월'!B16 -> IK-22022 | D15: ='1월'!D16 -> 45658 | E15: ='1월'!E16 -> 로인아이티 | F15: ='1월'!F16 -> 한일전기 | G15: ='1월'!G16 -> MA | H15: ='1월'!H16 -> 월간-IBM | I15: ='1월'!I16 -> 분기(1~3월) 유지정비료 - 9/12회 | J15: ='1월'!J16 -> 1 | K15: ='1월'!K16 -> 1233000 | ... S15: ='1월'!S16 -> 천범석
A16: . | B16: ='1월'!B17 -> SB-22053 | C16: ='1월'!C17 -> ZEKV4M | D16: ='1월'!D17 -> 45658 | E16: ='1월'!E17 -> 심플키 | F16: ='1월'!F17 -> 한국산업은행 | G16: ='1월'!G17 -> MA | H16: ='1월'!H17 -> 월간-레노버 | I16: ='1월'!I17 -> 분기(1~3월) 유지정비료 - 9/12회 | ... S16: ='1월'!S17 -> 천범석
A17: . | B17: ='1월'!B18 -> SB-24042 | C17: ='1월'!C18 -> ZTME0P | D17: ='1월'!D18 -> 45658 | E17: ='1월'!E18 -> 심플키 | F17: ='1월'!F18 -> 티시스 | G17: ='1월'!G18 -> MA | H17: ='1월'!H18 -> 월간-레노버 | I17: ='1월'!I18 -> 분기(1~3월) 유지정비료 - 3/4회 | ... S17: ='1월'!S18 -> 천범석
A18: . | B18: ='1월'!B19 -> SB-24066 | C18: ='1월'!C19 -> ZDSNDX | D18: ='1월'!D19 -> 45659 | E18: ='1월'!E19 -> 이룸정보 | F18: ='1월'!F19 -> 중국광대은행 | G18: ='1월'!G19 -> MA | H18: ='1월'!H19 -> 월간-레노버 | I18: ='1월'!I19 -> 1~11월 유지정비료 | ... S18: ='1월'!S19 -> 천범석
A19: . | B19: ='1월'!B20 -> SL-24050 | C19: ='1월'!C20 -> ZXFJNS | D19: ='1월'!D20 -> 45661 | E19: ='1월'!E20 -> 스마트에프앤디 | G19: ='1월'!G20 -> MA | H19: ='1월'!H20 -> 월간-레노버 | I19: ='1월'!I20 -> 연간유지정비료(25.01.04~26.01.03) | J19: ='1월'!J20 -> 1 | K19: ='1월'!K20 -> 1320000 | L19: ='1월'!L20 -> 1320000 | M19: ='1월'!M20 -> 132000 | N19: ='1월'!N20 -> 1452000 | ... S19: ='1월'!S20 -> 천범석
A20: . | B20: ='1월'!B21 -> S | D20: ='1월'!D21 -> 45662 | E20: ='1월'!E21 -> 장형기업 | F20: ='1월'!F21 -> 검단미플존 316호 | G20: ='1월'!G21 -> 건물임대 | H20: ='1월'!H21 -> 임대료 | I20: ='1월'!I21 -> 1월 임대료 - 3/8회 | J20: ='1월'!J21 -> 1 | K20: ='1월'!K21 -> 367500 | ... S20: ='1월'!S21 -> 정지우
A21: . | B21: ='1월'!B22 -> SM-24021 | D21: ='1월'!D22 -> 45662 | E21: ='1월'!E22 -> 제이원캐피탈 | G21: ='1월'!G22 -> MA | H21: ='1월'!H22 -> 월간 | I21: ='1월'!I22 -> 12월 유지정비료 - 4/12회 | J21: ='1월'!J22 -> 1 | K21: ='1월'!K22 -> 7060000 | L21: ='1월'!L22 -> 7060000 | M21: ='1월'!M22 -> 706000 | N21: ='1월'!N22 -> 7766000 | ... S21: ='1월'!S22 -> 이예지
A22: . | B22: ='1월'!B23 -> SM-24020 | D22: ='1월'!D23 -> 45662 | E22: ='1월'!E23 -> 에이비씨한국 | G22: ='1월'!G23 -> MA | H22: ='1월'!H23 -> 월간 | I22: ='1월'!I23 -> BOARD SYSTEM Maintenance 1월분 - 4/12회 | J22: ='1월'!J23 -> 1 | K22: ='1월'!K23 -> 1100000 | L22: ='1월'!L23 -> 1100000 | M22: ='1월'!M23 -> 110000 | N22: ='1월'!N23 -> 1210000 | ... S22: ='1월'!S23 -> 이예지
B23: ='1월'!B24 -> IK-24012 | D23: ='1월'!D24 -> 45663 | E23: ='1월'!E24 -> 인정보시스템 | F23: ='1월'!F24 -> 대구텍 | G23: ='1월'!G24 -> MA | H23: ='1월'!H24 -> 월간-IBM | I23: ='1월'!I24 -> 1월 유지정비료 - 1/6회 | J23: ='1월'!J24 -> 1 | K23: ='1월'!K24 -> 1039500 | ... S23: ='1월'!S24 -> 천범석 | U23: 여신 30일견적됨, 확인필요
B24: ='1월'!B25 -> S | D24: ='1월'!D25 -> 45666 | E24: ='1월'!E25 -> 에이비씨한국 | G24: ='1월'!G25 -> 상품 | H24: ='1월'!H25 -> 노트북 | I24: ='1월'!I25 -> 엘지 노트북 납품 외 | J24: ='1월'!J25 -> 1 | K24: ='1월'!K25 -> 1520000 | L24: ='1월'!L25 -> 1520000 | M24: ='1월'!M25 -> 152000 | N24: ='1월'!N25 -> 1672000 | ... S24: ='1월'!S25 -> 이예지
A25: . | B25: ='1월'!B26 -> SM-25003 | C25: ='1월'!C26 -> ZZ6BIS | D25: ='1월'!D26 -> 45666 | E25: ='1월'!E26 -> 영화시스템 | F25: ='1월'!F26 -> CGV통합 | G25: ='1월'!G26 -> MA | H25: ='1월'!H26 -> 연간 | I25: ='1월'!I26 -> 연간유지정비료(25.01.01~25.12.31) | ... S25: ='1월'!S26 -> 천범석
A26: . | B26: ='1월'!B27 -> S | D26: ='1월'!D27 -> 45667 | E26: ='1월'!E27 -> 중소기업은행 | F26: ='1월'!F27 -> 호계214~216호 | G26: ='1월'!G27 -> 건물임대 | H26: ='1월'!H27 -> 임대료 | I26: ='1월'!I27 -> 1월 임대료 (12.13~1.12) | J26: ='1월'!J27 -> 1 | K26: ='1월'!K27 -> 6090000 | ... S26: ='1월'!S27 -> 정지우
A27: . | B27: ='1월'!B28 -> S | D27: ='1월'!D28 -> 45667 | E27: ='1월'!E28 -> 아이티앤 | F27: ='1월'!F28 -> 우물단 | G27: ='1월'!G28 -> 상품 | H27: ='1월'!H28 -> 기술지원 | I27: ='1월'!I28 -> 전산장비 이전, 시스템 마이그레이션 (1차) | J27: ='1월'!J28 -> 1 | K27: ='1월'!K28 -> 12500000 | ... P27: ='1월'!P28 -> (24/12/26) | R27: ='1월'!R28 -> 완료(25/1/31) | S27: ='1월'!S28 -> 이예지 | U27: 매출정리
A28: . | B28: ='1월'!B29 -> S | D28: ='1월'!D29 -> 45669 | E28: ='1월'!E29 -> 왕길토건 | F28: ='1월'!F29 -> 검단미플존 317호 | G28: ='1월'!G29 -> 건물임대 | H28: ='1월'!H29 -> 임대료 | I28: ='1월'!I29 -> 12월 임대료(24/12/12~25/1/10) - 3/10회 | J28: ='1월'!J29 -> 1 | K28: ='1월'!K29 -> 400000 | ... S28: ='1월'!S29 -> 정지우
B29: ='1월'!B30 -> S | D29: ='1월'!D30 -> 45671 | E29: ='1월'!E30 -> 에이비씨한국 | F29: ='1월'!F30 -> 평택 | G29: ='1월'!G30 -> 상품 | H29: ='1월'!H30 -> 노트북 | I29: ='1월'!I30 -> 엘지 노트북 납품 외 | J29: ='1월'!J30 -> 1 | K29: ='1월'!K30 -> 2273000 | ... S29: ='1월'!S30 -> 이예지
A30: . | B30: ='1월'!B31 -> S | D30: ='1월'!D31 -> 45672 | E30: ='1월'!E31 -> 순환 | F30: ='1월'!F31 -> 검단미플존 318호 | G30: ='1월'!G31 -> 건물임대 | H30: ='1월'!H31 -> 임대료 | I30: ='1월'!I31 -> 1월 임대료(24/12/20~25/1/19) - 3/9회 | J30: ='1월'!J31 -> 1 | K30: ='1월'!K31 -> 346500 | ... S30: ='1월'!S31 -> 정지우
A31: . | B31: ='1월'!B32 -> SB-24011 | C31: ='1월'!C32 -> Z5PURB | D31: ='1월'!D32 -> 45672 | E31: ='1월'!E32 -> 비온시이노베이터 | F31: ='1월'!F32 -> 국립농업과학원 | G31: ='1월'!G32 -> MA | H31: ='1월'!H32 -> 월간-레노버 | I31: ='1월'!I32 -> 12월 유지정비료 - 12/24회 | ... S31: ='1월'!S32 -> 천범석
A32: . | B32: ='1월'!B33 -> H250102-01 | D32: ='1월'!D33 -> 45672 | E32: ='1월'!E33 -> 아이엠티에스아이 | G32: ='1월'!G33 -> 상품 | H32: ='1월'!H33 -> 01AF542 | I32: ='1월'!I33 -> Processor VRM 2B4E For 8231-E1C, E1D, E2D, 8268-E1D, 8246-L1C | J32: ='1월'!J33 -> 1 | K32: ='1월'!K33 -> 430000 | L32: ='1월'!L33 -> 430000 | M32: ='1월'!M33 -> 43000 | N32: ='1월'!N33 -> 473000 | ... S32: ='1월'!S33 -> 천범석
A33: . | B33: ='1월'!B34 -> H250106-01 | D33: ='1월'!D34 -> 45672 | E33: ='1월'!E34 -> 아이엠티에스아이 | G33: ='1월'!G34 -> 상품 | H33: ='1월'!H34 -> 69Y2926 | I33: ='1월'!I34 -> Controller Battery for DS3512/DS3524 | J33: ='1월'!J34 -> 1 | K33: ='1월'!K34 -> 280000 | L33: ='1월'!L34 -> 280000 | M33: ='1월'!M34 -> 28000 | N33: ='1월'!N34 -> 308000 | ... S33: ='1월'!S34 -> 천범석
B34: ='1월'!B35 -> H250310 | D34: ='1월'!D35 -> 45673 | E34: ='1월'!E35 -> 더블포인트 | G34: ='1월'!G35 -> 상품 | H34: ='1월'!H35 -> CABLE | I34: ='1월'!I35 -> LC-LC OM3, 멀티 광점퍼코드 15M 30개 외 | J34: ='1월'!J35 -> 1 | K34: ='1월'!K35 -> 900000 | L34: ='1월'!L35 -> 900000 | M34: ='1월'!M35 -> 90000 | N34: ='1월'!N35 -> 990000 | ... S34: ='1월'!S35 -> 이예지
A35: . | B35: ='1월'!B36 -> Y241223-01 | D35: ='1월'!D36 -> 45673 | E35: ='1월'!E36 -> 라온전자 | G35: ='1월'!G36 -> 상품 | H35: ='1월'!H36 -> 맥북프로 | I35: ='1월'!I36 -> M3 Pro 11코어 / 14코어 GPU / 512GB / 18GB / 실버 | J35: ='1월'!J36 -> 1 | K35: ='1월'!K36 -> 2500000 | L35: ='1월'!L36 -> 2500000 | M35: ='1월'!M36 -> 250000 | N35: ='1월'!N36 -> 2750000 | ... S35: ='1월'!S36 -> 홍승민
A36: . | B36: ='1월'!B37 -> Y250102-01 | D36: ='1월'!D37 -> 45673 | E36: ='1월'!E37 -> 라온전자 | G36: ='1월'!G37 -> 상품 | H36: ='1월'!H37 -> 맥북프로 | I36: ='1월'!I37 -> M3 Pro 11코어 / 14코어 GPU / 512GB / 18GB / 블랙 | J36: ='1월'!J37 -> 1 | K36: ='1월'!K37 -> 2500000 | L36: ='1월'!L37 -> 2500000 | M36: ='1월'!M37 -> 250000 | N36: ='1월'!N37 -> 2750000 | ... S36: ='1월'!S37 -> 홍승민
A37: . | B37: ='1월'!B38 -> Y250107-01 | D37: ='1월'!D38 -> 45673 | E37: ='1월'!E38 -> 라온전자 | G37: ='1월'!G38 -> 상품 | H37: ='1월'!H38 -> Monitor | I37: ='1월'!I38 -> LG 27MR400 | J37: ='1월'!J38 -> 1 | K37: ='1월'!K38 -> 170000 | L37: ='1월'!L38 -> 170000 | M37: ='1월'!M38 -> 17000 | N37: ='1월'!N38 -> 187000 | ... S37: ='1월'!S38 -> 홍승민
A38: . | B38: ='1월'!B39 -> Y250113-01 | D38: ='1월'!D39 -> 45673 | E38: ='1월'!E39 -> 라온전자 | G38: ='1월'!G39 -> 상품 | H38: ='1월'!H39 -> 소모품 | I38: ='1월'!I39 -> 로지텍 K120 NEW+ 마우스 M90 세트 외 | J38: ='1월'!J39 -> 1 | K38: ='1월'!K39 -> 294000 | L38: ='1월'!L39 -> 294000 | M38: ='1월'!M39 -> 29400 | N38: ='1월'!N39 -> 323400 | ... S38: ='1월'!S39 -> 홍승민
A39: . | B39: ='1월'!B40 -> H250118-01 | D39: ='1월'!D40 -> 45675 | E39: ='1월'!E40 -> 넷매니아 | G39: ='1월'!G40 -> 상품 | H39: ='1월'!H40 -> POWER | I39: ='1월'!I40 -> POWER SUPPLY for DELL ME4024 | J39: ='1월'!J40 -> 1 | K39: ='1월'!K40 -> 1050000 | L39: ='1월'!L40 -> 1050000 | M39: ='1월'!M40 -> 105000 | N39: ='1월'!N40 -> 1155000 | ... S39: ='1월'!S40 -> 천범석
A40: . | B40: ='1월'!B41 -> Y240830-03 | D40: ='1월'!D41 -> 45676 | E40: ='1월'!E41 -> 스마트웨어 | F40: ='1월'!F41 -> 세연시스템즈 | G40: ='1월'!G41 -> 장비임대 | H40: ='1월'!H41 -> 서버임대 | I40: ='1월'!I41 -> X3650M5 임대 (Xeon E5-2640v3 2.6GHz 8C x2 / 128GB Memory / 600GB SAS x4 / Power x2)(24/12/2~25/1/1) | J40: ='1월'!J41 -> 1 | K40: ='1월'!K41 -> 200000 | ... S40: ='1월'!S41 -> 홍승민
B41: ='1월'!B42 -> H250117-02 | D41: ='1월'!D42 -> 45677 | E41: ='1월'!E42 -> 제이원캐피탈 | G41: ='1월'!G42 -> 상품 | H41: ='1월'!H42 -> 00V7590 | I41: ='1월'!I42 -> IBM LTO6 TAPE 2.5/6.25TB [라벨포함] | J41: ='1월'!J42 -> 100 | K41: ='1월'!K42 -> 55000 | L41: ='1월'!L42 -> 5500000 | M41: ='1월'!M42 -> 550000 | N41: ='1월'!N42 -> 6050000 | ... S41: ='1월'!S42 -> 천범석
A42: . | B42: ='1월'!B43 -> S | D42: ='1월'!D43 -> 45677 | E42: ='1월'!E43 -> 아이지리더스 | F42: ='1월'!F43 -> 광명자이 1812호 | G42: ='1월'!G43 -> 건물임대 | H42: ='1월'!H43 -> 임대료 | I42: ='1월'!I43 -> 1월 임대료(12.26~1.25) 3/12회 | J42: ='1월'!J43 -> 1 | K42: ='1월'!K43 -> 800000 | ... S42: ='1월'!S43 -> 정지우
A43: . | B43: ='1월'!B44 -> SM-23017 | D43: ='1월'!D44 -> 45677 | E43: ='1월'!E44 -> 이앤피정보기술 | F43: ='1월'!F44 -> 용진일렉콤 | G43: ='1월'!G44 -> MA | H43: ='1월'!H44 -> 월간 | I43: ='1월'!I44 -> 1월 유지정비료 - 10/12회 | J43: ='1월'!J44 -> 1 | K43: ='1월'!K44 -> 200000 | ... S43: ='1월'!S44 -> 이예지
A44: . | B44: ='1월'!B45 -> SM-23023 | D44: ='1월'!D45 -> 45677 | E44: ='1월'!E45 -> 중앙유통단지관리운영회 | G44: ='1월'!G45 -> 장비임대 | H44: ='1월'!H45 -> 서버 | I44: ='1월'!I45 -> 서버임대 SR650 2식 - 16/36회 | J44: ='1월'!J45 -> 1 | K44: ='1월'!K45 -> 1000000 | L44: ='1월'!L45 -> 1000000 | M44: ='1월'!M45 -> 100000 | N44: ='1월'!N45 -> 1100000 | ... S44: ='1월'!S45 -> 천범석
A45: . | B45: ='1월'!B46 -> SM-24007 | D45: ='1월'!D46 -> 45677 | E45: ='1월'!E46 -> 성대의료원 | G45: ='1월'!G46 -> MA | H45: ='1월'!H46 -> 월간 | I45: ='1월'!I46 -> 1월 유지정비료 - 12/12회 | J45: ='1월'!J46 -> 1 | K45: ='1월'!K46 -> 1505000 | L45: ='1월'!L46 -> 1505000 | M45: ='1월'!M46 -> 150500 | N45: ='1월'!N46 -> 1655500 | ... S45: ='1월'!S46 -> 이예지
A46: . | B46: ='1월'!B47 -> H250116-01 | D46: ='1월'!D47 -> 45677 | E46: ='1월'!E47 -> 디에이치라이팅 2공장 | G46: ='1월'!G47 -> 상품 | H46: ='1월'!H47 -> 765873-001 | I46: ='1월'!I47 -> 2TB 7.2K 12G SAS 2.5inch Enterprise Hard Drive | J46: ='1월'!J47 -> 3 | K46: ='1월'!K47 -> 280000 | L46: ='1월'!L47 -> 840000 | M46: ='1월'!M47 -> 84000 | N46: ='1월'!N47 -> 924000 | ... S46: ='1월'!S47 -> 천범석
B47: ='1월'!B48 -> H250117-01 | D47: ='1월'!D48 -> 45678 | E47: ='1월'!E48 -> 매사 | G47: ='1월'!G48 -> 상품 | H47: ='1월'!H48 -> 54C33 | I47: ='1월'!I48 -> DELL Controller Battery FS8600(중고) - 매출취소(3/25수정발행) | J47: ='1월'!J48 -> 1 | K47: ='1월'!K48 -> 650000 | L47: ='1월'!L48 -> 650000 | M47: ='1월'!M48 -> 65000 | N47: ='1월'!N48 -> 715000 | ... S47: ='1월'!S48 -> 천범석
A48: . | B48: ='1월'!B49 -> Y250114-01 | D48: ='1월'!D49 -> 45679 | E48: ='1월'!E49 -> 인표정보 | G48: ='1월'!G49 -> 상품 | H48: ='1월'!H49 -> 기술지원 | I48: ='1월'!I49 -> HPE Server 엔지니어기술지원(OS 백업 및 복원작업) | J48: ='1월'!J49 -> 1 | K48: ='1월'!K49 -> 550000 | L48: ='1월'!L49 -> 780000 | M48: ='1월'!M49 -> 78000 | N48: ='1월'!N49 -> 858000 | ... S48: ='1월'!S49 -> 홍승민
A49: . | B49: ='1월'!B50 -> Y250114-02 | E49: ='1월'!E50 -> 인표정보 | G49: ='1월'!G50 -> 상품 | H49: ='1월'!H50 -> 자재비 | I49: ='1월'!I50 -> 2TB 2.5" SATA SSD 외 | J49: ='1월'!J50 -> 1 | K49: ='1월'!K50 -> 230000
A50: . | B50: ='1월'!B51 -> Y241127-02 | D50: ='1월'!D51 -> 45680 | E50: ='1월'!E51 -> 코드정보 | G50: ='1월'!G51 -> 상품 | H50: ='1월'!H51 -> 서버 | I50: ='1월'!I51 -> HPE DL360Gen10 Plus | J50: ='1월'!J51 -> 7 | K50: ='1월'!K51 -> 4900000 | L50: ='1월'!L51 -> 34300000 | M50: ='1월'!M51 -> 3430000 | N50: ='1월'!N51 -> 37730000 | ... S50: ='1월'!S51 -> 홍승민
A51: . | B51: ='1월'!B52 -> Y241210-01 | D51: ='1월'!D52 -> 45680 | E51: ='1월'!E52 -> 코드정보 | G51: ='1월'!G52 -> 상품 | H51: ='1월'!H52 -> 워크스테이션 | I51: ='1월'!I52 -> HP Z1 G9 Workstation | J51: ='1월'!J52 -> 2 | K51: ='1월'!K52 -> 1930000 | L51: ='1월'!L52 -> 4240000 | M51: ='1월'!M52 -> 424000 | N51: ='1월'!N52 -> 4664000 | ... S51: ='1월'!S52 -> 홍승민
A52: . | E52: ='1월'!E53 -> 코드정보 | G52: ='1월'!G53 -> 상품 | H52: ='1월'!H53 -> 모니터 | I52: ='1월'!I53 -> HP P24h G5 FHD IPS 75 | J52: ='1월'!J53 -> 2 | K52: ='1월'!K53 -> 190000
A53: . | B53: ='1월'!B54 -> Y250115-01 | D53: ='1월'!D54 -> 45680 | E53: ='1월'!E54 -> 파워시스 | F53: ='1월'!F54 -> 솔튼병원 | G53: ='1월'!G54 -> 상품 | H53: ='1월'!H54 -> Board | I53: ='1월'!I54 -> System Board for X3650M5 | J53: ='1월'!J54 -> 1 | K53: ='1월'!K54 -> 600000 | ... S53: ='1월'!S54 -> 홍승민
A54: . | E54: ='1월'!E55 -> 파워시스 | G54: ='1월'!G55 -> 상품 | H54: ='1월'!H55 -> 기술지원 | I54: ='1월'!I55 -> Server 기술지원 (On-Site) / 일과시간 지원 | J54: ='1월'!J55 -> 1 | K54: ='1월'!K55 -> 850000
A55: . | B55: ='1월'!B56 -> Y250124-02 | D55: ='1월'!D56 -> 45680 | E55: ='1월'!E56 -> 이즈파크 | G55: ='1월'!G56 -> 장비임대 | H55: ='1월'!H56 -> Dell R730 | I55: ='1월'!I56 -> 법률DB 개발서버임대(2025.01.06~2025.05.29) | J55: ='1월'!J56 -> 1 | K55: ='1월'!K56 -> 1000000 | L55: ='1월'!L56 -> 1000000 | M55: ='1월'!M56 -> 100000 | N55: ='1월'!N56 -> 1100000 | ... S55: ='1월'!S56 -> 홍승민
A56: . | B56: ='1월'!B57 -> SM-20023 | D56: ='1월'!D57 -> 45681 | E56: ='1월'!E57 -> 비씨엠정보통신 | F56: ='1월'!F57 -> 꼬망스 | G56: ='1월'!G57 -> MA | H56: ='1월'!H57 -> 월간 | I56: ='1월'!I57 -> 1월 유지정비료 - 5/12회 | J56: ='1월'!J57 -> 1 | K56: ='1월'!K57 -> 320000 | ... S56: ='1월'!S57 -> 천범석
A57: . | B57: ='1월'!B58 -> SM-23026 | D57: ='1월'!D58 -> 45681 | E57: ='1월'!E58 -> 한국도자기협회 | G57: ='1월'!G58 -> MA | H57: ='1월'!H58 -> 월간 | I57: ='1월'!I58 -> 1월 유지정비료 - 6/12회 | J57: ='1월'!J58 -> 1 | K57: ='1월'!K58 -> 1216000 | L57: ='1월'!L58 -> 2446000 | M57: ='1월'!M58 -> 244600 | N57: ='1월'!N58 -> 2690600 | ... S57: ='1월'!S58 -> 홍승민
A58: . | B58: ='1월'!B59 -> SM-24012 | E58: ='1월'!E59 -> 한국도자기협회 | G58: ='1월'!G59 -> MA | H58: ='1월'!H59 -> 월간 | I58: ='1월'!I59 -> 1월 유지정비료 - 9/12회 | J58: ='1월'!J59 -> 1 | K58: ='1월'!K59 -> 390000
A59: . | B59: ='1월'!B60 -> SM-23025 | E59: ='1월'!E60 -> 한국도자기협회 | G59: ='1월'!G60 -> MA | H59: ='1월'!H60 -> 월간 | I59: ='1월'!I60 -> 이메일 보안 및 호스팅 1월 - 6/12회 | J59: ='1월'!J60 -> 70 | K59: ='1월'!K60 -> 12000 | P59: ='1월'!P60 -> 현성솔루션(1/31) 595,000
A60: . | B60: ='1월'!B61 -> LI-24007 | C60: ='1월'!C61 -> C24009 | D60: ='1월'!D61 -> 45681 | E60: ='1월'!E61 -> 유더블유에스 | F60: ='1월'!F61 -> 두원정공 | G60: ='1월'!G61 -> MA | H60: ='1월'!H61 -> 월간 | I60: ='1월'!I61 -> 1월 유지정비료 - 7/12회 | ... S60: ='1월'!S61 -> 천범석
A61: . | B61: ='1월'!B62 -> IK-24007 | D61: ='1월'!D62 -> 45681 | E61: ='1월'!E62 -> 로보츠 | F61: ='1월'!F62 -> 도시바일렉트로닉스 | G61: ='1월'!G62 -> MA | H61: ='1월'!H62 -> 월간-IBM | I61: ='1월'!I62 -> 1월 유지정비료 - 7/12회 | J61: ='1월'!J62 -> 1 | K61: ='1월'!K62 -> 115000 | ... S61: ='1월'!S62 -> 천범석
A62: . | B62: ='1월'!B63 -> IK-24011 | D62: ='1월'!D63 -> 45681 | E62: ='1월'!E63 -> 로보츠 | F62: ='1월'!F63 -> 키오시아 | G62: ='1월'!G63 -> MA | H62: ='1월'!H63 -> 월간-IBM | I62: ='1월'!I63 -> 1월 유지정비료 - 2/12회 | J62: ='1월'!J63 -> 1 | K62: ='1월'!K63 -> 350000 | ... S62: ='1월'!S63 -> 천범석
A63: . | B63: ='1월'!B64 -> IK-24014 | D63: ='1월'!D64 -> 45681 | E63: ='1월'!E64 -> 로보츠 | F63: ='1월'!F64 -> 와이케이케이코리아 | G63: ='1월'!G64 -> MA | H63: ='1월'!H64 -> 월간-IBM | I63: ='1월'!I64 -> 1월 유지정비료 - 1/12회 | J63: ='1월'!J64 -> 1 | K63: ='1월'!K64 -> 644000 | ... S63: ='1월'!S64 -> 천범석
A64: . | B64: ='1월'!B65 -> SM-21021 | D64: ='1월'!D65 -> 45681 | E64: ='1월'!E65 -> 바른시스템 | G64: ='1월'!G65 -> MA | H64: ='1월'!H65 -> 월간 | I64: ='1월'!I65 -> 1월 유지정비료 - 11/12회 | J64: ='1월'!J65 -> 1 | K64: ='1월'!K65 -> 305000 | L64: ='1월'!L65 -> 305000 | M64: ='1월'!M65 -> 30500 | N64: ='1월'!N65 -> 335500 | ... S64: ='1월'!S65 -> 홍승민
A65: . | B65: ='1월'!B66 -> LI-24006 | D65: ='1월'!D66 -> 45681 | E65: ='1월'!E66 -> 보해양조 | G65: ='1월'!G66 -> MA | H65: ='1월'!H66 -> 월간-IBM | I65: ='1월'!I66 -> 1월 유지정비료 - 7/12회 | J65: ='1월'!J66 -> 1 | K65: ='1월'!K66 -> 668000 | L65: ='1월'!L66 -> 668000 | M65: ='1월'!M66 -> 66800 | N65: ='1월'!N66 -> 734800 | ... S65: ='1월'!S66 -> 천범석
A66: . | B66: ='1월'!B67 -> SM-24024 | D66: ='1월'!D67 -> 45681 | E66: ='1월'!E67 -> 일원병원 | F66: ='1월'!F67 -> 묵동 | G66: ='1월'!G67 -> MA | H66: ='1월'!H67 -> 월간 | I66: ='1월'!I67 -> 1월 유지정비료 - 2/12회 | J66: ='1월'!J67 -> 1 | K66: ='1월'!K67 -> 500000 | ... S66: ='1월'!S67 -> 천범석
A67: . | B67: ='1월'!B68 -> SM-25005 | D67: ='1월'!D68 -> 45681 | E67: ='1월'!E68 -> 고영 | G67: ='1월'!G68 -> MA | H67: ='1월'!H68 -> 월간 | I67: ='1월'!I68 -> 1월 유지정비료 - 1/12회 | J67: ='1월'!J68 -> 1 | K67: ='1월'!K68 -> 1400000 | L67: ='1월'!L68 -> 1400000 | M67: ='1월'!M68 -> 140000 | N67: ='1월'!N68 -> 1540000 | ... S67: ='1월'!S68 -> 홍승민 | U67: =Q67/L67 -> 0.64285714
A68: . | B68: ='1월'!B69 -> SB-23012 | C68: ='1월'!C69 -> ZKFUER | D68: ='1월'!D69 -> 45681 | E68: ='1월'!E69 -> 솔리드시스템 | F68: ='1월'!F69 -> 국립기상과학원 | G68: ='1월'!G69 -> MA | H68: ='1월'!H69 -> 월간-레노버 | I68: ='1월'!I69 -> 1월 유지정비료 - 25/37회 | ... S68: ='1월'!S69 -> 천범석
A69: . | B69: ='1월'!B70 -> SB-25004 | C69: ='1월'!C70 -> ZDCPQK | D69: ='1월'!D70 -> 45681 | E69: ='1월'!E70 -> 솔리드시스템 | F69: ='1월'!F70 -> 삼성중공업 | G69: ='1월'!G70 -> MA | H69: ='1월'!H70 -> 월간-레노버 | I69: ='1월'!I70 -> 1월 유지정비료 - 1/12회 | ... S69: ='1월'!S70 -> 천범석
A70: . | B70: ='1월'!B71 -> IK-22023 | D70: ='1월'!D71 -> 45681 | E70: ='1월'!E71 -> 로인아이티 | F70: ='1월'!F71 -> 성원제강 | G70: ='1월'!G71 -> MA | H70: ='1월'!H71 -> 월간-IBM | I70: ='1월'!I71 -> 1월 유지정비료 - 22/36회 | J70: ='1월'!J71 -> 1 | K70: ='1월'!K71 -> 180000 | ... S70: ='1월'!S71 -> 천범석
A71: . | B71: ='1월'!B72 -> IK-22021 | D71: ='1월'!D72 -> 45681 | E71: ='1월'!E72 -> 로인아이티 | F71: ='1월'!F72 -> 문배철강 | G71: ='1월'!G72 -> MA | H71: ='1월'!H72 -> 월간-IBM | I71: ='1월'!I72 -> 1월 유지정비료 - 22/36회 | J71: ='1월'!J72 -> 1 | K71: ='1월'!K72 -> 240000 | ... S71: ='1월'!S72 -> 천범석
A72: . | B72: ='1월'!B73 -> IK-24002 | D72: ='1월'!D73 -> 45681 | E72: ='1월'!E73 -> 로인아이티 | F72: ='1월'!F73 -> 교세라커넥터프로덕츠코리아 | G72: ='1월'!G73 -> MA | H72: ='1월'!H73 -> 월간-IBM | I72: ='1월'!I73 -> 1월 유지정비료 - 12/36회 | J72: ='1월'!J73 -> 1 | K72: ='1월'!K73 -> 77500 | ... S72: ='1월'!S73 -> 천범석
A73: . | B73: ='1월'!B74 -> SB-24040 | C73: ='1월'!C74 -> ZBJK3I | D73: ='1월'!D74 -> 45681 | E73: ='1월'!E74 -> 도담솔루션 | F73: ='1월'!F74 -> 호원대학교 | G73: ='1월'!G74 -> MA | H73: ='1월'!H74 -> 월간-레노버 | I73: ='1월'!I74 -> 1월 유지정비료 - 8/12회 | ... S73: ='1월'!S74 -> 천범석
A74: . | B74: ='1월'!B75 -> SM-23031 | D74: ='1월'!D75 -> 45681 | E74: ='1월'!E75 -> 온더보드 | F74: ='1월'!F75 -> 삼표 | G74: ='1월'!G75 -> MA | H74: ='1월'!H75 -> 월간 | I74: ='1월'!I75 -> 삼표 DB세이퍼 유지보수 - 1월(6/12회) | J74: ='1월'!J75 -> 1 | K74: ='1월'!K75 -> 1200000 | ... S74: ='1월'!S75 -> 이예지
A75: . | B75: ='1월'!B76 -> SB-23037 SB-23043 | C75: ='1월'!C76 -> Z2XAQY ZDSTPH | D75: ='1월'!D76 -> 45681 | E75: ='1월'!E76 -> 에이큐씨앤씨 | F75: ='1월'!F76 -> 한림대학교 | G75: ='1월'!G76 -> MA | H75: ='1월'!H76 -> 월간-레노버 | I75: ='1월'!I76 -> HW 1월 유지정비료 - 20/21회 | ... S75: ='1월'!S76 -> 천범석
A76: . | B76: ='1월'!B77 -> SB-23053 | C76: ='1월'!C77 -> Z41QIW | D76: ='1월'!D77 -> 45681 | E76: ='1월'!E77 -> 수원정보 | F76: ='1월'!F77 -> 신세계아이앤씨 | G76: ='1월'!G77 -> MA | H76: ='1월'!H77 -> 월간-레노버 | I76: ='1월'!I77 -> 1월 유지정비료 - 23/46회 | ... S76: ='1월'!S77 -> 천범석
A77: . | B77: ='1월'!B78 -> SB-24031 | C77: ='1월'!C78 -> ZKZDVZ | D77: ='1월'!D78 -> 45681 | E77: ='1월'!E78 -> 데이타메트렉스 | F77: ='1월'!F78 -> 롯데하이마트 | G77: ='1월'!G78 -> MA | H77: ='1월'!H78 -> 월간-레노버 | I77: ='1월'!I78 -> (HW) 1월 유지정비료 - 8/12회 | ... S77: ='1월'!S78 -> 천범석
A78: . | B78: ='1월'!B79 -> SB-24028 | C78: ='1월'!C79 -> ZCX01Z | D78: ='1월'!D79 -> 45681 | E78: ='1월'!E79 -> 다솜테크 | F78: ='1월'!F79 -> 대한산업보건협회 | G78: ='1월'!G79 -> MA | H78: ='1월'!H79 -> 월간-레노버 | I78: ='1월'!I79 -> 1월 유지정비료 - 9/12회 | ... S78: ='1월'!S79 -> 천범석
A79: . | B79: ='1월'!B80 -> SB-24044 | C79: ='1월'!C80 -> ZSWUX2 | D79: ='1월'!D80 -> 45681 | E79: ='1월'!E80 -> 다솜테크 | F79: ='1월'!F80 -> LX홀딩스 | G79: ='1월'!G80 -> MA | H79: ='1월'!H80 -> 월간-레노버 | I79: ='1월'!I80 -> 1월 유지정비료 - 7/12회 | ... S79: ='1월'!S80 -> 천범석
A80: . | B80: ='1월'!B81 -> SB-24046 | C80: ='1월'!C81 -> Z8LTG0 | D80: ='1월'!D81 -> 45681 | E80: ='1월'!E81 -> 다솜테크 | F80: ='1월'!F81 -> 웰컴저축은행 | G80: ='1월'!G81 -> MA | H80: ='1월'!H81 -> 월간-레노버 | I80: ='1월'!I81 -> 1월 유지정비료 - 6/12회 | ... S80: ='1월'!S81 -> 천범석
A81: . | B81: ='1월'!B82 -> SB-24061 | C81: ='1월'!C82 -> ZVVVON | D81: ='1월'!D82 -> 45681 | E81: ='1월'!E82 -> 다솜테크 | F81: ='1월'!F82 -> 롯데이노베이트(롯데정보통신) | G81: ='1월'!G82 -> MA | H81: ='1월'!H82 -> 월간-레노버 | I81: ='1월'!I82 -> 1월 유지정비료 - 1/12회 | ... S81: ='1월'!S82 -> 천범석
A82: . | B82: ='1월'!B83 -> SB-24063 | C82: ='1월'!C83 -> ZIR05U | D82: ='1월'!D83 -> 45681 | E82: ='1월'!E83 -> 다솜테크 | F82: ='1월'!F83 -> 이원(E1)컨테이너터미널 #1 | G82: ='1월'!G83 -> MA | H82: ='1월'!H83 -> 월간-레노버 | I82: ='1월'!I83 -> 1월 유지정비료 - 1/12회 | ... S82: ='1월'!S83 -> 천범석
B83: ='1월'!B84 -> SB-24063 | C83: ='1월'!C84 -> TAHXA0178 | E83: ='1월'!E84 -> 다솜테크 | F83: ='1월'!F84 -> 이원(E1)컨테이너터미널 #1 | G83: ='1월'!G84 -> MAPAC | H83: ='1월'!H84 -> 연간-레노버 | I83: ='1월'!I84 -> SW 연간유지정비료(25.01.01~25.12.31) | J83: ='1월'!J84 -> 1 | K83: ='1월'!K84 -> 7500000 | P83: ='1월'!P84 -> 레노버(1/1) 6,750,000 시스나인(1/2) 100중 50
A84: . | B84: ='1월'!B85 -> SB-24064 | C84: ='1월'!C85 -> ZOTN1N | D84: ='1월'!D85 -> 45681 | E84: ='1월'!E85 -> 다솜테크 | F84: ='1월'!F85 -> 이원(E1)컨테이너터미널 #2 | G84: ='1월'!G85 -> MA | H84: ='1월'!H85 -> 월간-레노버 | I84: ='1월'!I85 -> 1월 유지정비료 - 1/12회 | ... S84: ='1월'!S85 -> 천범석
A85: . | B85: ='1월'!B86 -> SB-24065 | C85: ='1월'!C86 -> ZDFIN7 | D85: ='1월'!D86 -> 45681 | E85: ='1월'!E86 -> 다솜테크 | F85: ='1월'!F86 -> 안산시청 | G85: ='1월'!G86 -> MA | H85: ='1월'!H86 -> 월간-레노버 | I85: ='1월'!I86 -> 1월 유지정비료 - 1/12회 | ... S85: ='1월'!S86 -> 천범석
A86: . | B86: ='1월'!B87 -> IK-24005 | D86: ='1월'!D87 -> 45681 | E86: ='1월'!E87 -> 엔콤 | F86: ='1월'!F87 -> 전북도시가스 | G86: ='1월'!G87 -> MA | H86: ='1월'!H87 -> 월간-IBM | I86: ='1월'!I87 -> 1월 유지정비료 - 10/12회 | J86: ='1월'!J87 -> 1 | K86: ='1월'!K87 -> 1366000 | ... S86: ='1월'!S87 -> 천범석
A87: . | B87: ='1월'!B88 -> IK-24006 | D87: ='1월'!D88 -> 45681 | E87: ='1월'!E88 -> 서부컨테이너터미널 | G87: ='1월'!G88 -> MA | H87: ='1월'!H88 -> 월간-IBM | I87: ='1월'!I88 -> 1월 유지정비료 - 9/24회 | J87: ='1월'!J88 -> 1 | K87: ='1월'!K88 -> 3916667 | L87: ='1월'!L88 -> 3916667 | M87: ='1월'!M88 -> 391667 | N87: ='1월'!N88 -> 4308334 | ... S87: ='1월'!S88 -> 홍승민
A88: . | B88: ='1월'!B89 -> SB-24027 | C88: ='1월'!C89 -> ZGTHWJ | D88: ='1월'!D89 -> 45681 | E88: ='1월'!E89 -> 시스템본 | F88: ='1월'!F89 -> 엘지유플러스 | G88: ='1월'!G89 -> MA | H88: ='1월'!H89 -> 월간-레노버 | I88: ='1월'!I89 -> 1월 유지정비료 - 9/32회 | ... S88: ='1월'!S89 -> 천범석
A89: . | B89: ='1월'!B90 -> SB-24034 | C89: ='1월'!C90 -> Z11I89 | D89: ='1월'!D90 -> 45681 | E89: ='1월'!E90 -> 씨원시스템 | F89: ='1월'!F90 -> 이녹스(패션그룹형지) | G89: ='1월'!G90 -> MA | H89: ='1월'!H90 -> 월간-레노버 | I89: ='1월'!I90 -> 1월 유지정비료 - 8/12회 | ... S89: ='1월'!S90 -> 천범석
A90: . | B90: ='1월'!B91 -> LI-24003 | C90: ='1월'!C91 -> ZE7QNO | D90: ='1월'!D91 -> 45681 | E90: ='1월'!E91 -> 지엔콤 | F90: ='1월'!F91 -> 전주교육대학교 | G90: ='1월'!G91 -> MA | H90: ='1월'!H91 -> 월간-레노버 | I90: ='1월'!I91 -> 1월 유지정비료 - 9/12회 | ... S90: ='1월'!S91 -> 천범석
A91: . | B91: ='1월'!B92 -> SB-24036 | D91: ='1월'!D92 -> 45681 | E91: ='1월'!E92 -> 나라정보 | F91: ='1월'!F92 -> 부국철강 | G91: ='1월'!G92 -> MA | H91: ='1월'!H92 -> 월간-IBM | I91: ='1월'!I92 -> 1월 유지정비료 - 9/32회 | J91: ='1월'!J92 -> 1 | K91: ='1월'!K92 -> 207000 | ... S91: ='1월'!S92 -> 천범석
A92: . | B92: ='1월'!B93 -> SM-24013 | D92: ='1월'!D93 -> 45681 | E92: ='1월'!E93 -> 비즈윈 | F92: ='1월'!F93 -> 한국소비자보호원 | G92: ='1월'!G93 -> MA | H92: ='1월'!H93 -> 월간 | I92: ='1월'!I93 -> 1월 유지정비료 - 10/21회 | J92: ='1월'!J93 -> 1 | K92: ='1월'!K93 -> 155000 | ... S92: ='1월'!S93 -> 이예지
A93: . | B93: ='1월'!B94 -> SB-24041 | C93: ='1월'!C94 -> ZNHTN1 | D93: ='1월'!D94 -> 45681 | E93: ='1월'!E94 -> 이비즈테크 | F93: ='1월'!F94 -> 초록우산어린이재단 | G93: ='1월'!G94 -> MA | H93: ='1월'!H94 -> 월간-레노버 | I93: ='1월'!I94 -> 1월 유지정비료 - 7/12회 | ... S93: ='1월'!S94 -> 천범석
A94: . | B94: ='1월'!B95 -> SM-23020 | C94: ='1월'!C95 -> ZZNUMY | D94: ='1월'!D95 -> 45681 | E94: ='1월'!E95 -> 현대종합금속 | F94: ='1월'!F95 -> 포항 | G94: ='1월'!G95 -> MA | H94: ='1월'!H95 -> 월간-IBM | I94: ='1월'!I95 -> 1월 유지정비료 - 7/12회 | ... S94: ='1월'!S95 -> 이예지
A95: . | B95: ='1월'!B96 -> SB-24052 | C95: ='1월'!C96 -> ZUIU6G | D95: ='1월'!D96 -> 45681 | E95: ='1월'!E96 -> 유티모스트 | F95: ='1월'!F96 -> 삼성중공업 | G95: ='1월'!G96 -> MA | H95: ='1월'!H96 -> 월간-레노버 | I95: ='1월'!I96 -> 1월 유지정비료 - 4/15회 | ... S95: ='1월'!S96 -> 천범석
A96: . | B96: ='1월'!B97 -> SB-24055 SB-24056 | C96: ='1월'!C97 -> ZP1BPN ZAXJCH | D96: ='1월'!D97 -> 45681 | E96: ='1월'!E97 -> 이룸정보 | F96: ='1월'!F97 -> 포스코 | G96: ='1월'!G97 -> MA | H96: ='1월'!H97 -> 월간-레노버 | I96: ='1월'!I97 -> 1월 유지정비료 - 1/12회 | ... S96: ='1월'!S97 -> 천범석
A97: . | B97: ='1월'!B98 -> SM-25010 | D97: ='1월'!D98 -> 45681 | E97: ='1월'!E98 -> 더블포인트 | F97: ='1월'!F98 -> 한미약품 | G97: ='1월'!G98 -> MA | H97: ='1월'!H98 -> 월간-IBM | I97: ='1월'!I98 -> 1월 유지정비료 - 1/12회 | J97: ='1월'!J98 -> 1 | K97: ='1월'!K98 -> 4761667 | ... S97: ='1월'!S98 -> 이예지
A98: . | B98: ='1월'!B99 -> SM-25011 | D98: ='1월'!D99 -> 45681 | E98: ='1월'!E99 -> 더블포인트 | F98: ='1월'!F99 -> 한미사이언스 | G98: ='1월'!G99 -> MA | H98: ='1월'!H99 -> 월간-IBM | I98: ='1월'!I99 -> 1월 유지정비료 - 1/12회 | J98: ='1월'!J99 -> 1 | K98: ='1월'!K99 -> 11210000 | ... S98: ='1월'!S99 -> 이예지
A99: . | B99: ='1월'!B100 -> SB-25001 | C99: ='1월'!C100 -> ZXRZHC | D99: ='1월'!D100 -> 45681 | E99: ='1월'!E100 -> 퓨처젠 | F99: ='1월'!F100 -> HB저축은행 | G99: ='1월'!G100 -> MA | H99: ='1월'!H100 -> 월간-레노버 | I99: ='1월'!I100 -> 1월 유지정비료 - 1/12회 | ... S99: ='1월'!S100 -> 천범석
A100: . | B100: ='1월'!B101 -> SM-25004 | D100: ='1월'!D101 -> 45681 | E100: ='1월'!E101 -> 인표산업 | G100: ='1월'!G101 -> MA | H100: ='1월'!H101 -> 월간 | I100: ='1월'!I101 -> 1월 유지정비료 - 1/12회 | J100: ='1월'!J101 -> 1 | K100: ='1월'!K101 -> 3611000 | L100: ='1월'!L101 -> 3611000 | M100: ='1월'!M101 -> 361100 | N100: ='1월'!N101 -> 3972100 | ... S100: ='1월'!S101 -> 홍승민
...

Sheet 분류
A2: [월별매출] | B2: 공급가액 | C2: 부가세 | D2: 합계 | E2: 건수 | F2: GP | J2: [개인별 매출] | K2: 이예지 | L2: 홍승민 | M2: 천범석 | N2: 이지훈 | O2: 정지우 | P2: 항목별소계 | R2: 오류체크 | S2: 오류차
A3: 1월 | B3: ='1월'!L129 -> 380620734 | C3: ='1월'!M129 -> 38062074 | D3: ='1월'!N129 -> 4.1868281e+08 | E3: ='1월'!D131 -> 115 | F3: ='1월'!Q129 -> 62686433 | I3: MA | J3: MA | K3: =SUMIFS(Master!$L$2:$L$779,Master!$S$2:$S$779,분류!K$2,Master!$G$2:$G$779,분류!$J3) -> 267060602 | L3: =SUMIFS(Master!$L$2:$L$779,Master!$S$2:$S$779,분류!L$2,Master!$G$2:$G$779,분류!$J3) -> 89662002 | M3: =SUMIFS(Master!$L$2:$L$779,Master!$S$2:$S$779,분류!M$2,Master!$G$2:$G$779,분류!$J3) -> 769518660 | N3: =SUMIFS(Master!$L$2:$L$779,Master!$S$2:$S$779,분류!N$2,Master!$G$2:$G$779,분류!$J3) -> 500000 | O3: =SUMIFS(Master!$L$2:$L$779,Master!$S$2:$S$779,분류!O$2,Master!$G$2:$G$779,분류!$J3) -> 0 | P3: =SUM(K3:O3) -> 1126741264 | R3: =IF(B20=P11,"OK","F") -> OK | S3: =B20-P11 -> 0
A4: 2월 | B4: ='2월'!L134 -> 231155498 | C4: ='2월'!M134 -> 23115550 | D4: ='2월'!N134 -> 2.5427105e+08 | E4: ='2월'!D136 -> 117 | F4: ='2월'!Q134 -> 53454099 | J4: MAPAC | K4: =SUMIFS(Master!$L$2:$L$779,Master!$S$2:$S$779,분류!K$2,Master!$G$2:$G$779,분류!$J4) -> 0 | L4: =SUMIFS(Master!$L$2:$L$779,Master!$S$2:$S$779,분류!L$2,Master!$G$2:$G$779,분류!$J4) -> 0 | M4: =SUMIFS(Master!$L$2:$L$779,Master!$S$2:$S$779,분류!M$2,Master!$G$2:$G$779,분류!$J4) -> 43137000 | N4: =SUMIFS(Master!$L$2:$L$779,Master!$S$2:$S$779,분류!N$2,Master!$G$2:$G$779,분류!$J4) -> 0 | O4: =SUMIFS(Master!$L$2:$L$779,Master!$S$2:$S$779,분류!O$2,Master!$G$2:$G$779,분류!$J4) -> 0 | P4: =SUM(K4:O4) -> 43137000
A5: 3월 | B5: ='3월'!L126 -> 285300289 | C5: ='3월'!M126 -> 28530029 | D5: ='3월'!N126 -> 3.1383032e+08 | E5: ='3월'!D128 -> 115 | F5: ='3월'!Q126 -> 56080695 | G5: =SUM(B3:B5) -> 897076521 | J5: WSU | K5: =SUMIFS(Master!$L$2:$L$779,Master!$S$2:$S$779,분류!K$2,Master!$G$2:$G$779,분류!$J5) -> 0 | L5: =SUMIFS(Master!$L$2:$L$779,Master!$S$2:$S$779,분류!L$2,Master!$G$2:$G$779,분류!$J5) -> 0 | M5: =SUMIFS(Master!$L$2:$L$779,Master!$S$2:$S$779,분류!M$2,Master!$G$2:$G$779,분류!$J5) -> 13000000 | N5: =SUMIFS(Master!$L$2:$L$779,Master!$S$2:$S$779,분류!N$2,Master!$G$2:$G$779,분류!$J5) -> 0 | O5: =SUMIFS(Master!$L$2:$L$779,Master!$S$2:$S$779,분류!O$2,Master!$G$2:$G$779,분류!$J5) -> 0 | P5: =SUM(K5:O5) -> 13000000
A6: 4월 | B6: ='4월'!L142 -> 274111414 | C6: ='4월'!M142 -> 27411142 | D6: ='4월'!N142 -> 3.0152256e+08 | E6: ='4월'!D144 -> 119 | F6: ='4월'!Q142 -> 53721843 | I6: 건물임대 | J6: 건물임대 | K6: =SUMIFS(Master!$L$2:$L$779,Master!$S$2:$S$779,분류!K$2,Master!$G$2:$G$779,분류!$J6) -> 0 | L6: =SUMIFS(Master!$L$2:$L$779,Master!$S$2:$S$779,분류!L$2,Master!$G$2:$G$779,분류!$J6) -> 0 | M6: =SUMIFS(Master!$L$2:$L$779,Master!$S$2:$S$779,분류!M$2,Master!$G$2:$G$779,분류!$J6) -> 0 | N6: =SUMIFS(Master!$L$2:$L$779,Master!$S$2:$S$779,분류!N$2,Master!$G$2:$G$779,분류!$J6) -> 0 | O6: =SUMIFS(Master!$L$2:$L$779,Master!$S$2:$S$779,분류!O$2,Master!$G$2:$G$779,분류!$J6) -> 80084794 | P6: =SUM(K6:O6) -> 80084794
A7: 5월 | B7: ='5월'!L120 -> 207663334 | C7: ='5월'!M120 -> 20766334 | D7: ='5월'!N120 -> 2.2842967e+08 | E7: ='5월'!D122 -> 109 | F7: ='5월'!Q120 -> 42257024 | I7: 상품 | J7: 상품 | K7: =SUMIFS(Master!$L$2:$L$779,Master!$S$2:$S$779,분류!K$2,Master!$G$2:$G$779,분류!$J7) -> 92306000 | L7: =SUMIFS(Master!$L$2:$L$779,Master!$S$2:$S$779,분류!L$2,Master!$G$2:$G$779,분류!$J7) -> 207424000 | M7: =SUMIFS(Master!$L$2:$L$779,Master!$S$2:$S$779,분류!M$2,Master!$G$2:$G$779,분류!$J7) -> 93178000 | N7: =SUMIFS(Master!$L$2:$L$779,Master!$S$2:$S$779,분류!N$2,Master!$G$2:$G$779,분류!$J7) -> 43123000 | O7: =SUMIFS(Master!$L$2:$L$779,Master!$S$2:$S$779,분류!O$2,Master!$G$2:$G$779,분류!$J7) -> 0 | P7: =SUM(K7:O7) -> 436031000
A8: 6월 | B8: ='6월'!L149 -> 331652789 | C8: ='6월'!M149 -> 33165279 | D8: ='6월'!N149 -> 3.6481807e+08 | E8: ='6월'!D149 -> 127 | F8: ='6월'!Q147 -> 73097157 | G8: =SUM(B6:B8) -> 813427537 | J8: 장비임대 | K8: =SUMIFS(Master!$L$2:$L$779,Master!$S$2:$S$779,분류!K$2,Master!$G$2:$G$779,분류!$J8) -> 0 | L8: =SUMIFS(Master!$L$2:$L$779,Master!$S$2:$S$779,분류!L$2,Master!$G$2:$G$779,분류!$J8) -> 4210000 | M8: =SUMIFS(Master!$L$2:$L$779,Master!$S$2:$S$779,분류!M$2,Master!$G$2:$G$779,분류!$J8) -> 7100000 | N8: =SUMIFS(Master!$L$2:$L$779,Master!$S$2:$S$779,분류!N$2,Master!$G$2:$G$779,분류!$J8) -> 200000 | O8: =SUMIFS(Master!$L$2:$L$779,Master!$S$2:$S$779,분류!O$2,Master!$G$2:$G$779,분류!$J8) -> 0 | P8: =SUM(K8:O8) -> 11510000
A9: 7월 | J9: 수출 | M9: =B18 -> 0 | P9: =SUM(K9:O9) -> 0
A10: 8월 | J10: 카드/현금 | M10: =B17 -> 0 | P10: =SUM(K10:O10) -> 0
A11: 9월 | J11: 개인별 매출계 | K11: =SUM(K3:K10) -> 359366602 | L11: =SUM(L3:L10) -> 301296002 | M11: =SUM(M3:M10) -> 925933660 | N11: =SUM(N3:N10) -> 43823000 | O11: =SUM(O3:O10) -> 80084794 | P11: =ROUNDDOWN(SUM(K11:O11),0) -> 1710504058
A12: 10월
A13: 11월 | J13: [개인별 GP] | K13: 이예지 | L13: 홍승민 | M13: 천범석 | N13: 이지훈 | O13: 정지우 | P13: 항목별소계 | R13: 오류체크 | S13: 오류차
A14: 12월 | I14: MA | J14: MA | K14: =SUMIFS(Master!$Q$2:$Q$779,Master!$S$2:$S$779,분류!K$13,Master!$G$2:$G$779,분류!$J14) -> 42978704 | L14: =SUMIFS(Master!$Q$2:$Q$779,Master!$S$2:$S$779,분류!L$13,Master!$G$2:$G$779,분류!$J14) -> 37861465 | M14: =SUMIFS(Master!$Q$2:$Q$779,Master!$S$2:$S$779,분류!M$13,Master!$G$2:$G$779,분류!$J14) -> 1.0062504e+08 | N14: =SUMIFS(Master!$Q$2:$Q$779,Master!$S$2:$S$779,분류!N$13,Master!$G$2:$G$779,분류!$J14) -> 500000 | O14: =SUMIFS(Master!$Q$2:$Q$779,Master!$S$2:$S$779,분류!O$13,Master!$G$2:$G$779,분류!$J14) -> 0 | P14: =SUM(K14:O14) -> 181965214 | R14: =IF(F20=P22,"OK","F") -> OK | S14: =F20-P22 -> 0
A15: 계산서합 | B15: =SUM(B3:B14) -> 1710504058 | C15: =SUM(C3:C14) -> 1.7105041e+08 | D15: =SUM(D3:D14) -> 1.8815545e+09 | E15: =SUM(E3:E14) -> 702 | F15: =SUM(F3:F14) -> 3.4129725e+08 | J15: MAPAC | K15: =SUMIFS(Master!$Q$2:$Q$779,Master!$S$2:$S$779,분류!K$13,Master!$G$2:$G$779,분류!$J15) -> 0 | L15: =SUMIFS(Master!$Q$2:$Q$779,Master!$S$2:$S$779,분류!L$13,Master!$G$2:$G$779,분류!$J15) -> 0 | M15: =SUMIFS(Master!$Q$2:$Q$779,Master!$S$2:$S$779,분류!M$13,Master!$G$2:$G$779,분류!$J15) -> 3886847 | N15: =SUMIFS(Master!$Q$2:$Q$779,Master!$S$2:$S$779,분류!N$13,Master!$G$2:$G$779,분류!$J15) -> 0 | O15: =SUMIFS(Master!$Q$2:$Q$779,Master!$S$2:$S$779,분류!O$13,Master!$G$2:$G$779,분류!$J15) -> 0 | P15: =SUM(K15:O15) -> 3886847
J16: WSU | K16: =SUMIFS(Master!$Q$2:$Q$779,Master!$S$2:$S$779,분류!K$13,Master!$G$2:$G$779,분류!$J16) -> 0 | L16: =SUMIFS(Master!$Q$2:$Q$779,Master!$S$2:$S$779,분류!L$13,Master!$G$2:$G$779,분류!$J16) -> 0 | M16: =SUMIFS(Master!$Q$2:$Q$779,Master!$S$2:$S$779,분류!M$13,Master!$G$2:$G$779,분류!$J16) -> 6888172 | N16: =SUMIFS(Master!$Q$2:$Q$779,Master!$S$2:$S$779,분류!N$13,Master!$G$2:$G$779,분류!$J16) -> 0 | O16: =SUMIFS(Master!$Q$2:$Q$779,Master!$S$2:$S$779,분류!O$13,Master!$G$2:$G$779,분류!$J16) -> 0 | P16: =SUM(K16:O16) -> 6888172
A17: 카드/현금 | I17: 건물임대 | J17: 건물임대 | K17: =SUMIFS(Master!$Q$2:$Q$779,Master!$S$2:$S$779,분류!K$13,Master!$G$2:$G$779,분류!$J17) -> 0 | L17: =SUMIFS(Master!$Q$2:$Q$779,Master!$S$2:$S$779,분류!L$13,Master!$G$2:$G$779,분류!$J17) -> 0 | M17: =SUMIFS(Master!$Q$2:$Q$779,Master!$S$2:$S$779,분류!M$13,Master!$G$2:$G$779,분류!$J17) -> 0 | N17: =SUMIFS(Master!$Q$2:$Q$779,Master!$S$2:$S$779,분류!N$13,Master!$G$2:$G$779,분류!$J17) -> 0 | O17: =SUMIFS(Master!$Q$2:$Q$779,Master!$S$2:$S$779,분류!O$13,Master!$G$2:$G$779,분류!$J17) -> 80084794 | P17: =SUM(K17:O17) -> 80084794
A18: 수출 | I18: 상품 | J18: 상품 | K18: =SUMIFS(Master!$Q$2:$Q$779,Master!$S$2:$S$779,분류!K$13,Master!$G$2:$G$779,분류!$J18) -> 2050090.5 | L18: =SUMIFS(Master!$Q$2:$Q$779,Master!$S$2:$S$779,분류!L$13,Master!$G$2:$G$779,분류!$J18) -> 44965084 | M18: =SUMIFS(Master!$Q$2:$Q$779,Master!$S$2:$S$779,분류!M$13,Master!$G$2:$G$779,분류!$J18) -> 12592197 | N18: =SUMIFS(Master!$Q$2:$Q$779,Master!$S$2:$S$779,분류!N$13,Master!$G$2:$G$779,분류!$J18) -> 3997853 | O18: =SUMIFS(Master!$Q$2:$Q$779,Master!$S$2:$S$779,분류!O$13,Master!$G$2:$G$779,분류!$J18) -> 0 | P18: =SUM(K18:O18) -> 63605225
J19: 장비임대 | K19: =SUMIFS(Master!$Q$2:$Q$779,Master!$S$2:$S$779,분류!K$13,Master!$G$2:$G$779,분류!$J19) -> 0 | L19: =SUMIFS(Master!$Q$2:$Q$779,Master!$S$2:$S$779,분류!L$13,Master!$G$2:$G$779,분류!$J19) -> 4035000 | M19: =SUMIFS(Master!$Q$2:$Q$779,Master!$S$2:$S$779,분류!M$13,Master!$G$2:$G$779,분류!$J19) -> 632000 | N19: =SUMIFS(Master!$Q$2:$Q$779,Master!$S$2:$S$779,분류!N$13,Master!$G$2:$G$779,분류!$J19) -> 200000 | O19: =SUMIFS(Master!$Q$2:$Q$779,Master!$S$2:$S$779,분류!O$13,Master!$G$2:$G$779,분류!$J19) -> 0 | P19: =SUM(K19:O19) -> 4867000
A20: 연매출 | B20: =ROUNDDOWN(SUM(B15,B17,B18),0) -> 1710504058 | C20: =SUM(C15,C17,C18) -> 1.7105041e+08 | D20: =SUM(D15,D17,D18) -> 1.8815545e+09 | E20: =SUM(E15,E17,E18) -> 702 | F20: =ROUNDDOWN(SUM(F15,F17,F18),0) -> 341297251 | J20: 수출 | L20: 0 | M20: =F18 -> 0 | N20: 0 | O20: 0 | P20: =SUM(K20:O20) -> 0
J21: 카드/현금 | M21: =F17 -> 0 | P21: =SUM(K21:O21) -> 0
J22: 개인별 GP계 | K22: =SUM(K14:K21) -> 45028795 | L22: =SUM(L14:L21) -> 86861550 | M22: =SUM(M14:M21) -> 1.2462426e+08 | N22: =SUM(N14:N21) -> 4697853 | O22: =SUM(O14:O21) -> 80084794 | P22: =ROUNDDOWN(SUM(K22:O22),0) -> 341297251
P23: =P22/P11 -> 0.19953022
A24: Rank | B24: [업체별 매출] | C24: 합계 | D24: 상품 | E24: MA | F24: MAPAC | G24: WSU | H24: 장비임대 | I24: 건물임대 | J24: GP | K24: 수익율 | R24: 오류체크 | S24: 오류차
C25: =ROUNDDOWN(SUM(C26:C184),0) -> 1710504058 | D25: =ROUNDDOWN(SUM(D26:D184),0) -> 436031000 | E25: =ROUNDDOWN(SUM(E26:E184),0) -> 1126741264 | F25: =ROUNDDOWN(SUM(F26:F184),0) -> 43137000 | G25: =ROUNDDOWN(SUM(G26:G184),0) -> 13000000 | H25: =ROUNDDOWN(SUM(H26:H184),0) -> 11510000 | I25: =ROUNDDOWN(SUM(I26:I184),0) -> 80084794 | J25: =ROUNDDOWN(SUM(J26:J184),0) -> 341297251 | K25: =J25/C25 -> 0.19953022 | R25: =IF(B20=C25,"OK","F") -> OK | S25: =B20-C25 -> 0
A26: =RANK(C26,$C$26:$C$184,0) -> 89 | B26: 가나병원 | C26: =SUMIF(Master!$E$2:$E$779,분류!B26,Master!$L$2:$L$779) -> 1800000 | D26: =SUMIFS(Master!$L$2:$L$779,Master!$E$2:$E$779,분류!B26,Master!$G$2:$G$779,분류!$D$24) -> 0 | E26: =SUMIFS(Master!$L$2:$L$779,Master!$E$2:$E$779,분류!B26,Master!$G$2:$G$779,분류!$E$24) -> 1800000 | F26: =SUMIFS(Master!$L$2:$L$779,Master!$E$2:$E$779,분류!B26,Master!$G$2:$G$779,분류!$F$24) -> 0 | G26: =SUMIFS(Master!$L$2:$L$779,Master!$E$2:$E$779,분류!B26,Master!$G$2:$G$779,분류!$G$24) -> 0 | H26: =SUMIFS(Master!$L$2:$L$779,Master!$E$2:$E$779,분류!B26,Master!$G$2:$G$779,분류!$H$24) -> 0 | I26: =SUMIFS(Master!$L$2:$L$779,Master!$E$2:$E$779,분류!B26,Master!$G$2:$G$779,분류!$I$24) -> 0 | J26: =SUMIF(Master!$E$2:$E$779,분류!B26,Master!$Q$2:$Q$779) -> 1800000
A27: =RANK(C27,$C$26:$C$184,0) -> 72 | B27: 일원병원 | C27: =SUMIF(Master!$E$2:$E$779,분류!B27,Master!$L$2:$L$779) -> 3140000 | D27: =SUMIFS(Master!$L$2:$L$779,Master!$E$2:$E$779,분류!B27,Master!$G$2:$G$779,분류!$D$24) -> 140000 | E27: =SUMIFS(Master!$L$2:$L$779,Master!$E$2:$E$779,분류!B27,Master!$G$2:$G$779,분류!$E$24) -> 3000000 | F27: =SUMIFS(Master!$L$2:$L$779,Master!$E$2:$E$779,분류!B27,Master!$G$2:$G$779,분류!$F$24) -> 0 | G27: =SUMIFS(Master!$L$2:$L$779,Master!$E$2:$E$779,분류!B27,Master!$G$2:$G$779,분류!$G$24) -> 0 | H27: =SUMIFS(Master!$L$2:$L$779,Master!$E$2:$E$779,분류!B27,Master!$G$2:$G$779,분류!$H$24) -> 0 | I27: =SUMIFS(Master!$L$2:$L$779,Master!$E$2:$E$779,분류!B27,Master!$G$2:$G$779,분류!$I$24) -> 0 | J27: =SUMIF(Master!$E$2:$E$779,분류!B27,Master!$Q$2:$Q$779) -> 2336400
A28: =RANK(C28,$C$26:$C$184,0) -> 11 | B28: 고영 | C28: =SUMIF(Master!$E$2:$E$779,분류!B28,Master!$L$2:$L$779) -> 46063000 | D28: =SUMIFS(Master!$L$2:$L$779,Master!$E$2:$E$779,분류!B28,Master!$G$2:$G$779,분류!$D$24) -> 37663000 | E28: =SUMIFS(Master!$L$2:$L$779,Master!$E$2:$E$779,분류!B28,Master!$G$2:$G$779,분류!$E$24) -> 8400000 | F28: =SUMIFS(Master!$L$2:$L$779,Master!$E$2:$E$779,분류!B28,Master!$G$2:$G$779,분류!$F$24) -> 0 | G28: =SUMIFS(Master!$L$2:$L$779,Master!$E$2:$E$779,분류!B28,Master!$G$2:$G$779,분류!$G$24) -> 0 | H28: =SUMIFS(Master!$L$2:$L$779,Master!$E$2:$E$779,분류!B28,Master!$G$2:$G$779,분류!$H$24) -> 0 | I28: =SUMIFS(Master!$L$2:$L$779,Master!$E$2:$E$779,분류!B28,Master!$G$2:$G$779,분류!$I$24) -> 0 | J28: =SUMIF(Master!$E$2:$E$779,분류!B28,Master!$Q$2:$Q$779) -> 8597653
A29: =RANK(C29,$C$26:$C$184,0) -> 23 | B29: 서부컨테이너터미널 | C29: =SUMIF(Master!$E$2:$E$779,분류!B29,Master!$L$2:$L$779) -> 23500002 | D29: =SUMIFS(Master!$L$2:$L$779,Master!$E$2:$E$779,분류!B29,Master!$G$2:$G$779,분류!$D$24) -> 0 | E29: =SUMIFS(Master!$L$2:$L$779,Master!$E$2:$E$779,분류!B29,Master!$G$2:$G$779,분류!$E$24) -> 23500002 | F29: =SUMIFS(Master!$L$2:$L$779,Master!$E$2:$E$779,분류!B29,Master!$G$2:$G$779,분류!$F$24) -> 0 | G29: =SUMIFS(Master!$L$2:$L$779,Master!$E$2:$E$779,분류!B29,Master!$G$2:$G$779,분류!$G$24) -> 0 | H29: =SUMIFS(Master!$L$2:$L$779,Master!$E$2:$E$779,분류!B29,Master!$G$2:$G$779,분류!$H$24) -> 0 | I29: =SUMIFS(Master!$L$2:$L$779,Master!$E$2:$E$779,분류!B29,Master!$G$2:$G$779,분류!$I$24) -> 0 | J29: =SUMIF(Master!$E$2:$E$779,분류!B29,Master!$Q$2:$Q$779) -> 2685331.3
A30: =RANK(C30,$C$26:$C$184,0) -> 97 | B30: 나라정보 | C30: =SUMIF(Master!$E$2:$E$779,분류!B30,Master!$L$2:$L$779) -> 1242000 | D30: =SUMIFS(Master!$L$2:$L$779,Master!$E$2:$E$779,분류!B30,Master!$G$2:$G$779,분류!$D$24) -> 0 | E30: =SUMIFS(Master!$L$2:$L$779,Master!$E$2:$E$779,분류!B30,Master!$G$2:$G$779,분류!$E$24) -> 1242000 | F30: =SUMIFS(Master!$L$2:$L$779,Master!$E$2:$E$779,분류!B30,Master!$G$2:$G$779,분류!$F$24) -> 0 | G30: =SUMIFS(Master!$L$2:$L$779,Master!$E$2:$E$779,분류!B30,Master!$G$2:$G$779,분류!$G$24) -> 0 | H30: =SUMIFS(Master!$L$2:$L$779,Master!$E$2:$E$779,분류!B30,Master!$G$2:$G$779,분류!$H$24) -> 0 | I30: =SUMIFS(Master!$L$2:$L$779,Master!$E$2:$E$779,분류!B30,Master!$G$2:$G$779,분류!$I$24) -> 0 | J30: =SUMIF(Master!$E$2:$E$779,분류!B30,Master!$Q$2:$Q$779) -> 96906
A31: =RANK(C31,$C$26:$C$184,0) -> 71 | B31: 나우테크 | C31: =SUMIF(Master!$E$2:$E$779,분류!B31,Master!$L$2:$L$779) -> 3200000 | D31: =SUMIFS(Master!$L$2:$L$779,Master!$E$2:$E$779,분류!B31,Master!$G$2:$G$779,분류!$D$24) -> 0 | E31: =SUMIFS(Master!$L$2:$L$779,Master!$E$2:$E$779,분류!B31,Master!$G$2:$G$779,분류!$E$24) -> 0 | F31: =SUMIFS(Master!$L$2:$L$779,Master!$E$2:$E$779,분류!B31,Master!$G$2:$G$779,분류!$F$24) -> 3200000 | G31: =SUMIFS(Master!$L$2:$L$779,Master!$E$2:$E$779,분류!B31,Master!$G$2:$G$779,분류!$G$24) -> 0 | H31: =SUMIFS(Master!$L$2:$L$779,Master!$E$2:$E$779,분류!B31,Master!$G$2:$G$779,분류!$H$24) -> 0 | I31: =SUMIFS(Master!$L$2:$L$779,Master!$E$2:$E$779,분류!B31,Master!$G$2:$G$779,분류!$I$24) -> 0 | J31: =SUMIF(Master!$E$2:$E$779,분류!B31,Master!$Q$2:$Q$779) -> 575680
A32: =RANK(C32,$C$26:$C$184,0) -> 103 | B32: 넷매니아 | C32: =SUMIF(Master!$E$2:$E$779,분류!B32,Master!$L$2:$L$779) -> 1050000 | D32: =SUMIFS(Master!$L$2:$L$779,Master!$E$2:$E$779,분류!B32,Master!$G$2:$G$779,분류!$D$24) -> 1050000 | E32: =SUMIFS(Master!$L$2:$L$779,Master!$E$2:$E$779,분류!B32,Master!$G$2:$G$779,분류!$E$24) -> 0 | F32: =SUMIFS(Master!$L$2:$L$779,Master!$E$2:$E$779,분류!B32,Master!$G$2:$G$779,분류!$F$24) -> 0 | G32: =SUMIFS(Master!$L$2:$L$779,Master!$E$2:$E$779,분류!B32,Master!$G$2:$G$779,분류!$G$24) -> 0 | H32: =SUMIFS(Master!$L$2:$L$779,Master!$E$2:$E$779,분류!B32,Master!$G$2:$G$779,분류!$H$24) -> 0 | I32: =SUMIFS(Master!$L$2:$L$779,Master!$E$2:$E$779,분류!B32,Master!$G$2:$G$779,분류!$I$24) -> 0 | J32: =SUMIF(Master!$E$2:$E$779,분류!B32,Master!$Q$2:$Q$779) -> 250000
A33: =RANK(C33,$C$26:$C$184,0) -> 7 | B33: 다솜테크 | C33: =SUMIF(Master!$E$2:$E$779,분류!B33,Master!$L$2:$L$779) -> 56423350 | D33: =SUMIFS(Master!$L$2:$L$779,Master!$E$2:$E$779,분류!B33,Master!$G$2:$G$779,분류!$D$24) -> 17000000 | E33: =SUMIFS(Master!$L$2:$L$779,Master!$E$2:$E$779,분류!B33,Master!$G$2:$G$779,분류!$E$24) -> 39423350 | F33: =SUMIFS(Master!$L$2:$L$779,Master!$E$2:$E$779,분류!B33,Master!$G$2:$G$779,분류!$F$24) -> 0 | G33: =SUMIFS(Master!$L$2:$L$779,Master!$E$2:$E$779,분류!B33,Master!$G$2:$G$779,분류!$G$24) -> 0 | H33: =SUMIFS(Master!$L$2:$L$779,Master!$E$2:$E$779,분류!B33,Master!$G$2:$G$779,분류!$H$24) -> 0 | I33: =SUMIFS(Master!$L$2:$L$779,Master!$E$2:$E$779,분류!B33,Master!$G$2:$G$779,분류!$I$24) -> 0 | J33: =SUMIF(Master!$E$2:$E$779,분류!B33,Master!$Q$2:$Q$779) -> 3422690
A34: =RANK(C34,$C$26:$C$184,0) -> 70 | B34: 다올시스 | C34: =SUMIF(Master!$E$2:$E$779,분류!B34,Master!$L$2:$L$779) -> 3316000 | D34: =SUMIFS(Master!$L$2:$L$779,Master!$E$2:$E$779,분류!B34,Master!$G$2:$G$779,분류!$D$24) -> 1000000 | E34: =SUMIFS(Master!$L$2:$L$779,Master!$E$2:$E$779,분류!B34,Master!$G$2:$G$779,분류!$E$24) -> 2316000 | F34: =SUMIFS(Master!$L$2:$L$779,Master!$E$2:$E$779,분류!B34,Master!$G$2:$G$779,분류!$F$24) -> 0 | G34: =SUMIFS(Master!$L$2:$L$779,Master!$E$2:$E$779,분류!B34,Master!$G$2:$G$779,분류!$G$24) -> 0 | H34: =SUMIFS(Master!$L$2:$L$779,Master!$E$2:$E$779,분류!B34,Master!$G$2:$G$779,분류!$H$24) -> 0 | I34: =SUMIFS(Master!$L$2:$L$779,Master!$E$2:$E$779,분류!B34,Master!$G$2:$G$779,분류!$I$24) -> 0 | J34: =SUMIF(Master!$E$2:$E$779,분류!B34,Master!$Q$2:$Q$779) -> 639400
A35: =RANK(C35,$C$26:$C$184,0) -> 22 | B35: 다올앤씨 | C35: =SUMIF(Master!$E$2:$E$779,분류!B35,Master!$L$2:$L$779) -> 23600000 | D35: =SUMIFS(Master!$L$2:$L$779,Master!$E$2:$E$779,분류!B35,Master!$G$2:$G$779,분류!$D$24) -> 23600000 | E35: =SUMIFS(Master!$L$2:$L$779,Master!$E$2:$E$779,분류!B35,Master!$G$2:$G$779,분류!$E$24) -> 0 | F35: =SUMIFS(Master!$L$2:$L$779,Master!$E$2:$E$779,분류!B35,Master!$G$2:$G$779,분류!$F$24) -> 0 | G35: =SUMIFS(Master!$L$2:$L$779,Master!$E$2:$E$779,분류!B35,Master!$G$2:$G$779,분류!$G$24) -> 0 | H35: =SUMIFS(Master!$L$2:$L$779,Master!$E$2:$E$779,분류!B35,Master!$G$2:$G$779,분류!$H$24) -> 0 | I35: =SUMIFS(Master!$L$2:$L$779,Master!$E$2:$E$779,분류!B35,Master!$G$2:$G$779,분류!$I$24) -> 0 | J35: =SUMIF(Master!$E$2:$E$779,분류!B35,Master!$Q$2:$Q$779) -> 6785000
A36: =RANK(C36,$C$26:$C$184,0) -> 109 | B36: 대신네트웍스 | C36: =SUMIF(Master!$E$2:$E$779,분류!B36,Master!$L$2:$L$779) -> 835000 | D36: =SUMIFS(Master!$L$2:$L$779,Master!$E$2:$E$779,분류!B36,Master!$G$2:$G$779,분류!$D$24) -> 0 | E36: =SUMIFS(Master!$L$2:$L$779,Master!$E$2:$E$779,분류!B36,Master!$G$2:$G$779,분류!$E$24) -> 835000 | F36: =SUMIFS(Master!$L$2:$L$779,Master!$E$2:$E$779,분류!B36,Master!$G$2:$G$779,분류!$F$24) -> 0 | G36: =SUMIFS(Master!$L$2:$L$779,Master!$E$2:$E$779,분류!B36,Master!$G$2:$G$779,분류!$G$24) -> 0 | H36: =SUMIFS(Master!$L$2:$L$779,Master!$E$2:$E$779,분류!B36,Master!$G$2:$G$779,분류!$H$24) -> 0 | I36: =SUMIFS(Master!$L$2:$L$779,Master!$E$2:$E$779,분류!B36,Master!$G$2:$G$779,분류!$I$24) -> 0 | J36: =SUMIF(Master!$E$2:$E$779,분류!B36,Master!$Q$2:$Q$779) -> 140200
A37: =RANK(C37,$C$26:$C$184,0) -> 17 | B37: 파워시스 | C37: =SUMIF(Master!$E$2:$E$779,분류!B37,Master!$L$2:$L$779) -> 34888000 | D37: =SUMIFS(Master!$L$2:$L$779,Master!$E$2:$E$779,분류!B37,Master!$G$2:$G$779,분류!$D$24) -> 1450000 | E37: =SUMIFS(Master!$L$2:$L$779,Master!$E$2:$E$779,분류!B37,Master!$G$2:$G$779,분류!$E$24) -> 33438000 | F37: =SUMIFS(Master!$L$2:$L$779,Master!$E$2:$E$779,분류!B37,Master!$G$2:$G$779,분류!$F$24) -> 0 | G37: =SUMIFS(Master!$L$2:$L$779,Master!$E$2:$E$779,분류!B37,Master!$G$2:$G$779,분류!$G$24) -> 0 | H37: =SUMIFS(Master!$L$2:$L$779,Master!$E$2:$E$779,분류!B37,Master!$G$2:$G$779,분류!$H$24) -> 0 | I37: =SUMIFS(Master!$L$2:$L$779,Master!$E$2:$E$779,분류!B37,Master!$G$2:$G$779,분류!$I$24) -> 0 | J37: =SUMIF(Master!$E$2:$E$779,분류!B37,Master!$Q$2:$Q$779) -> 4198800
... A73: =RANK(C73,$C$26:$C$184,0) -> 6 | B73: 솔리드시스템 | C73: =SUMIF(Master!$E$2:$E$779,분류!B73,Master!$L$2:$L$779) -> 70578000 | D73: =SUMIFS(Master!$L$2:$L$779,Master!$E$2:$E$779,분류!B73,Master!$G$2:$G$779,분류!$D$24) -> 0 | E73: =SUMIFS(Master!$L$2:$L$779,Master!$E$2:$E$779,분류!B73,Master!$G$2:$G$779,분류!$E$24) -> 70578000 | F73: =SUMIFS(Master!$L$2:$L$779,Master!$E$2:$E$779,분류!B73,Master!$G$2:$G$779,분류!$F$24) -> 0 | G73: =SUMIFS(Master!$L$2:$L$779,Master!$E$2:$E$779,분류!B73,Master!$G$2:$G$779,분류!$G$24) -> 0 | H73: =SUMIFS(Master!$L$2:$L$779,Master!$E$2:$E$779,분류!B73,Master!$G$2:$G$779,분류!$H$24) -> 0 | I73: =SUMIFS(Master!$L$2:$L$779,Master!$E$2:$E$779,분류!B73,Master!$G$2:$G$779,분류!$I$24) -> 0 | J73: =SUMIF(Master!$E$2:$E$779,분류!B73,Master!$Q$2:$Q$779) -> 7506000
B74: 솔향 | C74: =SUMIF(Master!$E$2:$E$779,분류!B74,Master!$L$2:$L$779) -> 0 | D74: =SUMIFS(Master!$L$2:$L$779,Master!$E$2:$E$779,분류!B74,Master!$G$2:$G$779,분류!$D$24) -> 0 | E74: =SUMIFS(Master!$L$2:$L$779,Master!$E$2:$E$779,분류!B74,Master!$G$2:$G$779,분류!$E$24) -> 0 | F74: =SUMIFS(Master!$L$2:$L$779,Master!$E$2:$E$779,분류!B74,Master!$G$2:$G$779,분류!$F$24) -> 0 | G74: =SUMIFS(Master!$L$2:$L$779,Master!$E$2:$E$779,분류!B74,Master!$G$2:$G$779,분류!$G$24) -> 0 | H74: =SUMIFS(Master!$L$2:$L$779,Master!$E$2:$E$779,분류!B74,Master!$G$2:$G$779,분류!$H$24) -> 0 | I74: =SUMIFS(Master!$L$2:$L$779,Master!$E$2:$E$779,분류!B74,Master!$G$2:$G$779,분류!$I$24) -> 0 | J74: =SUMIF(Master!$E$2:$E$779,분류!B74,Master!$Q$2:$Q$779) -> 0
A75: =RANK(C75,$C$26:$C$184,0) -> 69 | B75: 순환 | C75: =SUMIF(Master!$E$2:$E$779,분류!B75,Master!$L$2:$L$779) -> 3333630 | D75: =SUMIFS(Master!$L$2:$L$779,Master!$E$2:$E$779,분류!B75,Master!$G$2:$G$779,분류!$D$24) -> 0 | E75: =SUMIFS(Master!$L$2:$L$779,Master!$E$2:$E$779,분류!B75,Master!$G$2:$G$779,분류!$E$24) -> 0 | F75: =SUMIFS(Master!$L$2:$L$779,Master!$E$2:$E$779,분류!B75,Master!$G$2:$G$779,분류!$F$24) -> 0 | G75: =SUMIFS(Master!$L$2:$L$779,Master!$E$2:$E$779,분류!B75,Master!$G$2:$G$779,분류!$G$24) -> 0 | H75: =SUMIFS(Master!$L$2:$L$779,Master!$E$2:$E$779,분류!B75,Master!$G$2:$G$779,분류!$H$24) -> 0 | I75: =SUMIFS(Master!$L$2:$L$779,Master!$E$2:$E$779,분류!B75,Master!$G$2:$G$779,분류!$I$24) -> 3333630 | J75: =SUMIF(Master!$E$2:$E$779,분류!B75,Master!$Q$2:$Q$779) -> 3333630
A76: =RANK(C76,$C$26:$C$184,0) -> 96 | B76: 스마트에프앤디 | C76: =SUMIF(Master!$E$2:$E$779,분류!B76,Master!$L$2:$L$779) -> 1320000 | D76: =SUMIFS(Master!$L$2:$L$779,Master!$E$2:$E$779,분류!B76,Master!$G$2:$G$779,분류!$D$24) -> 0 | E76: =SUMIFS(Master!$L$2:$L$779,Master!$E$2:$E$779,분류!B76,Master!$G$2:$G$779,분류!$E$24) -> 1320000 | F76: =SUMIFS(Master!$L$2:$L$779,Master!$E$2:$E$779,분류!B76,Master!$G$2:$G$779,분류!$F$24) -> 0 | G76: =SUMIFS(Master!$L$2:$L$779,Master!$E$2:$E$779,분류!B76,Master!$G$2:$G$779,분류!$G$24) -> 0 | H76: =SUMIFS(Master!$L$2:$L$779,Master!$E$2:$E$779,분류!B76,Master!$G$2:$G$779,분류!$H$24) -> 0 | I76: =SUMIFS(Master!$L$2:$L$779,Master!$E$2:$E$779,분류!B76,Master!$G$2:$G$779,분류!$I$24) -> 0 | J76: =SUMIF(Master!$E$2:$E$779,분류!B76,Master!$Q$2:$Q$779) -> 121200
A77: =RANK(C77,$C$26:$C$184,0) -> 94 | B77: 스마트웨어 | C77: =SUMIF(Master!$E$2:$E$779,분류!B77,Master!$L$2:$L$779) -> 1360000 | D77: =SUMIFS(Master!$L$2:$L$779,Master!$E$2:$E$779,분류!B77,Master!$G$2:$G$779,분류!$D$24) -> 0 | E77: =SUMIFS(Master!$L$2:$L$779,Master!$E$2:$E$779,분류!B77,Master!$G$2:$G$779,분류!$E$24) -> 0 | F77: =SUMIFS(Master!$L$2:$L$779,Master!$E$2:$E$779,분류!B77,Master!$G$2:$G$779,분류!$F$24) -> 0 | G77: =SUMIFS(Master!$L$2:$L$779,Master!$E$2:$E$779,분류!B77,Master!$G$2:$G$779,분류!$G$24) -> 0 | H77: =SUMIFS(Master!$L$2:$L$779,Master!$E$2:$E$779,분류!B77,Master!$G$2:$G$779,분류!$H$24) -> 1360000 | I77: =SUMIFS(Master!$L$2:$L$779,Master!$E$2:$E$779,분류!B77,Master!$G$2:$G$779,분류!$I$24) -> 0 | J77: =SUMIF(Master!$E$2:$E$779,분류!B77,Master!$Q$2:$Q$779) -> 1360000
A78: =RANK(C78,$C$26:$C$184,0) -> 68 | B78: 스팩스 | C78: =SUMIF(Master!$E$2:$E$779,분류!B78,Master!$L$2:$L$779) -> 3600000 | D78: =SUMIFS(Master!$L$2:$L$779,Master!$E$2:$E$779,분류!B78,Master!$G$2:$G$779,분류!$D$24) -> 0 | E78: =SUMIFS(Master!$L$2:$L$779,Master!$E$2:$E$779,분류!B78,Master!$G$2:$G$779,분류!$E$24) -> 0 | F78: =SUMIFS(Master!$L$2:$L$779,Master!$E$2:$E$779,분류!B78,Master!$G$2:$G$779,분류!$F$24) -> 0 | G78: =SUMIFS(Master!$L$2:$L$779,Master!$E$2:$E$779,분류!B78,Master!$G$2:$G$779,분류!$G$24) -> 0 | H78: =SUMIFS(Master!$L$2:$L$779,Master!$E$2:$E$779,분류!B78,Master!$G$2:$G$779,분류!$H$24) -> 0 | I78: =SUMIFS(Master!$L$2:$L$779,Master!$E$2:$E$779,분류!B78,Master!$G$2:$G$779,분류!$I$24) -> 3600000 | J78: =SUMIF(Master!$E$2:$E$779,분류!B78,Master!$Q$2:$Q$779) -> 3600000
A79: =RANK(C79,$C$26:$C$184,0) -> 57 | B79: 시너지온 | C79: =SUMIF(Master!$E$2:$E$779,분류!B79,Master!$L$2:$L$779) -> 5100000 | D79: =SUMIFS(Master!$L$2:$L$779,Master!$E$2:$E$779,분류!B79,Master!$G$2:$G$779,분류!$D$24) -> 0 | E79: =SUMIFS(Master!$L$2:$L$779,Master!$E$2:$E$779,분류!B79,Master!$G$2:$G$779,분류!$E$24) -> 5100000 | F79: =SUMIFS(Master!$L$2:$L$779,Master!$E$2:$E$779,분류!B79,Master!$G$2:$G$779,분류!$F$24) -> 0 | G79: =SUMIFS(Master!$L$2:$L$779,Master!$E$2:$E$779,분류!B79,Master!$G$2:$G$779,분류!$G$24) -> 0 | H79: =SUMIFS(Master!$L$2:$L$779,Master!$E$2:$E$779,분류!B79,Master!$G$2:$G$779,분류!$H$24) -> 0 | I79: =SUMIFS(Master!$L$2:$L$779,Master!$E$2:$E$779,분류!B79,Master!$G$2:$G$779,분류!$I$24) -> 0 | J79: =SUMIF(Master!$E$2:$E$779,분류!B79,Master!$Q$2:$Q$779) -> 1656593
A80: =RANK(C80,$C$26:$C$184,0) -> 32 | B80: 시스게이트 | C80: =SUMIF(Master!$E$2:$E$779,분류!B80,Master!$L$2:$L$779) -> 16853000 | D80: =SUMIFS(Master!$L$2:$L$779,Master!$E$2:$E$779,분류!B80,Master!$G$2:$G$779,분류!$D$24) -> 0 | E80: =SUMIFS(Master!$L$2:$L$779,Master!$E$2:$E$779,분류!B80,Master!$G$2:$G$779,분류!$E$24) -> 16853000 | F80: =SUMIFS(Master!$L$2:$L$779,Master!$E$2:$E$779,분류!B80,Master!$G$2:$G$779,분류!$F$24) -> 0 | G80: =SUMIFS(Master!$L$2:$L$779,Master!$E$2:$E$779,분류!B80,Master!$G$2:$G$779,분류!$G$24) -> 0 | H80: =SUMIFS(Master!$L$2:$L$779,Master!$E$2:$E$779,분류!B80,Master!$G$2:$G$779,분류!$H$24) -> 0 | I80: =SUMIFS(Master!$L$2:$L$779,Master!$E$2:$E$779,분류!B80,Master!$G$2:$G$779,분류!$I$24) -> 0 | J80: =SUMIF(Master!$E$2:$E$779,분류!B80,Master!$Q$2:$Q$779) -> 2195490
A81: =RANK(C81,$C$26:$C$184,0) -> 65 | B81: 시스템본 | C81: =SUMIF(Master!$E$2:$E$779,분류!B81,Master!$L$2:$L$779) -> 3958200 | D81: =SUMIFS(Master!$L$2:$L$779,Master!$E$2:$E$779,분류!B81,Master!$G$2:$G$779,분류!$D$24) -> 0 | E81: =SUMIFS(Master!$L$2:$L$779,Master!$E$2:$E$779,분류!B81,Master!$G$2:$G$779,분류!$E$24) -> 3958200 | F81: =SUMIFS(Master!$L$2:$L$779,Master!$E$2:$E$779,분류!B81,Master!$G$2:$G$779,분류!$F$24) -> 0 | G81: =SUMIFS(Master!$L$2:$L$779,Master!$E$2:$E$779,분류!B81,Master!$G$2:$G$779,분류!$G$24) -> 0 | H81: =SUMIFS(Master!$L$2:$L$779,Master!$E$2:$E$779,분류!B81,Master!$G$2:$G$779,분류!$H$24) -> 0 | I81: =SUMIFS(Master!$L$2:$L$779,Master!$E$2:$E$779,분류!B81,Master!$G$2:$G$779,분류!$I$24) -> 0 | J81: =SUMIF(Master!$E$2:$E$779,분류!B81,Master!$Q$2:$Q$779) -> 846954
A82: =RANK(C82,$C$26:$C$184,0) -> 52 | B82: 동아건설 | C82: =SUMIF(Master!$E$2:$E$779,분류!B82,Master!$L$2:$L$779) -> 5700000 | D82: =SUMIFS(Master!$L$2:$L$779,Master!$E$2:$E$779,분류!B82,Master!$G$2:$G$779,분류!$D$24) -> 0 | E82: =SUMIFS(Master!$L$2:$L$779,Master!$E$2:$E$779,분류!B82,Master!$G$2:$G$779,분류!$E$24) -> 5700000 | F82: =SUMIFS(Master!$L$2:$L$779,Master!$E$2:$E$779,분류!B82,Master!$G$2:$G$779,분류!$F$24) -> 0 | G82: =SUMIFS(Master!$L$2:$L$779,Master!$E$2:$E$779,분류!B82,Master!$G$2:$G$779,분류!$G$24) -> 0 | H82: =SUMIFS(Master!$L$2:$L$779,Master!$E$2:$E$779,분류!B82,Master!$G$2:$G$779,분류!$H$24) -> 0 | I82: =SUMIFS(Master!$L$2:$L$779,Master!$E$2:$E$779,분류!B82,Master!$G$2:$G$779,분류!$I$24) -> 0 | J82: =SUMIF(Master!$E$2:$E$779,분류!B82,Master!$Q$2:$Q$779) -> 1900000
A83: =RANK(C83,$C$26:$C$184,0) -> 38 | B83: 심플키 | C83: =SUMIF(Master!$E$2:$E$779,분류!B83,Master!$L$2:$L$779) -> 11532900 | D83: =SUMIFS(Master!$L$2:$L$779,Master!$E$2:$E$779,분류!B83,Master!$G$2:$G$779,분류!$D$24) -> 0 | E83: =SUMIFS(Master!$L$2:$L$779,Master!$E$2:$E$779,분류!B83,Master!$G$2:$G$779,분류!$E$24) -> 11532900 | F83: =SUMIFS(Master!$L$2:$L$779,Master!$E$2:$E$779,분류!B83,Master!$G$2:$G$779,분류!$F$24) -> 0 | G83: =SUMIFS(Master!$L$2:$L$779,Master!$E$2:$E$779,분류!B83,Master!$G$2:$G$779,분류!$G$24) -> 0 | H83: =SUMIFS(Master!$L$2:$L$779,Master!$E$2:$E$779,분류!B83,Master!$G$2:$G$779,분류!$H$24) -> 0 | I83: =SUMIFS(Master!$L$2:$L$779,Master!$E$2:$E$779,분류!B83,Master!$G$2:$G$779,분류!$I$24) -> 0 | J83: =SUMIF(Master!$E$2:$E$779,분류!B83,Master!$Q$2:$Q$779) -> 1144833.3
A84: =RANK(C84,$C$26:$C$184,0) -> 75 | B84: 씨원시스템 | C84: =SUMIF(Master!$E$2:$E$779,분류!B84,Master!$L$2:$L$779) -> 2996500 | D84: =SUMIFS(Master!$L$2:$L$779,Master!$E$2:$E$779,분류!B84,Master!$G$2:$G$779,분류!$D$24) -> 0 | E84: =SUMIFS(Master!$L$2:$L$779,Master!$E$2:$E$779,분류!B84,Master!$G$2:$G$779,분류!$E$24) -> 1427500 | F84: =SUMIFS(Master!$L$2:$L$779,Master!$E$2:$E$779,분류!B84,Master!$G$2:$G$779,분류!$F$24) -> 1569000 | G84: =SUMIFS(Master!$L$2:$L$779,Master!$E$2:$E$779,분류!B84,Master!$G$2:$G$779,분류!$G$24) -> 0 | H84: =SUMIFS(Master!$L$2:$L$779,Master!$E$2:$E$779,분류!B84,Master!$G$2:$G$779,분류!$H$24) -> 0 | I84: =SUMIFS(Master!$L$2:$L$779,Master!$E$2:$E$779,분류!B84,Master!$G$2:$G$779,분류!$I$24) -> 0 | J84: =SUMIF(Master!$E$2:$E$779,분류!B84,Master!$Q$2:$Q$779) -> 216280
A85: =RANK(C85,$C$26:$C$184,0) -> 2 | B85: 영화시스템 | C85: =SUMIF(Master!$E$2:$E$779,분류!B85,Master!$L$2:$L$779) -> 99780000 | D85: =SUMIFS(Master!$L$2:$L$779,Master!$E$2:$E$779,분류!B85,Master!$G$2:$G$779,분류!$D$24) -> 4100000 | E85: =SUMIFS(Master!$L$2:$L$779,Master!$E$2:$E$779,분류!B85,Master!$G$2:$G$779,분류!$E$24) -> 95680000 | F85: =SUMIFS(Master!$L$2:$L$779,Master!$E$2:$E$779,분류!B85,Master!$G$2:$G$779,분류!$F$24) -> 0 | G85: =SUMIFS(Master!$L$2:$L$779,Master!$E$2:$E$779,분류!B85,Master!$G$2:$G$779,분류!$G$24) -> 0 | H85: =SUMIFS(Master!$L$2:$L$779,Master!$E$2:$E$779,분류!B85,Master!$G$2:$G$779,분류!$H$24) -> 0 | I85: =SUMIFS(Master!$L$2:$L$779,Master!$E$2:$E$779,분류!B85,Master!$G$2:$G$779,분류!$I$24) -> 0 | J85: =SUMIF(Master!$E$2:$E$779,분류!B85,Master!$Q$2:$Q$779) -> 14296000
A86: =RANK(C86,$C$26:$C$184,0) -> 21 | B86: 씨케이명차 | C86: =SUMIF(Master!$E$2:$E$779,분류!B86,Master!$L$2:$L$779) -> 24000000 | D86: =SUMIFS(Master!$L$2:$L$779,Master!$E$2:$E$779,분류!B86,Master!$G$2:$G$779,분류!$D$24) -> 0 | E86: =SUMIFS(Master!$L$2:$L$779,Master!$E$2:$E$779,분류!B86,Master!$G$2:$G$779,분류!$E$24) -> 0 | F86: =SUMIFS(Master!$L$2:$L$779,Master!$E$2:$E$779,분류!B86,Master!$G$2:$G$779,분류!$F$24) -> 0 | G86: =SUMIFS(Master!$L$2:$L$779,Master!$E$2:$E$779,분류!B86,Master!$G$2:$G$779,분류!$G$24) -> 0 | H86: =SUMIFS(Master!$L$2:$L$779,Master!$E$2:$E$779,분류!B86,Master!$G$2:$G$779,분류!$H$24) -> 0 | I86: =SUMIFS(Master!$L$2:$L$779,Master!$E$2:$E$779,분류!B86,Master!$G$2:$G$779,분류!$I$24) -> 24000000 | J86: =SUMIF(Master!$E$2:$E$779,분류!B86,Master!$Q$2:$Q$779) -> 24000000
... A150: =RANK(C150,$C$26:$C$184,0) -> 20 | B150: 제트컨버터 | C150: =SUMIF(Master!$E$2:$E$779,분류!B150,Master!$L$2:$L$779) -> 24286000 | D150: =SUMIFS(Master!$L$2:$L$779,Master!$E$2:$E$779,분류!B150,Master!$G$2:$G$779,분류!$D$24) -> 24286000 | E150: =SUMIFS(Master!$L$2:$L$779,Master!$E$2:$E$779,분류!B150,Master!$G$2:$G$779,분류!$E$24) -> 0 | F150: =SUMIFS(Master!$L$2:$L$779,Master!$E$2:$E$779,분류!B150,Master!$G$2:$G$779,분류!$F$24) -> 0 | G150: =SUMIFS(Master!$L$2:$L$779,Master!$E$2:$E$779,분류!B150,Master!$G$2:$G$779,분류!$G$24) -> 0 | H150: =SUMIFS(Master!$L$2:$L$779,Master!$E$2:$E$779,분류!B150,Master!$G$2:$G$779,분류!$H$24) -> 0 | I150: =SUMIFS(Master!$L$2:$L$779,Master!$E$2:$E$779,분류!B150,Master!$G$2:$G$779,분류!$I$24) -> 0 | J150: =SUMIF(Master!$E$2:$E$779,분류!B150,Master!$Q$2:$Q$779) -> 9096657
B151: 조선해운 | C151: =SUMIF(Master!$E$2:$E$779,분류!B151,Master!$L$2:$L$779) -> 0 | D151: =SUMIFS(Master!$L$2:$L$779,Master!$E$2:$E$779,분류!B151,Master!$G$2:$G$779,분류!$D$24) -> 0 | E151: =SUMIFS(Master!$L$2:$L$779,Master!$E$2:$E$779,분류!B151,Master!$G$2:$G$779,분류!$E$24) -> 0 | F151: =SUMIFS(Master!$L$2:$L$779,Master!$E$2:$E$779,분류!B151,Master!$G$2:$G$779,분류!$F$24) -> 0 | G151: =SUMIFS(Master!$L$2:$L$779,Master!$E$2:$E$779,분류!B151,Master!$G$2:$G$779,분류!$G$24) -> 0 | H151: =SUMIFS(Master!$L$2:$L$779,Master!$E$2:$E$779,분류!B151,Master!$G$2:$G$779,분류!$H$24) -> 0 | I151: =SUMIFS(Master!$L$2:$L$779,Master!$E$2:$E$779,분류!B151,Master!$G$2:$G$779,분류!$I$24) -> 0 | J151: =SUMIF(Master!$E$2:$E$779,분류!B151,Master!$Q$2:$Q$779) -> 0
A152: =RANK(C152,$C$26:$C$184,0) -> 119 | B152: 준아이앤씨 | C152: =SUMIF(Master!$E$2:$E$779,분류!B152,Master!$L$2:$L$779) -> 510000 | D152: =SUMIFS(Master!$L$2:$L$779,Master!$E$2:$E$779,분류!B152,Master!$G$2:$G$779,분류!$D$24) -> 510000 | E152: =SUMIFS(Master!$L$2:$L$779,Master!$E$2:$E$779,분류!B152,Master!$G$2:$G$779,분류!$E$24) -> 0 | F152: =SUMIFS(Master!$L$2:$L$779,Master!$E$2:$E$779,분류!B152,Master!$G$2:$G$779,분류!$F$24) -> 0 | G152: =SUMIFS(Master!$L$2:$L$779,Master!$E$2:$E$779,분류!B152,Master!$G$2:$G$779,분류!$G$24) -> 0 | H152: =SUMIFS(Master!$L$2:$L$779,Master!$E$2:$E$779,분류!B152,Master!$G$2:$G$779,분류!$H$24) -> 0 | I152: =SUMIFS(Master!$L$2:$L$779,Master!$E$2:$E$779,분류!B152,Master!$G$2:$G$779,분류!$I$24) -> 0 | J152: =SUMIF(Master!$E$2:$E$779,분류!B152,Master!$Q$2:$Q$779) -> 55000
A153: =RANK(C153,$C$26:$C$184,0) -> 14 | B153: 중소기업은행 | C153: =SUMIF(Master!$E$2:$E$779,분류!B153,Master!$L$2:$L$779) -> 38062500 | D153: =SUMIFS(Master!$L$2:$L$779,Master!$E$2:$E$779,분류!B153,Master!$G$2:$G$779,분류!$D$24) -> 0 | E153: =SUMIFS(Master!$L$2:$L$779,Master!$E$2:$E$779,분류!B153,Master!$G$2:$G$779,분류!$E$24) -> 0 | F153: =SUMIFS(Master!$L$2:$L$779,Master!$E$2:$E$779,분류!B153,Master!$G$2:$G$779,분류!$F$24) -> 0 | G153: =SUMIFS(Master!$L$2:$L$779,Master!$E$2:$E$779,분류!B153,Master!$G$2:$G$779,분류!$G$24) -> 0 | H153: =SUMIFS(Master!$L$2:$L$779,Master!$E$2:$E$779,분류!B153,Master!$G$2:$G$779,분류!$H$24) -> 0 | I153: =SUMIFS(Master!$L$2:$L$779,Master!$E$2:$E$779,분류!B153,Master!$G$2:$G$779,분류!$I$24) -> 38062500 | J153: =SUMIF(Master!$E$2:$E$779,분류!B153,Master!$Q$2:$Q$779) -> 38062500
A154: =RANK(C154,$C$26:$C$184,0) -> 51 | B154: 중앙유통단지관리운영회 | C154: =SUMIF(Master!$E$2:$E$779,분류!B154,Master!$L$2:$L$779) -> 7000000 | D154: =SUMIFS(Master!$L$2:$L$779,Master!$E$2:$E$779,분류!B154,Master!$G$2:$G$779,분류!$D$24) -> 1000000 | E154: =SUMIFS(Master!$L$2:$L$779,Master!$E$2:$E$779,분류!B154,Master!$G$2:$G$779,분류!$E$24) -> 0 | F154: =SUMIFS(Master!$L$2:$L$779,Master!$E$2:$E$779,분류!B154,Master!$G$2:$G$779,분류!$F$24) -> 0 | G154: =SUMIFS(Master!$L$2:$L$779,Master!$E$2:$E$779,분류!B154,Master!$G$2:$G$779,분류!$G$24) -> 0 | H154: =SUMIFS(Master!$L$2:$L$779,Master!$E$2:$E$779,분류!B154,Master!$G$2:$G$779,분류!$H$24) -> 6000000 | I154: =SUMIFS(Master!$L$2:$L$779,Master!$E$2:$E$779,분류!B154,Master!$G$2:$G$779,분류!$I$24) -> 0 | J154: =SUMIF(Master!$E$2:$E$779,분류!B154,Master!$Q$2:$Q$779) -> 892000
A155: =RANK(C155,$C$26:$C$184,0) -> 131 | B155: 지노스 | C155: =SUMIF(Master!$E$2:$E$779,분류!B155,Master!$L$2:$L$779) -> 0 | D155: =SUMIFS(Master!$L$2:$L$779,Master!$E$2:$E$779,분류!B155,Master!$G$2:$G$779,분류!$D$24) -> 0 | E155: =SUMIFS(Master!$L$2:$L$779,Master!$E$2:$E$779,분류!B155,Master!$G$2:$G$779,분류!$E$24) -> 0 | F155: =SUMIFS(Master!$L$2:$L$779,Master!$E$2:$E$779,분류!B155,Master!$G$2:$G$779,분류!$F$24) -> 0 | G155: =SUMIFS(Master!$L$2:$L$779,Master!$E$2:$E$779,분류!B155,Master!$G$2:$G$779,분류!$G$24) -> 0 | H155: =SUMIFS(Master!$L$2:$L$779,Master!$E$2:$E$779,분류!B155,Master!$G$2:$G$779,분류!$H$24) -> 0 | I155: =SUMIFS(Master!$L$2:$L$779,Master!$E$2:$E$779,분류!B155,Master!$G$2:$G$779,분류!$I$24) -> 0 | J155: =SUMIF(Master!$E$2:$E$779,분류!B155,Master!$Q$2:$Q$779) -> 0
A156: =RANK(C156,$C$26:$C$184,0) -> 98 | B156: 지비에쓰시스템 | C156: =SUMIF(Master!$E$2:$E$779,분류!B156,Master!$L$2:$L$779) -> 1230000 | D156: =SUMIFS(Master!$L$2:$L$779,Master!$E$2:$E$779,분류!B156,Master!$G$2:$G$779,분류!$D$24) -> 0 | E156: =SUMIFS(Master!$L$2:$L$779,Master!$E$2:$E$779,분류!B156,Master!$G$2:$G$779,분류!$E$24) -> 1230000 | F156: =SUMIFS(Master!$L$2:$L$779,Master!$E$2:$E$779,분류!B156,Master!$G$2:$G$779,분류!$F$24) -> 0 | G156: =SUMIFS(Master!$L$2:$L$779,Master!$E$2:$E$779,분류!B156,Master!$G$2:$G$779,분류!$G$24) -> 0 | H156: =SUMIFS(Master!$L$2:$L$779,Master!$E$2:$E$779,분류!B156,Master!$G$2:$G$779,분류!$H$24) -> 0 | I156: =SUMIFS(Master!$L$2:$L$779,Master!$E$2:$E$779,분류!B156,Master!$G$2:$G$779,분류!$I$24) -> 0 | J156: =SUMIF(Master!$E$2:$E$779,분류!B156,Master!$Q$2:$Q$779) -> 900000
A157: =RANK(C157,$C$26:$C$184,0) -> 67 | B157: 지엔콤 | C157: =SUMIF(Master!$E$2:$E$779,분류!B157,Master!$L$2:$L$779) -> 3636000 | D157: =SUMIFS(Master!$L$2:$L$779,Master!$E$2:$E$779,분류!B157,Master!$G$2:$G$779,분류!$D$24) -> 0 | E157: =SUMIFS(Master!$L$2:$L$779,Master!$E$2:$E$779,분류!B157,Master!$G$2:$G$779,분류!$E$24) -> 3636000 | F157: =SUMIFS(Master!$L$2:$L$779,Master!$E$2:$E$779,분류!B157,Master!$G$2:$G$779,분류!$F$24) -> 0 | G157: =SUMIFS(Master!$L$2:$L$779,Master!$E$2:$E$779,분류!B157,Master!$G$2:$G$779,분류!$G$24) -> 0 | H157: =SUMIFS(Master!$L$2:$L$779,Master!$E$2:$E$779,분류!B157,Master!$G$2:$G$779,분류!$H$24) -> 0 | I157: =SUMIFS(Master!$L$2:$L$779,Master!$E$2:$E$779,분류!B157,Master!$G$2:$G$779,분류!$I$24) -> 0 | J157: =SUMIF(Master!$E$2:$E$779,분류!B157,Master!$Q$2:$Q$779) -> 1172880
A158: =RANK(C158,$C$26:$C$184,0) -> 82 | B158: 지인아이티 | C158: =SUMIF(Master!$E$2:$E$779,분류!B158,Master!$L$2:$L$779) -> 1948000 | D158: =SUMIFS(Master!$L$2:$L$779,Master!$E$2:$E$779,분류!B158,Master!$G$2:$G$779,분류!$D$24) -> 0 | E158: =SUMIFS(Master!$L$2:$L$779,Master!$E$2:$E$779,분류!B158,Master!$G$2:$G$779,분류!$E$24) -> 0 | F158: =SUMIFS(Master!$L$2:$L$779,Master!$E$2:$E$779,분류!B158,Master!$G$2:$G$779,분류!$F$24) -> 1948000 | G158: =SUMIFS(Master!$L$2:$L$779,Master!$E$2:$E$779,분류!B158,Master!$G$2:$G$779,분류!$G$24) -> 0 | H158: =SUMIFS(Master!$L$2:$L$779,Master!$E$2:$E$779,분류!B158,Master!$G$2:$G$779,분류!$H$24) -> 0 | I158: =SUMIFS(Master!$L$2:$L$779,Master!$E$2:$E$779,분류!B158,Master!$G$2:$G$779,분류!$I$24) -> 0 | J158: =SUMIF(Master!$E$2:$E$779,분류!B158,Master!$Q$2:$Q$779) -> 47920
A159: =RANK(C159,$C$26:$C$184,0) -> 19 | B159: 케이씨비 | C159: =SUMIF(Master!$E$2:$E$779,분류!B159,Master!$L$2:$L$779) -> 27316930 | D159: =SUMIFS(Master!$L$2:$L$779,Master!$E$2:$E$779,분류!B159,Master!$G$2:$G$779,분류!$D$24) -> 0 | E159: =SUMIFS(Master!$L$2:$L$779,Master!$E$2:$E$779,분류!B159,Master!$G$2:$G$779,분류!$E$24) -> 27316930 | F159: =SUMIFS(Master!$L$2:$L$779,Master!$E$2:$E$779,분류!B159,Master!$G$2:$G$779,분류!$F$24) -> 0 | G159: =SUMIFS(Master!$L$2:$L$779,Master!$E$2:$E$779,분류!B159,Master!$G$2:$G$779,분류!$G$24) -> 0 | H159: =SUMIFS(Master!$L$2:$L$779,Master!$E$2:$E$779,분류!B159,Master!$G$2:$G$779,분류!$H$24) -> 0 | I159: =SUMIFS(Master!$L$2:$L$779,Master!$E$2:$E$779,분류!B159,Master!$G$2:$G$779,분류!$I$24) -> 0 | J159: =SUMIF(Master!$E$2:$E$779,분류!B159,Master!$Q$2:$Q$779) -> 5199730
A160: =RANK(C160,$C$26:$C$184,0) -> 3 | B160: 케이아이티 | C160: =SUMIF(Master!$E$2:$E$779,분류!B160,Master!$L$2:$L$779) -> 82336380 | D160: =SUMIFS(Master!$L$2:$L$779,Master!$E$2:$E$779,분류!B160,Master!$G$2:$G$779,분류!$D$24) -> 0 | E160: =SUMIFS(Master!$L$2:$L$779,Master!$E$2:$E$779,분류!B160,Master!$G$2:$G$779,분류!$E$24) -> 82336380 | F160: =SUMIFS(Master!$L$2:$L$779,Master!$E$2:$E$779,분류!B160,Master!$G$2:$G$779,분류!$F$24) -> 0 | G160: =SUMIFS(Master!$L$2:$L$779,Master!$E$2:$E$779,분류!B160,Master!$G$2:$G$779,분류!$G$24) -> 0 | H160: =SUMIFS(Master!$L$2:$L$779,Master!$E$2:$E$779,분류!B160,Master!$G$2:$G$779,분류!$H$24) -> 0 | I160: =SUMIFS(Master!$L$2:$L$779,Master!$E$2:$E$779,분류!B160,Master!$G$2:$G$779,분류!$I$24) -> 0 | J160: =SUMIF(Master!$E$2:$E$779,분류!B160,Master!$Q$2:$Q$779) -> 17118780
A161: =RANK(C161,$C$26:$C$184,0) -> 40 | B161: 케이엠디엠 | C161: =SUMIF(Master!$E$2:$E$779,분류!B161,Master!$L$2:$L$779) -> 10970000 | D161: =SUMIFS(Master!$L$2:$L$779,Master!$E$2:$E$779,분류!B161,Master!$G$2:$G$779,분류!$D$24) -> 7890000 | E161: =SUMIFS(Master!$L$2:$L$779,Master!$E$2:$E$779,분류!B161,Master!$G$2:$G$779,분류!$E$24) -> 1980000 | F161: =SUMIFS(Master!$L$2:$L$779,Master!$E$2:$E$779,분류!B161,Master!$G$2:$G$779,분류!$F$24) -> 0 | G161: =SUMIFS(Master!$L$2:$L$779,Master!$E$2:$E$779,분류!B161,Master!$G$2:$G$779,분류!$G$24) -> 0 | H161: =SUMIFS(Master!$L$2:$L$779,Master!$E$2:$E$779,분류!B161,Master!$G$2:$G$779,분류!$H$24) -> 1100000 | I161: =SUMIFS(Master!$L$2:$L$779,Master!$E$2:$E$779,분류!B161,Master!$G$2:$G$779,분류!$I$24) -> 0 | J161: =SUMIF(Master!$E$2:$E$779,분류!B161,Master!$Q$2:$Q$779) -> 2549473
A162: =RANK(C162,$C$26:$C$184,0) -> 43 | B162: 케이정보기술 | C162: =SUMIF(Master!$E$2:$E$779,분류!B162,Master!$L$2:$L$779) -> 9300000 | D162: =SUMIFS(Master!$L$2:$L$779,Master!$E$2:$E$779,분류!B162,Master!$G$2:$G$779,분류!$D$24) -> 0 | E162: =SUMIFS(Master!$L$2:$L$779,Master!$E$2:$E$779,분류!B162,Master!$G$2:$G$779,분류!$E$24) -> 9300000 | F162: =SUMIFS(Master!$L$2:$L$779,Master!$E$2:$E$779,분류!B162,Master!$G$2:$G$779,분류!$F$24) -> 0 | G162: =SUMIFS(Master!$L$2:$L$779,Master!$E$2:$E$779,분류!B162,Master!$G$2:$G$779,분류!$G$24) -> 0 | H162: =SUMIFS(Master!$L$2:$L$779,Master!$E$2:$E$779,분류!B162,Master!$G$2:$G$779,분류!$H$24) -> 0 | I162: =SUMIFS(Master!$L$2:$L$779,Master!$E$2:$E$779,분류!B162,Master!$G$2:$G$779,분류!$I$24) -> 0 | J162: =SUMIF(Master!$E$2:$E$779,분류!B162,Master!$Q$2:$Q$779) -> 1248364
A163: =RANK(C163,$C$26:$C$184,0) -> 73 | B163: 택스홈앤아웃 | C163: =SUMIF(Master!$E$2:$E$779,분류!B163,Master!$L$2:$L$779) -> 3120000 | D163: =SUMIFS(Master!$L$2:$L$779,Master!$E$2:$E$779,분류!B163,Master!$G$2:$G$779,분류!$D$24) -> 0 | E163: =SUMIFS(Master!$L$2:$L$779,Master!$E$2:$E$779,분류!B163,Master!$G$2:$G$779,분류!$E$24) -> 3120000 | F163: =SUMIFS(Master!$L$2:$L$779,Master!$E$2:$E$779,분류!B163,Master!$G$2:$G$779,분류!$F$24) -> 0 | G163: =SUMIFS(Master!$L$2:$L$779,Master!$E$2:$E$779,분류!B163,Master!$G$2:$G$779,분류!$G$24) -> 0 | H163: =SUMIFS(Master!$L$2:$L$779,Master!$E$2:$E$779,분류!B163,Master!$G$2:$G$779,분류!$H$24) -> 0 | I163: =SUMIFS(Master!$L$2:$L$779,Master!$E$2:$E$779,분류!B163,Master!$G$2:$G$779,분류!$I$24) -> 0 | J163: =SUMIF(Master!$E$2:$E$779,분류!B163,Master!$Q$2:$Q$779) -> 908400
... A182: =RANK(C182,$C$26:$C$184,0) -> 101 | B182: 홈닥터 | C182: =SUMIF(Master!$E$2:$E$779,분류!B182,Master!$L$2:$L$779) -> 1136164 | D182: =SUMIFS(Master!$L$2:$L$779,Master!$E$2:$E$779,분류!B182,Master!$G$2:$G$779,분류!$D$24) -> 0 | E182: =SUMIFS(Master!$L$2:$L$779,Master!$E$2:$E$779,분류!B182,Master!$G$2:$G$779,분류!$E$24) -> 0 | F182: =SUMIFS(Master!$L$2:$L$779,Master!$E$2:$E$779,분류!B182,Master!$G$2:$G$779,분류!$F$24) -> 0 | G182: =SUMIFS(Master!$L$2:$L$779,Master!$E$2:$E$779,분류!B182,Master!$G$2:$G$779,분류!$G$24) -> 0 | H182: =SUMIFS(Master!$L$2:$L$779,Master!$E$2:$E$779,분류!B182,Master!$G$2:$G$779,분류!$H$24) -> 0 | I182: =SUMIFS(Master!$L$2:$L$779,Master!$E$2:$E$779,분류!B182,Master!$G$2:$G$779,분류!$I$24) -> 1136164 | J182: =SUMIF(Master!$E$2:$E$779,분류!B182,Master!$Q$2:$Q$779) -> 1136164
B183: 카드/현금 | C183: =B17 -> 0 | E183: 0 | F183: 0 | G183: 0 | H183: 0 | I183: 0 | J183: =F17 -> 0
B184: 수출 | C184: =B18 -> 0 | D184: 0 | E184: 0 | F184: 0 | G184: 0 | H184: 0 | I184: 0 | J184: =F18 -> 0
B208: 고영홀딩스 | C208: =SUMIF(Master!$E$2:$E$779,분류!B208,Master!$L$2:$L$779) -> 0 | D208: =SUMIFS(Master!$L$2:$L$779,Master!$E$2:$E$779,분류!B208,Master!$G$2:$G$779,분류!$D$24) -> 0 | E208: =SUMIFS(Master!$L$2:$L$779,Master!$E$2:$E$779,분류!B208,Master!$G$2:$G$779,분류!$E$24) -> 0 | F208: =SUMIFS(Master!$L$2:$L$779,Master!$E$2:$E$779,분류!B208,Master!$G$2:$G$779,분류!$F$24) -> 0 | G208: =SUMIFS(Master!$L$2:$L$779,Master!$E$2:$E$779,분류!B208,Master!$G$2:$G$779,분류!$G$24) -> 0 | H208: =SUMIFS(Master!$L$2:$L$779,Master!$E$2:$E$779,분류!B208,Master!$G$2:$G$779,분류!$H$24) -> 0 | I208: =SUMIFS(Master!$L$2:$L$779,Master!$E$2:$E$779,분류!B208,Master!$G$2:$G$779,분류!$I$24) -> 0 | J208: =SUMIF(Master!$E$2:$E$779,분류!B208,Master!$Q$2:$Q$779) -> 0 | K208: =J208/C208 -> #DIV/0!
B209: 다우데이타 | C209: =SUMIF(Master!$E$2:$E$779,분류!B209,Master!$L$2:$L$779) -> 0 | D209: =SUMIFS(Master!$L$2:$L$779,Master!$E$2:$E$779,분류!B209,Master!$G$2:$G$779,분류!$D$24) -> 0 | E209: =SUMIFS(Master!$L$2:$L$779,Master!$E$2:$E$779,분류!B209,Master!$G$2:$G$779,분류!$E$24) -> 0 | F209: =SUMIFS(Master!$L$2:$L$779,Master!$E$2:$E$779,분류!B209,Master!$G$2:$G$779,분류!$F$24) -> 0 | G209: =SUMIFS(Master!$L$2:$L$779,Master!$E$2:$E$779,분류!B209,Master!$G$2:$G$779,분류!$G$24) -> 0 | H209: =SUMIFS(Master!$L$2:$L$779,Master!$E$2:$E$779,분류!B209,Master!$G$2:$G$779,분류!$H$24) -> 0 | I209: =SUMIFS(Master!$L$2:$L$779,Master!$E$2:$E$779,분류!B209,Master!$G$2:$G$779,분류!$I$24) -> 0 | J209: =SUMIF(Master!$E$2:$E$779,분류!B209,Master!$Q$2:$Q$779) -> 0 | K209: =J209/C209 -> #DIV/0!
B210: 대유에이텍 | C210: =SUMIF(Master!$E$2:$E$779,분류!B210,Master!$L$2:$L$779) -> 0 | D210: =SUMIFS(Master!$L$2:$L$779,Master!$E$2:$E$779,분류!B210,Master!$G$2:$G$779,분류!$D$24) -> 0 | E210: =SUMIFS(Master!$L$2:$L$779,Master!$E$2:$E$779,분류!B210,Master!$G$2:$G$779,분류!$E$24) -> 0 | F210: =SUMIFS(Master!$L$2:$L$779,Master!$E$2:$E$779,분류!B210,Master!$G$2:$G$779,분류!$F$24) -> 0 | G210: =SUMIFS(Master!$L$2:$L$779,Master!$E$2:$E$779,분류!B210,Master!$G$2:$G$779,분류!$G$24) -> 0 | H210: =SUMIFS(Master!$L$2:$L$779,Master!$E$2:$E$779,분류!B210,Master!$G$2:$G$779,분류!$H$24) -> 0 | I210: =SUMIFS(Master!$L$2:$L$779,Master!$E$2:$E$779,분류!B210,Master!$G$2:$G$779,분류!$I$24) -> 0 | J210: =SUMIF(Master!$E$2:$E$779,분류!B210,Master!$Q$2:$Q$779) -> 0 | K210: =J210/C210 -> #DIV/0!
B211: 대한변협법학전문대학원평가위원회 | C211: =SUMIF(Master!$E$2:$E$779,분류!B211,Master!$L$2:$L$779) -> 0 | D211: =SUMIFS(Master!$L$2:$L$779,Master!$E$2:$E$779,분류!B211,Master!$G$2:$G$779,분류!$D$24) -> 0 | E211: =SUMIFS(Master!$L$2:$L$779,Master!$E$2:$E$779,분류!B211,Master!$G$2:$G$779,분류!$E$24) -> 0 | F211: =SUMIFS(Master!$L$2:$L$779,Master!$E$2:$E$779,분류!B211,Master!$G$2:$G$779,분류!$F$24) -> 0 | G211: =SUMIFS(Master!$L$2:$L$779,Master!$E$2:$E$779,분류!B211,Master!$G$2:$G$779,분류!$G$24) -> 0 | H211: =SUMIFS(Master!$L$2:$L$779,Master!$E$2:$E$779,분류!B211,Master!$G$2:$G$779,분류!$H$24) -> 0 | I211: =SUMIFS(Master!$L$2:$L$779,Master!$E$2:$E$779,분류!B211,Master!$G$2:$G$779,분류!$I$24) -> 0 | J211: =SUMIF(Master!$E$2:$E$779,분류!B211,Master!$Q$2:$Q$779) -> 0 | K211: =J211/C211 -> #DIV/0!
B212: 디에이치라이팅 | C212: =SUMIF(Master!$E$2:$E$779,분류!B212,Master!$L$2:$L$779) -> 0 | D212: =SUMIFS(Master!$L$2:$L$779,Master!$E$2:$E$779,분류!B212,Master!$G$2:$G$779,분류!$D$24) -> 0 | E212: =SUMIFS(Master!$L$2:$L$779,Master!$E$2:$E$779,분류!B212,Master!$G$2:$G$779,분류!$E$24) -> 0 | F212: =SUMIFS(Master!$L$2:$L$779,Master!$E$2:$E$779,분류!B212,Master!$G$2:$G$779,분류!$F$24) -> 0 | G212: =SUMIFS(Master!$L$2:$L$779,Master!$E$2:$E$779,분류!B212,Master!$G$2:$G$779,분류!$G$24) -> 0 | H212: =SUMIFS(Master!$L$2:$L$779,Master!$E$2:$E$779,분류!B212,Master!$G$2:$G$779,분류!$H$24) -> 0 | I212: =SUMIFS(Master!$L$2:$L$779,Master!$E$2:$E$779,분류!B212,Master!$G$2:$G$779,분류!$I$24) -> 0 | J212: =SUMIF(Master!$E$2:$E$779,분류!B212,Master!$Q$2:$Q$779) -> 0 | K212: =J212/C212 -> #DIV/0!
B213: 디에이치솔루션 | C213: =SUMIF(Master!$E$2:$E$779,분류!B213,Master!$L$2:$L$779) -> 0 | D213: =SUMIFS(Master!$L$2:$L$779,Master!$E$2:$E$779,분류!B213,Master!$G$2:$G$779,분류!$D$24) -> 0 | E213: =SUMIFS(Master!$L$2:$L$779,Master!$E$2:$E$779,분류!B213,Master!$G$2:$G$779,분류!$E$24) -> 0 | F213: =SUMIFS(Master!$L$2:$L$779,Master!$E$2:$E$779,분류!B213,Master!$G$2:$G$779,분류!$F$24) -> 0 | G213: =SUMIFS(Master!$L$2:$L$779,Master!$E$2:$E$779,분류!B213,Master!$G$2:$G$779,분류!$G$24) -> 0 | H213: =SUMIFS(Master!$L$2:$L$779,Master!$E$2:$E$779,분류!B213,Master!$G$2:$G$779,분류!$H$24) -> 0 | I213: =SUMIFS(Master!$L$2:$L$779,Master!$E$2:$E$779,분류!B213,Master!$G$2:$G$779,분류!$I$24) -> 0 | J213: =SUMIF(Master!$E$2:$E$779,분류!B213,Master!$Q$2:$Q$779) -> 0 | K213: =J213/C213 -> #DIV/0!
B214: 디에이치정보기술 | C214: =SUMIF(Master!$E$2:$E$779,분류!B214,Master!$L$2:$L$779) -> 0 | D214: =SUMIFS(Master!$L$2:$L$779,Master!$E$2:$E$779,분류!B214,Master!$G$2:$G$779,분류!$D$24) -> 0 | E214: =SUMIFS(Master!$L$2:$L$779,Master!$E$2:$E$779,분류!B214,Master!$G$2:$G$779,분류!$E$24) -> 0 | F214: =SUMIFS(Master!$L$2:$L$779,Master!$E$2:$E$779,분류!B214,Master!$G$2:$G$779,분류!$F$24) -> 0 | G214: =SUMIFS(Master!$L$2:$L$779,Master!$E$2:$E$779,분류!B214,Master!$G$2:$G$779,분류!$G$24) -> 0 | H214: =SUMIFS(Master!$L$2:$L$779,Master!$E$2:$E$779,분류!B214,Master!$G$2:$G$779,분류!$H$24) -> 0 | I214: =SUMIFS(Master!$L$2:$L$779,Master!$E$2:$E$779,분류!B214,Master!$G$2:$G$779,분류!$I$24) -> 0 | J214: =SUMIF(Master!$E$2:$E$779,분류!B214,Master!$Q$2:$Q$779) -> 0 | K214: =J214/C214 -> #DIV/0!
B215: 딥노이드 | C215: =SUMIF(Master!$E$2:$E$779,분류!B215,Master!$L$2:$L$779) -> 0 | D215: =SUMIFS(Master!$L$2:$L$779,Master!$E$2:$E$779,분류!B215,Master!$G$2:$G$779,분류!$D$24) -> 0 | E215: =SUMIFS(Master!$L$2:$L$779,Master!$E$2:$E$779,분류!B215,Master!$G$2:$G$779,분류!$E$24) -> 0 | F215: =SUMIFS(Master!$L$2:$L$779,Master!$E$2:$E$779,분류!B215,Master!$G$2:$G$779,분류!$F$24) -> 0 | G215: =SUMIFS(Master!$L$2:$L$779,Master!$E$2:$E$779,분류!B215,Master!$G$2:$G$779,분류!$G$24) -> 0 | H215: =SUMIFS(Master!$L$2:$L$779,Master!$E$2:$E$779,분류!B215,Master!$G$2:$G$779,분류!$H$24) -> 0 | I215: =SUMIFS(Master!$L$2:$L$779,Master!$E$2:$E$779,분류!B215,Master!$G$2:$G$779,분류!$I$24) -> 0 | J215: =SUMIF(Master!$E$2:$E$779,분류!B215,Master!$Q$2:$Q$779) -> 0 | K215: =J215/C215 -> #DIV/0!
B216: 롯데컬처웍스 | C216: =SUMIF(Master!$E$2:$E$779,분류!B216,Master!$L$2:$L$779) -> 0 | D216: =SUMIFS(Master!$L$2:$L$779,Master!$E$2:$E$779,분류!B216,Master!$G$2:$G$779,분류!$D$24) -> 0 | E216: =SUMIFS(Master!$L$2:$L$779,Master!$E$2:$E$779,분류!B216,Master!$G$2:$G$779,분류!$E$24) -> 0 | F216: =SUMIFS(Master!$L$2:$L$779,Master!$E$2:$E$779,분류!B216,Master!$G$2:$G$779,분류!$F$24) -> 0 | G216: =SUMIFS(Master!$L$2:$L$779,Master!$E$2:$E$779,분류!B216,Master!$G$2:$G$779,분류!$G$24) -> 0 | H216: =SUMIFS(Master!$L$2:$L$779,Master!$E$2:$E$779,분류!B216,Master!$G$2:$G$779,분류!$H$24) -> 0 | I216: =SUMIFS(Master!$L$2:$L$779,Master!$E$2:$E$779,분류!B216,Master!$G$2:$G$779,분류!$I$24) -> 0 | J216: =SUMIF(Master!$E$2:$E$779,분류!B216,Master!$Q$2:$Q$779) -> 0 | K216: =J216/C216 -> #DIV/0!
B217: 불국토 | C217: =SUMIF(Master!$E$2:$E$779,분류!B217,Master!$L$2:$L$779) -> 0 | D217: =SUMIFS(Master!$L$2:$L$779,Master!$E$2:$E$779,분류!B217,Master!$G$2:$G$779,분류!$D$24) -> 0 | E217: =SUMIFS(Master!$L$2:$L$779,Master!$E$2:$E$779,분류!B217,Master!$G$2:$G$779,분류!$E$24) -> 0 | F217: =SUMIFS(Master!$L$2:$L$779,Master!$E$2:$E$779,분류!B217,Master!$G$2:$G$779,분류!$F$24) -> 0 | G217: =SUMIFS(Master!$L$2:$L$779,Master!$E$2:$E$779,분류!B217,Master!$G$2:$G$779,분류!$G$24) -> 0 | H217: =SUMIFS(Master!$L$2:$L$779,Master!$E$2:$E$779,분류!B217,Master!$G$2:$G$779,분류!$H$24) -> 0 | I217: =SUMIFS(Master!$L$2:$L$779,Master!$E$2:$E$779,분류!B217,Master!$G$2:$G$779,분류!$I$24) -> 0 | J217: =SUMIF(Master!$E$2:$E$779,분류!B217,Master!$Q$2:$Q$779) -> 0 | K217: =J217/C217 -> #DIV/0!
B218: 비티엔투어 | C218: =SUMIF(Master!$E$2:$E$779,분류!B218,Master!$L$2:$L$779) -> 0 | D218: =SUMIFS(Master!$L$2:$L$779,Master!$E$2:$E$779,분류!B218,Master!$G$2:$G$779,분류!$D$24) -> 0 | E218: =SUMIFS(Master!$L$2:$L$779,Master!$E$2:$E$779,분류!B218,Master!$G$2:$G$779,분류!$E$24) -> 0 | F218: =SUMIFS(Master!$L$2:$L$779,Master!$E$2:$E$779,분류!B218,Master!$G$2:$G$779,분류!$F$24) -> 0 | G218: =SUMIFS(Master!$L$2:$L$779,Master!$E$2:$E$779,분류!B218,Master!$G$2:$G$779,분류!$G$24) -> 0 | H218: =SUMIFS(Master!$L$2:$L$779,Master!$E$2:$E$779,분류!B218,Master!$G$2:$G$779,분류!$H$24) -> 0 | I218: =SUMIFS(Master!$L$2:$L$779,Master!$E$2:$E$779,분류!B218,Master!$G$2:$G$779,분류!$I$24) -> 0 | J218: =SUMIF(Master!$E$2:$E$779,분류!B218,Master!$Q$2:$Q$779) -> 0 | K218: =J218/C218 -> #DIV/0!
B219: 삼정펄프 | C219: =SUMIF(Master!$E$2:$E$779,분류!B219,Master!$L$2:$L$779) -> 0 | D219: =SUMIFS(Master!$L$2:$L$779,Master!$E$2:$E$779,분류!B219,Master!$G$2:$G$779,분류!$D$24) -> 0 | E219: =SUMIFS(Master!$L$2:$L$779,Master!$E$2:$E$779,분류!B219,Master!$G$2:$G$779,분류!$E$24) -> 0 | F219: =SUMIFS(Master!$L$2:$L$779,Master!$E$2:$E$779,분류!B219,Master!$G$2:$G$779,분류!$F$24) -> 0 | G219: =SUMIFS(Master!$L$2:$L$779,Master!$E$2:$E$779,분류!B219,Master!$G$2:$G$779,분류!$G$24) -> 0 | H219: =SUMIFS(Master!$L$2:$L$779,Master!$E$2:$E$779,분류!B219,Master!$G$2:$G$779,분류!$H$24) -> 0 | I219: =SUMIFS(Master!$L$2:$L$779,Master!$E$2:$E$779,분류!B219,Master!$G$2:$G$779,분류!$I$24) -> 0 | J219: =SUMIF(Master!$E$2:$E$779,분류!B219,Master!$Q$2:$Q$779) -> 0 | K219: =J219/C219 -> #DIV/0!
... B258: 휴맥스네트웍스 | C258: =SUMIF(Master!$E$2:$E$779,분류!B258,Master!$L$2:$L$779) -> 0 | D258: =SUMIFS(Master!$L$2:$L$779,Master!$E$2:$E$779,분류!B258,Master!$G$2:$G$779,분류!$D$24) -> 0 | E258: =SUMIFS(Master!$L$2:$L$779,Master!$E$2:$E$779,분류!B258,Master!$G$2:$G$779,분류!$E$24) -> 0 | F258: =SUMIFS(Master!$L$2:$L$779,Master!$E$2:$E$779,분류!B258,Master!$G$2:$G$779,분류!$F$24) -> 0 | G258: =SUMIFS(Master!$L$2:$L$779,Master!$E$2:$E$779,분류!B258,Master!$G$2:$G$779,분류!$G$24) -> 0 | H258: =SUMIFS(Master!$L$2:$L$779,Master!$E$2:$E$779,분류!B258,Master!$G$2:$G$779,분류!$H$24) -> 0 | I258: =SUMIFS(Master!$L$2:$L$779,Master!$E$2:$E$779,분류!B258,Master!$G$2:$G$779,분류!$I$24) -> 0 | J258: =SUMIF(Master!$E$2:$E$779,분류!B258,Master!$Q$2:$Q$779) -> 0 | K258: =J258/C258 -> #DIV/0!

Sheet 1월
B1: ="["&YEAR(D3)&"년 "&MONTH(D3)&"월 매출]" -> [2025년 1월 매출]
B2: 품의코드 | C2: Vendor 코드 | D2: 날짜 | E2: 매출처 | F2: END-USER | G2: 구분 | H2: MA : 청구구분 상품 : PN | I2: 거래내용 | J2: 수량 | K2: 단가 | L2: 공급가액 | M2: 부가세 | N2: 공급가합계 | O2: 매입액 | P2: 매입거래처 | Q2: GP | R2: 입금일 | S2: 영업 담당자 | T2: 비고
A3: . | B3: S | D3: 45658 | E3: 홈닥터 | F3: 광명자이 1811호 | G3: 건물임대 | H3: 임대료 | I3: 12월(12.5~25.1.4) 임대료 - 11/24회 | J3: 1 | K3: 550000 | L3: =J3*K3 -> 550000 | M3: =L3*10% -> 55000 | N3: =SUM(L3:M3) -> 605000 | O3: 0 | P3: X | Q3: =L3-O3 -> 550000 | R3: 완료(1/2) | S3: 정지우
A4: . | B4: IK-22025 | D4: 45658 | E4: 디에스피 | F4: 엘지생활건강 | G4: MA | H4: 월간-IBM | I4: 1월 유지정비료 - 12/12회 | J4: 1 | K4: 635000 | L4: =J4*K4 -> 635000 | M4: =L4*10% -> 63500 | N4: =SUM(L4:M4) -> 698500 | O4: 532212 | P4: IBM(1/2) | Q4: =L4-O4 -> 102788 | R4: 완료(1/31) | S4: 천범석
A5: . | B5: SM-23015 | D5: 45658 | E5: 동원프라스틱 | F5: 동원프라스틱 | G5: MA | H5: 월간 | I5: 1월 유지정비료 - 10/13회 | J5: 1 | K5: 1200000 | L5: =J5*K5 -> 1200000 | M5: =L5*10% -> 120000 | N5: =SUM(L5:M5) -> 1320000 | O5: =4800000/6 -> 800000 | P5: 시스나인(25/3/4) 4,800,000 1/6회 | Q5: =L5-O5 -> 400000 | R5: 완료(25/1/31) | S5: 이예지
A6: . | B6: IK-23016 | D6: 45658 | E6: 케이정보기술 | F6: 청주시청 | G6: MA | H6: 월간-IBM | I6: 1월 유지정비료 - 17/36회 | J6: 1 | K6: 1300000 | L6: =J6*K6 -> 1300000 | M6: =L6*10% -> 130000 | N6: =SUM(L6:M6) -> 1430000 | O6: =1123962+8384 -> 1132346 | P6: IBM(1/2) IBM(1/31) 8,384 | Q6: =L6-O6 -> 167654 | R6: 완료(2/28) | S6: 천범석
A7: . | B7: SM-24011 | D7: 45658 | E7: 가나병원 | G7: MA | H7: 월간 | I7: 1월 유지정비료 - 9/12회 | J7: 1 | K7: 300000 | L7: =J7*K7 -> 300000 | M7: =L7*10% -> 30000 | N7: =SUM(L7:M7) -> 330000 | O7: 0 | P7: SM | Q7: =L7-O7 -> 300000 | R7: 완료(1/9) | S7: 천범석
A8: . | B8: LI-24004 | D8: 45658 | E8: 한국메탈 | G8: MA | H8: 월간-IBM | I8: 1월 유지정비료 - 9/36회 | J8: 1 | K8: 507500 | L8: =J8*K8 -> 507500 | M8: =L8*10% -> 50750 | N8: =SUM(L8:M8) -> 558250 | O8: =316682+800000/8 -> 416682 | P8: IBM(1/2) 316,682 시스나인(1/2) 연간 1,200,000(1/12회) | Q8: =L8-O8 -> 90818 | R8: 완료(1/24) | S8: 천범석
A9: . | B9: LI-24005 | C9: Z4ACEZ | D9: 45658 | E9: 해종합건축사사무소 | G9: MA | H9: 월간-IBM | I9: 1월 유지정비료 - 8/12회 | J9: 1 | K9: 1554500 | L9: =J9*K9 -> 1554500 | M9: =L9*10% -> 155450 | N9: =SUM(L9:M9) -> 1709950 | O9: =171600+6000000/12+436400+200000 -> 1308000 | P9: 레노버(1/31) 171,600 IBM(1/1) 436,400 에스엔에이(1/15) 200,000 시스나인(25/3/4) 연간 6,000,000 8/12회 | Q9: =L9-O9 -> 246500 | R9: 완료(25/1/24) | S9: 천범석
A10: . | B10: SB-24039 | C10: ZZGBBZ | D10: 45658 | E10: 한국디지털방송 | G10: MA | H10: 월간-레노버 | I10: 1월 유지정비료 - 7/12회 | J10: 1 | K10: 1423000 | L10: =J10*K10 -> 1423000 | M10: =L10*10% -> 142300 | N10: =SUM(L10:M10) -> 1565300 | O10: 1120200 | P10: 레노버(1/31) | Q10: =L10-O10 -> 302800 | R10: 완료(1/24) | S10: 천범석
A11: . | B11: IK-24008 | D11: 45658 | E11: 서비스링크 | F11: 세원정공(폴라리스세원) | G11: MA | H11: 월간-레노버 | I11: 1월 유지정비료 - 7/12회 | J11: 1 | K11: 238000 | L11: =J11*K11 -> 238000 | M11: =L11*10% -> 23800 | N11: =SUM(L11:M11) -> 261800 | O11: 198018 | P11: IBM(1/2) | Q11: =L11-O11 -> 39982 | R11: 완료(1/31) | S11: 천범석
A12: . | B12: IK-24013 | D12: 45658 | E12: 레드텍 | F12: 대한상공회의소 | G12: MA | H12: 월간-IBM | I12: 1월 유지정비료 - 3/12회 | J12: 1 | K12: 158400 | L12: =J12*K12 -> 158400 | M12: =L12*10% -> 15840 | N12: =SUM(L12:M12) -> 174240 | O12: 94111 | P12: IBM(1/2) | Q12: =L12-O12 -> 64289 | R12: 완료(1/16) | S12: 천범석
A13: . | B13: SM-23012 | D13: 45658 | E13: 택스홈앤아웃 | F13: 본사 | G13: MA | H13: 월간 | I13: VPN 서비스 1월임대료 - 1/12회 280,000 + 보안스위치 1월 2대*120,000 | J13: 1 | K13: =280000+2*120000 -> 520000 | L13: =J13*K13 -> 520000 | M13: =L13*10% -> 52000 | N13: =SUM(L13:M13) -> 572000 | O13: =213400+155200 -> 368600 | P13: 엘림넷(1/10) 213,400 (1/10) 155,200 | Q13: =L13-O13 -> 151400 | R13: 완료(25/1/31) | S13: 이예지
A14: . | B14: SM-23013 | D14: 45658 | E14: 하이엔드택스 강남지점 | F14: 압구정 | G14: MA | H14: 월간 | I14: VPN 서비스/ 1월임대료 - 1/12회 | J14: 1 | K14: 320000 | L14: =J14*K14 -> 320000 | M14: =L14*10% -> 32000 | N14: =SUM(L14:M14) -> 352000 | O14: =145500+77600 -> 223100 | P14: 엘림넷(1/10) 145,500 (1/10) 77,600 | Q14: =L14-O14 -> 96900 | R14: 완료132,000(1/3) 220,000(2/3) | S14: 이예지
A15: . | B15: SM-23016 | D15: 45658 | E15: 에실로코리아 | F15: 에실로코리아 | G15: MA | H15: 월간 | I15: 1월 유지정비료 - 1/12회 | J15: 1 | K15: 100000 | L15: =J15*K15 -> 100000 | M15: =L15*10% -> 10000 | N15: =SUM(L15:M15) -> 110000 | O15: 0 | P15: SM | Q15: =L15-O15 -> 100000 | R15: 완료(2/14) | S15: 이예지
A16: . | B16: IK-22022 | D16: 45658 | E16: 로인아이티 | F16: 한일전기 | G16: MA | H16: 월간-IBM | I16: 분기(1~3월) 유지정비료 - 9/12회 | J16: 1 | K16: 1233000 | L16: =J16*K16 -> 1233000 | M16: =L16*10% -> 123300 | N16: =SUM(L16:M16) -> 1356300 | O16: =309047*3 -> 927141 | P16: IBM (1/1)309,047 (2/3)(3/1) | Q16: =L16-O16 -> 305859 | R16: 완료(2/25) | S16: 천범석
A17: . | B17: SB-22053 | C17: ZEKV4M | D17: 45658 | E17: 심플키 | F17: 한국산업은행 | G17: MA | H17: 월간-레노버 | I17: 분기(1~3월) 유지정비료 - 9/12회 | J17: 1 | K17: 200000 | L17: =J17*K17 -> 200000 | M17: =L17*10% -> 20000 | N17: =SUM(L17:M17) -> 220000 | O17: =58800*3 -> 176400 | P17: 레노버 월 58,800(1/31)(2/28)(3/31) | Q17: =L17-O17 -> 23600 | R17: 완료(1/31) | S17: 천범석
A18: . | B18: SB-24042 | C18: ZTME0P | D18: 45658 | E18: 심플키 | F18: 티시스 | G18: MA | H18: 월간-레노버 | I18: 분기(1~3월) 유지정비료 - 3/4회 | J18: 1 | K18: 5651400 | L18: =J18*K18 -> 5651400 | M18: =L18*10% -> 565140 | N18: =SUM(L18:M18) -> 6216540 | O18: =1706400*3+1000000/12*3 -> 5369200 | P18: 레노버 (1/31) 1,706,400 (2/28)(3/31) 시스나인(7/1) 연간 1,000,000 (8~10/12회) | Q18: =L18-O18 -> 282200 | R18: 완료(3/31) | S18: 천범석
A19: . | B19: SB-24066 | C19: ZDSNDX | D19: 45659 | E19: 이룸정보 | F19: 중국광대은행 | G19: MA | H19: 월간-레노버 | I19: 1~11월 유지정비료 | J19: 11 | K19: 108000 | L19: =J19*K19 -> 1188000 | M19: =L19*10% -> 118800 | N19: =SUM(L19:M19) -> 1306800 | O19: =98100*11 -> 1079100 | P19: 레노버 98,100(1/31)(2/28)(3/31)(4/30) (5/31)(6/30)(7/31)(8/31)(9/30)(10/31)(11/30) | Q19: =L19-O19 -> 108900 | R19: 완료(3/25) | S19: 천범석
A20: . | B20: SL-24050 | C20: ZXFJNS | D20: 45661 | E20: 스마트에프앤디 | G20: MA | H20: 월간-레노버 | I20: 연간유지정비료(25.01.04~26.01.03) | J20: 1 | K20: 1320000 | L20: =J20*K20 -> 1320000 | M20: =L20*10% -> 132000 | N20: =SUM(L20:M20) -> 1452000 | O20: 1198800 | P20: 레노버(1/31)89,910 월 99,900 (2/28)(3/31)(4/30)(5/31) (6/30)(7/31)(8/31)(9/30)(10/31)(11/30)(12/31)(26/1/ ) | Q20: =L20-O20 -> 121200 | R20: 완료(1/15) | S20: 천범석
A21: . | B21: S | D21: 45662 | E21: 장형기업 | F21: 검단미플존 316호 | G21: 건물임대 | H21: 임대료 | I21: 1월 임대료 - 3/8회 | J21: 1 | K21: 367500 | L21: =J21*K21 -> 367500 | M21: =L21*10% -> 36750 | N21: =SUM(L21:M21) -> 404250 | O21: 0 | P21: X | Q21: =L21-O21 -> 367500 | R21: 완료(25/1/31) | S21: 정지우
A22: . | B22: SM-24021 | D22: 45662 | E22: 제이원캐피탈 | G22: MA | H22: 월간 | I22: 12월 유지정비료 - 4/12회 | J22: 1 | K22: 7060000 | L22: =J22*K22 -> 7060000 | M22: =L22*10% -> 706000 | N22: =SUM(L22:M22) -> 7766000 | O22: =691781+300000+70000+1000000/12+810000+352900+5000000/3 -> 3974681 | P22: IBM(12/1) 691,781 에스엔에이(12/31) 300,000 키미데이타(12/31) 70,000 코오롱베니트(10/31) 1,000,000연간(4/12회) 더파트(12/31) 810,000 DCSS(24/12/31) 352,900 시스나인(11/1) 분기5,000 000(3/3회) | Q22: =L22-O22 -> 3085319 | R22: 완료(1/31) | S22: 이예지
A23: . | B23: SM-24020 | D23: 45662 | E23: 에이비씨한국 | G23: MA | H23: 월간 | I23: BOARD SYSTEM Maintenance 1월분 - 4/12회 | J23: 1 | K23: 1100000 | L23: =J23*K23 -> 1100000 | M23: =L23*10% -> 110000 | N23: =SUM(L23:M23) -> 1210000 | O23: 1060000 | P23: 로보츠(1/5) | Q23: =L23-O23 -> 40000 | R23: 완료(2/28) | S23: 이예지
B24: IK-24012 | D24: 45663 | E24: 인정보시스템 | F24: 대구텍 | G24: MA | H24: 월간-IBM | I24: 1월 유지정비료 - 1/6회 | J24: 1 | K24: 1039500 | L24: =J24*K24 -> 1039500 | M24: =L24*10% -> 103950 | N24: =SUM(L24:M24) -> 1143450 | O24: 862260 | P24: IBM(1/6) | Q24: =L24-O24 -> 177240 | R24: 완료(1/31) | S24: 천범석 | U24: 여신 30일견적됨, 확인필요
B25: S | D25: 45666 | E25: 에이비씨한국 | G25: 상품 | H25: 노트북 | I25: 엘지 노트북 납품 외 | J25: 1 | K25: 1520000 | L25: =J25*K25 -> 1520000 | M25: =L25*10% -> 152000 | N25: =SUM(L25:M25) -> 1672000 | O25: 1490000 | P25: 로보츠(1/9) | Q25: =L25-O25 -> 30000 | R25: 완료(2/28) | S25: 이예지
A26: . | B26: SM-25003 | C26: ZZ6BIS | D26: 45666 | E26: 영화시스템 | F26: CGV통합 | G26: MA | H26: 연간 | I26: 연간유지정비료(25.01.01~25.12.31) | J26: 1 | K26: 95680000 | L26: =J26*K26 -> 95680000 | M26: =L26*10% -> 9568000 | N26: =SUM(L26:M26) -> 105248000 | O26: =33750000+17010000+8454000+6730000+680000+18000000 -> 84624000 | P26: IBM 총 33,750,000 월 2,812,500 (1/2)(2/3)(3/4)(4/1)(5/1)(6/2)(7/1)(8/1) (9/1)(10/1)(11/1)(1/21) 레노버 17,010,000 월 1,417,500 (1/31)(2/28)(3/31)(4/30)(5/31)(6/30)(7/31)(8/31)(9/30)(10/31)(11/30)(12/31) 코오롱베니트(1/31) 680,000 에티버스(1/31) 8,454,000 에티버스(6/30) 6,730,000 시스나인(2/28) 18,000,000 | Q26: =L26-O26 -> 11056000 | R26: 완료(3/10) | S26: 천범석
A27: . | B27: S | D27: 45667 | E27: 중소기업은행 | F27: 호계214~216호 | G27: 건물임대 | H27: 임대료 | I27: 1월 임대료 (12.13~1.12) | J27: 1 | K27: 6090000 | L27: =J27*K27 -> 6090000 | M27: =L27*10% -> 609000 | N27: =SUM(L27:M27) -> 6699000 | O27: 0 | P27: X | Q27: =L27-O27 -> 6090000 | R27: 완료(1/13) | S27: 정지우
A28: . | B28: S | D28: 45667 | E28: 아이티앤 | F28: 우물단 | G28: 상품 | H28: 기술지원 | I28: 전산장비 이전, 시스템 마이그레이션 (1차) | J28: 1 | K28: 12500000 | L28: =J28*K28 -> 12500000 | M28: =L28*10% -> 1250000 | N28: =SUM(L28:M28) -> 13750000 | O28: 0 | P28: (24/12/26) | Q28: 0 | R28: 완료(25/1/31) | S28: 이예지 | U28: 매출정리
A29: . | B29: S | D29: 45669 | E29: 왕길토건 | F29: 검단미플존 317호 | G29: 건물임대 | H29: 임대료 | I29: 12월 임대료(24/12/12~25/1/10) - 3/10회 | J29: 1 | K29: 400000 | L29: =J29*K29 -> 400000 | M29: =L29*10% -> 40000 | N29: =SUM(L29:M29) -> 440000 | O29: 0 | P29: X | Q29: =L29-O29 -> 400000 | R29: 완료(25/1/31) | S29: 정지우
B30: S | D30: 45671 | E30: 에이비씨한국 | F30: 평택 | G30: 상품 | H30: 노트북 | I30: 엘지 노트북 납품 외 | J30: 1 | K30: 2273000 | L30: =J30*K30 -> 2273000 | M30: =L30*10% -> 227300 | N30: =SUM(L30:M30) -> 2500300 | O30: 2227000 | P30: 로보츠(1/14) | Q30: =L30-O30 -> 46000 | R30: 완료(2/28) | S30: 이예지
A31: . | B31: S | D31: 45672 | E31: 순환 | F31: 검단미플존 318호 | G31: 건물임대 | H31: 임대료 | I31: 1월 임대료(24/12/20~25/1/19) - 3/9회 | J31: 1 | K31: 346500 | L31: =J31*K31 -> 346500 | M31: =L31*10% -> 34650 | N31: =SUM(L31:M31) -> 381150 | O31: 0 | P31: X | Q31: =L31-O31 -> 346500 | R31: 완료(1/24) | S31: 정지우
A32: . | B32: SB-24011 | C32: Z5PURB | D32: 45672 | E32: 비온시이노베이터 | F32: 국립농업과학원 | G32: MA | H32: 월간-레노버 | I32: 12월 유지정비료 - 12/24회 | J32: 1 | K32: 875000 | L32: =J32*K32 -> 875000 | M32: =L32*10% -> 87500 | N32: =SUM(L32:M32) -> 962500 | O32: =511500+3400000/12 -> 794833.33 | P32: 레노버(12/31)511,500 시스나인(25/1/2) 연간3,400,000(12/12회) | Q32: =L32-O32 -> 80166.667 | R32: 완료(2/10) | S32: 천범석
A33: . | B33: H250102-01 | D33: 45672 | E33: 아이엠티에스아이 | G33: 상품 | H33: 01AF542 | I33: Processor VRM 2B4E For 8231-E1C, E1D, E2D, 8268-E1D, 8246-L1C | J33: 1 | K33: 430000 | L33: =J33*K33 -> 430000 | M33: =L33*10% -> 43000 | N33: =SUM(L33:M33) -> 473000 | O33: 400000 | P33: 이비웨이브(1/2) | Q33: =L33-O33 -> 30000 | R33: 완료(1/17) | S33: 천범석
A34: . | B34: H250106-01 | D34: 45672 | E34: 아이엠티에스아이 | G34: 상품 | H34: 69Y2926 | I34: Controller Battery for DS3512/DS3524 | J34: 1 | K34: 280000 | L34: =J34*K34 -> 280000 | M34: =L34*10% -> 28000 | N34: =SUM(L34:M34) -> 308000 | O34: 250000 | P34: 이비웨이브(1/6) | Q34: =L34-O34 -> 30000 | R34: 완료(1/17) | S34: 천범석
B35: H250310 | D35: 45673 | E35: 더블포인트 | G35: 상품 | H35: CABLE | I35: LC-LC OM3, 멀티 광점퍼코드 15M 30개 외 | J35: 1 | K35: 900000 | L35: =J35*K35 -> 900000 | M35: =L35*10% -> 90000 | N35: =SUM(L35:M35) -> 990000 | O35: =248000/1.1+285455 -> 510909.55 | P35: 쿠팡(3/10법카) 285,455 컴퓨존(3/14) 시스나인(3/4) 330,000 | Q35: =L35-O35 -> 389090.45 | R35: 완료(3/10) | S35: 이예지
A36: . | B36: Y241223-01 | D36: 45673 | E36: 라온전자 | G36: 상품 | H36: 맥북프로 | I36: M3 Pro 11코어 / 14코어 GPU / 512GB / 18GB / 실버 | J36: 1 | K36: 2500000 | L36: =J36*K36 -> 2500000 | M36: =L36*10% -> 250000 | N36: =SUM(L36:M36) -> 2750000 | O36: =2160909+18000 -> 2178909 | P36: 쿠팡(12/6법카) 2,160,909 우림퀵(1/31) 18,000 | Q36: =L36-O36 -> 321091 | R36: 완료(1/31) | S36: 홍승민
A37: . | B37: Y250102-01 | D37: 45673 | E37: 라온전자 | G37: 상품 | H37: 맥북프로 | I37: M3 Pro 11코어 / 14코어 GPU / 512GB / 18GB / 블랙 | J37: 1 | K37: 2500000 | L37: =J37*K37 -> 2500000 | M37: =L37*10% -> 250000 | N37: =SUM(L37:M37) -> 2750000 | O37: 2312436 | P37: 쿠팡(12/30법카) | Q37: =L37-O37 -> 187564 | R37: 완료(1/31) | S37: 홍승민
A38: . | B38: Y250107-01 | D38: 45673 | E38: 라온전자 | G38: 상품 | H38: Monitor | I38: LG 27MR400 | J38: 1 | K38: 170000 | L38: =J38*K38 -> 170000 | M38: =L38*10% -> 17000 | N38: =SUM(L38:M38) -> 187000 | O38: 150000 | P38: 컴퓨존(1/7) | Q38: =L38-O38 -> 20000 | R38: 완료(1/31) | S38: 홍승민
A39: . | B39: Y250113-01 | D39: 45673 | E39: 라온전자 | G39: 상품 | H39: 소모품 | I39: 로지텍 K120 NEW+ 마우스 M90 세트 외 | J39: 1 | K39: 294000 | L39: =J39*K39 -> 294000 | M39: =L39*10% -> 29400 | N39: =SUM(L39:M39) -> 323400 | O39: =195273+20182+23182+6000 -> 244637 | P39: 컴퓨존(1/13) 195,273 쿠팡(1/13법카)20,182 네이버(1/13법카)23,182 로젠택배(1/31) 6,000 | Q39: =L39-O39 -> 49363 | R39: 완료(1/31) | S39: 홍승민
A40: . | B40: H250118-01 | D40: 45675 | E40: 넷매니아 | G40: 상품 | H40: POWER | I40: POWER SUPPLY for DELL ME4024 | J40: 1 | K40: 1050000 | L40: =J40*K40 -> 1050000 | M40: =L40*10% -> 105000 | N40: =SUM(L40:M40) -> 1155000 | O40: 800000 | P40: 에스엔에이(1/21) | Q40: =L40-O40 -> 250000 | R40: 완료(1/18) | S40: 천범석
A41: . | B41: Y240830-03 | D41: 45676 | E41: 스마트웨어 | F41: 세연시스템즈 | G41: 장비임대 | H41: 서버임대 | I41: X3650M5 임대 (Xeon E5-2640v3 2.6GHz 8C x2 / 128GB Memory / 600GB SAS x4 / Power x2)(24/12/2~25/1/1) | J41: 1 | K41: 200000 | L41: =J41*K41 -> 200000 | M41: =L41*10% -> 20000 | N41: =SUM(L41:M41) -> 220000 | O41: 0 | P41: 재고 | Q41: =L41-O41 -> 200000 | R41: 완료(2/17) | S41: 홍승민
B42: H250117-02 | D42: 45677 | E42: 제이원캐피탈 | G42: 상품 | H42: 00V7590 | I42: IBM LTO6 TAPE 2.5/6.25TB [라벨포함] | J42: 100 | K42: 55000 | L42: =J42*K42 -> 5500000 | M42: =L42*10% -> 550000 | N42: =SUM(L42:M42) -> 6050000 | O42: =48182*100 -> 4818200 | P42: 스토리지케이투(1/7) | Q42: =L42-O42 -> 681800 | R42: 완료(1/31) | S42: 천범석
A43: . | B43: S | D43: 45677 | E43: 아이지리더스 | F43: 광명자이 1812호 | G43: 건물임대 | H43: 임대료 | I43: 1월 임대료(12.26~1.25) 3/12회 | J43: 1 | K43: 800000 | L43: =J43*K43 -> 800000 | M43: =L43*10% -> 80000 | N43: =SUM(L43:M43) -> 880000 | O43: 0 | P43: X | Q43: =L43-O43 -> 800000 | R43: 완료(2/14) | S43: 정지우
A44: . | B44: SM-23017 | D44: 45677 | E44: 이앤피정보기술 | F44: 용진일렉콤 | G44: MA | H44: 월간 | I44: 1월 유지정비료 - 10/12회 | J44: 1 | K44: 200000 | L44: =J44*K44 -> 200000 | M44: =L44*10% -> 20000 | N44: =SUM(L44:M44) -> 220000 | O44: 0 | P44: X | Q44: =L44-O44 -> 200000 | R44: 완료(2/28) | S44: 이예지
A45: . | B45: SM-23023 | D45: 45677 | E45: 중앙유통단지관리운영회 | G45: 장비임대 | H45: 서버 | I45: 서버임대 SR650 2식 - 16/36회 | J45: 1 | K45: 1000000 | L45: =J45*K45 -> 1000000 | M45: =L45*10% -> 100000 | N45: =SUM(L45:M45) -> 1100000 | O45: =16728000/36+370000+1000000/12 -> 918000 | P45: 트루스케일 2대 15,800,000 SR250내 2.4T 2*100,000 이룸에스앤앤(9/5) 2*364,000 ========= 총 16,728,000 (16/36회) 이올테크(1/20) 370,000 시스나인(24/9/2) 연 1,000,000(4/12회) | Q45: =L45-O45 -> 82000 | R45: 완료(1/31) | S45: 천범석
A46: . | B46: SM-24007 | D46: 45677 | E46: 성대의료원 | G46: MA | H46: 월간 | I46: 1월 유지정비료 - 12/12회 | J46: 1 | K46: 1505000 | L46: =J46*K46 -> 1505000 | M46: =L46*10% -> 150500 | N46: =SUM(L46:M46) -> 1655500 | O46: =200000+288000+80000+2100000/3 -> 1268000 | P46: 다원씨앤에스(1/25) 200,000 IBM(1/1) 288,000 DCSS (2/28) 80,000 시스나인() 2,100,000(3/3회) | Q46: =L46-O46 -> 237000 | R46: 완료(2/27) | S46: 이예지
A47: . | B47: H250116-01 | D47: 45677 | E47: 디에이치라이팅 2공장 | G47: 상품 | H47: 765873-001 | I47: 2TB 7.2K 12G SAS 2.5inch Enterprise Hard Drive | J47: 3 | K47: 280000 | L47: =J47*K47 -> 840000 | M47: =L47*10% -> 84000 | N47: =SUM(L47:M47) -> 924000 | O47: 600000 | P47: 이비웨이브(1/16) | Q47: =L47-O47 -> 240000 | R47: 완료(2/28) | S47: 천범석
B48: H250117-01 | D48: 45678 | E48: 매사 | G48: 상품 | H48: 54C33 | I48: DELL Controller Battery FS8600(중고) - 매출취소(3/25수정발행) | J48: 1 | K48: 650000 | L48: =J48*K48 -> 650000 | M48: =L48*10% -> 65000 | N48: =SUM(L48:M48) -> 715000 | O48: =12000+12000+10000 -> 34000 | P48: 위퍼스트(1/16)-매출취소반납 우림퀵(1/31) 12,000 우림퀵(2/28) 반품 12,000 우림퀵(3/31) 반품 10,000 | Q48: =-O48 -> -34000 | R48: 완료(3/5) | S48: 천범석
A49: . | B49: Y250114-01 | D49: 45679 | E49: 인표정보 | G49: 상품 | H49: 기술지원 | I49: HPE Server 엔지니어기술지원(OS 백업 및 복원작업) | J49: 1 | K49: 550000 | L49: 780000 | M49: =L49*10% -> 78000 | N49: =SUM(L49:M49) -> 858000 | O49: =149090+120000*2 -> 389090 | P49: 컴퓨존(1/14) 우림퀵(1/31) 120,000*2회 | Q49: =L49-O49 -> 390910 | R49: 완료(2/25) | S49: 홍승민
A50: . | B50: Y250114-02 | E50: 인표정보 | G50: 상품 | H50: 자재비 | I50: 2TB 2.5" SATA SSD 외 | J50: 1 | K50: 230000
A51: . | B51: Y241127-02 | D51: 45680 | E51: 코드정보 | G51: 상품 | H51: 서버 | I51: HPE DL360Gen10 Plus | J51: 7 | K51: 4900000 | L51: =J51*K51 -> 34300000 | M51: =L51*10% -> 3430000 | N51: =SUM(L51:M51) -> 37730000 | O51: =7*4677000+40000 -> 32779000 | P51: 씨플랫폼(12/27) 7*4677000 우림퀵(1/31) 40,000 | Q51: =L51-O51 -> 1521000 | R51: 완료(3/31) | S51: 홍승민
A52: . | B52: Y241210-01 | D52: 45680 | E52: 코드정보 | G52: 상품 | H52: 워크스테이션 | I52: HP Z1 G9 Workstation | J52: 2 | K52: 1930000 | L52: 4240000 | M52: =L52*10% -> 424000 | N52: =SUM(L52:M52) -> 4664000 | O52: =4139840/1.1 -> 3763490.9 | P52: 컴퓨존(12/10) | Q52: =L52-O52 -> 476509.09 | R52: 완료(3/31) | S52: 홍승민
A53: . | E53: 코드정보 | G53: 상품 | H53: 모니터 | I53: HP P24h G5 FHD IPS 75 | J53: 2 | K53: 190000
A54: . | B54: Y250115-01 | D54: 45680 | E54: 파워시스 | F54: 솔튼병원 | G54: 상품 | H54: Board | I54: System Board for X3650M5 | J54: 1 | K54: 600000 | L54: 1450000 | M54: =L54*10% -> 145000 | N54: =SUM(L54:M54) -> 1595000 | O54: 0 | P54: SM | Q54: =L54-O54 -> 1450000 | R54: 완료(4/30) | S54: 홍승민
A55: . | E55: 파워시스 | G55: 상품 | H55: 기술지원 | I55: Server 기술지원 (On-Site) / 일과시간 지원 | J55: 1 | K55: 850000
A56: . | B56: Y250124-02 | D56: 45680 | E56: 이즈파크 | G56: 장비임대 | H56: Dell R730 | I56: 법률DB 개발서버임대(2025.01.06~2025.05.29) | J56: 1 | K56: 1000000 | L56: =J56*K56 -> 1000000 | M56: =L56*10% -> 100000 | N56: =SUM(L56:M56) -> 1100000 | O56: 75000 | P56: 우림퀵(1/31) 35,000 40,000 | Q56: =L56-O56 -> 925000 | R56: 완료(2/28) | S56: 홍승민
A57: . | B57: SM-20023 | D57: 45681 | E57: 비씨엠정보통신 | F57: 꼬망스 | G57: MA | H57: 월간 | I57: 1월 유지정비료 - 5/12회 | J57: 1 | K57: 320000 | L57: =J57*K57 -> 320000 | M57: =L57*10% -> 32000 | N57: =SUM(L57:M57) -> 352000 | O57: =1800000/12 -> 150000 | P57: 시스나인(25/3/4) 연간 1,800,000 (5/12회) | Q57: =L57-O57 -> 170000 | R57: 완료(2/28) | S57: 천범석
A58: . | B58: SM-23026 | D58: 45681 | E58: 한국도자기협회 | G58: MA | H58: 월간 | I58: 1월 유지정비료 - 6/12회 | J58: 1 | K58: 1216000 | L58: 2446000 | M58: =L58*10% -> 244600 | N58: =SUM(L58:M58) -> 2690600 | O58: =840000+595000 -> 1435000 | P58: 현성솔루션(1/31) 840,000 | Q58: =L58-O58 -> 1011000 | R58: 완료(2/10) | S58: 홍승민
A59: . | B59: SM-24012 | E59: 한국도자기협회 | G59: MA | H59: 월간 | I59: 1월 유지정비료 - 9/12회 | J59: 1 | K59: 390000
A60: . | B60: SM-23025 | E60: 한국도자기협회 | G60: MA | H60: 월간 | I60: 이메일 보안 및 호스팅 1월 - 6/12회 | J60: 70 | K60: 12000 | P60: 현성솔루션(1/31) 595,000
A61: . | B61: LI-24007 | C61: C24009 | D61: 45681 | E61: 유더블유에스 | F61: 두원정공 | G61: MA | H61: 월간 | I61: 1월 유지정비료 - 7/12회 | J61: 1 | K61: 168000 | L61: =J61*K61 -> 168000 | M61: =L61*10% -> 16800 | N61: =SUM(L61:M61) -> 184800 | O61: =485440/12+80160 -> 120613.33 | P61: 레노버(24/7/8)연간 (7/12회) 485,440 IBM(1/1) 80,160 | Q61: =L61-O61 -> 47386.667 | R61: 완료(2/28) | S61: 천범석
A62: . | B62: IK-24007 | D62: 45681 | E62: 로보츠 | F62: 도시바일렉트로닉스 | G62: MA | H62: 월간-IBM | I62: 1월 유지정비료 - 7/12회 | J62: 1 | K62: 115000 | L62: =J62*K62 -> 115000 | M62: =L62*10% -> 11500 | N62: =SUM(L62:M62) -> 126500 | O62: 66498 | P62: IBM(1/2) | Q62: =L62-O62 -> 48502 | R62: 완료(2/25) | S62: 천범석
A63: . | B63: IK-24011 | D63: 45681 | E63: 로보츠 | F63: 키오시아 | G63: MA | H63: 월간-IBM | I63: 1월 유지정비료 - 2/12회 | J63: 1 | K63: 350000 | L63: =J63*K63 -> 350000 | M63: =L63*10% -> 35000 | N63: =SUM(L63:M63) -> 385000 | O63: =133870+70180+1000000/12 -> 287383.33 | P63: IBM(1/2) 133,875 DCSS (1/31) 70,180 시스나인(11/3) 1,000,000 (2/12) | Q63: =L63-O63 -> 62616.667 | R63: 완료(2/25) | S63: 천범석
A64: . | B64: IK-24014 | D64: 45681 | E64: 로보츠 | F64: 와이케이케이코리아 | G64: MA | H64: 월간-IBM | I64: 1월 유지정비료 - 1/12회 | J64: 1 | K64: 644000 | L64: =J64*K64 -> 644000 | M64: =L64*10% -> 64400 | N64: =SUM(L64:M64) -> 708400 | O64: =79496+4200000/12 -> 429496 | P64: IBM(1/2) 79,196 시스나인(11/3) 4,200,000 (1/12회) | Q64: =L64-O64 -> 214504 | R64: 완료(2/25) | S64: 천범석
A65: . | B65: SM-21021 | D65: 45681 | E65: 바른시스템 | G65: MA | H65: 월간 | I65: 1월 유지정비료 - 11/12회 | J65: 1 | K65: 305000 | L65: =J65*K65 -> 305000 | M65: =L65*10% -> 30500 | N65: =SUM(L65:M65) -> 335500 | O65: 84811 | P65: IBM(1/2) | Q65: =L65-O65 -> 220189 | R65: 완료(1/31) | S65: 홍승민
A66: . | B66: LI-24006 | D66: 45681 | E66: 보해양조 | G66: MA | H66: 월간-IBM | I66: 1월 유지정비료 - 7/12회 | J66: 1 | K66: 668000 | L66: =J66*K66 -> 668000 | M66: =L66*10% -> 66800 | N66: =SUM(L66:M66) -> 734800 | O66: =277600+142800 -> 420400 | P66: IBM(1/2) 142,800 277,600 | Q66: =L66-O66 -> 247600 | R66: 완료(2/17) | S66: 천범석
A67: . | B67: SM-24024 | D67: 45681 | E67: 일원병원 | F67: 묵동 | G67: MA | H67: 월간 | I67: 1월 유지정비료 - 2/12회 | J67: 1 | K67: 500000 | L67: =J67*K67 -> 500000 | M67: =L67*10% -> 50000 | N67: =SUM(L67:M67) -> 550000 | O67: =600000/6+20600 -> 120600 | P67: 시스나인(4/25) 반기 600,000 (2/6회) DCSS(1/31) 20,600 | Q67: =L67-O67 -> 379400 | R67: 완료(2/27) | S67: 천범석
A68: . | B68: SM-25005 | D68: 45681 | E68: 고영 | G68: MA | H68: 월간 | I68: 1월 유지정비료 - 1/12회 | J68: 1 | K68: 1400000 | L68: =J68*K68 -> 1400000 | M68: =L68*10% -> 140000 | N68: =SUM(L68:M68) -> 1540000 | O68: =1500000/3 -> 500000 | P68: 시스나인(25/3/4) 분기 1,500,000 1/3회 | Q68: =L68-O68 -> 900000 | R68: 완료(2/20) | S68: 홍승민
A69: . | B69: SB-23012 | C69: ZKFUER | D69: 45681 | E69: 솔리드시스템 | F69: 국립기상과학원 | G69: MA | H69: 월간-레노버 | I69: 1월 유지정비료 - 25/37회 | J69: 1 | K69: 11178000 | L69: =J69*K69 -> 11178000 | M69: =L69*10% -> 1117800 | N69: =SUM(L69:M69) -> 12295800 | O69: 9980400 | P69: 레노버(1/31) | Q69: =L69-O69 -> 1197600 | R69: 완료(2/28) | S69: 천범석
A70: . | B70: SB-25004 | C70: ZDCPQK | D70: 45681 | E70: 솔리드시스템 | F70: 삼성중공업 | G70: MA | H70: 월간-레노버 | I70: 1월 유지정비료 - 1/12회 | J70: 1 | K70: 585000 | L70: =J70*K70 -> 585000 | M70: =L70*10% -> 58500 | N70: =SUM(L70:M70) -> 643500 | O70: 531600 | P70: 레노버(1/31) | Q70: =L70-O70 -> 53400 | R70: 완료(2/28) | S70: 천범석
A71: . | B71: IK-22023 | D71: 45681 | E71: 로인아이티 | F71: 성원제강 | G71: MA | H71: 월간-IBM | I71: 1월 유지정비료 - 22/36회 | J71: 1 | K71: 180000 | L71: =J71*K71 -> 180000 | M71: =L71*10% -> 18000 | N71: =SUM(L71:M71) -> 198000 | O71: 159761 | P71: IBM(1/2) | Q71: =L71-O71 -> 20239 | R71: 완료(2/25) | S71: 천범석
A72: . | B72: IK-22021 | D72: 45681 | E72: 로인아이티 | F72: 문배철강 | G72: MA | H72: 월간-IBM | I72: 1월 유지정비료 - 22/36회 | J72: 1 | K72: 240000 | L72: =J72*K72 -> 240000 | M72: =L72*10% -> 24000 | N72: =SUM(L72:M72) -> 264000 | O72: 212293 | P72: IBM(1/2) | Q72: =L72-O72 -> 27707 | R72: 완료(2/25) | S72: 천범석
A73: . | B73: IK-24002 | D73: 45681 | E73: 로인아이티 | F73: 교세라커넥터프로덕츠코리아 | G73: MA | H73: 월간-IBM | I73: 1월 유지정비료 - 12/36회 | J73: 1 | K73: 77500 | L73: =J73*K73 -> 77500 | M73: =L73*10% -> 7750 | N73: =SUM(L73:M73) -> 85250 | O73: 70422 | P73: IBM(1/2) | Q73: =L73-O73 -> 7078 | R73: 완료(2/25) | S73: 천범석
A74: . | B74: SB-24040 | C74: ZBJK3I | D74: 45681 | E74: 도담솔루션 | F74: 호원대학교 | G74: MA | H74: 월간-레노버 | I74: 1월 유지정비료 - 8/12회 | J74: 1 | K74: 122000 | L74: =J74*K74 -> 122000 | M74: =L74*10% -> 12200 | N74: =SUM(L74:M74) -> 134200 | O74: 101400 | P74: 레노버(1/31) | Q74: =L74-O74 -> 20600 | R74: 완료(3/10) | S74: 천범석
A75: . | B75: SM-23031 | D75: 45681 | E75: 온더보드 | F75: 삼표 | G75: MA | H75: 월간 | I75: 삼표 DB세이퍼 유지보수 - 1월(6/12회) | J75: 1 | K75: 1200000 | L75: =J75*K75 -> 1200000 | M75: =L75*10% -> 120000 | N75: =SUM(L75:M75) -> 1320000 | O75: =600000+1250000/6+1750000/7 -> 1058333.3 | P75: 신세계(1/22) 600,000 지엘정보(12/27) 반기 1,250,000(6/6회) 시스나인(1/2) 1,750,000(1/7회) | Q75: =L75-O75 -> 141666.67 | R75: 완료(2/28) | S75: 이예지
A76: . | B76: SB-23037 SB-23043 | C76: Z2XAQY ZDSTPH | D76: 45681 | E76: 에이큐씨앤씨 | F76: 한림대학교 | G76: MA | H76: 월간-레노버 | I76: HW 1월 유지정비료 - 20/21회 | J76: 1 | K76: =288000+51200 -> 339200 | L76: =J76*K76 -> 339200 | M76: =L76*10% -> 33920 | N76: =SUM(L76:M76) -> 373120 | O76: =245700+45600 -> 291300 | P76: 레노버(1/31) 245,700 (1/31) 45,600 | Q76: =L76-O76 -> 47900 | R76: 완료(2/28) | S76: 천범석
A77: . | B77: SB-23053 | C77: Z41QIW | D77: 45681 | E77: 수원정보 | F77: 신세계아이앤씨 | G77: MA | H77: 월간-레노버 | I77: 1월 유지정비료 - 23/46회 | J77: 1 | K77: 5082300 | L77: =J77*K77 -> 5082300 | M77: =L77*10% -> 508230 | N77: =SUM(L77:M77) -> 5590530 | O77: =3017539+10560000/12 -> 3897539 | P77: 레노버(1/31) 3,017,539 시스나인(25/2/28) 10,560,000 (8/12회) | Q77: =L77-O77 -> 1184761 | R77: 완료(2/28) | S77: 천범석
A78: . | B78: SB-24031 | C78: ZKZDVZ | D78: 45681 | E78: 데이타메트렉스 | F78: 롯데하이마트 | G78: MA | H78: 월간-레노버 | I78: (HW) 1월 유지정비료 - 8/12회 | J78: 1 | K78: 1016100 | L78: =J78*K78 -> 1016100 | M78: =L78*10% -> 101610 | N78: =SUM(L78:M78) -> 1117710 | O78: =604800+2160000/6 -> 964800 | P78: 레노버(1/31) 시스나인(25/3/4) 2,160,000(2/6회) | Q78: =L78-O78 -> 51300 | R78: 완료(2/28) | S78: 천범석
A79: . | B79: SB-24028 | C79: ZCX01Z | D79: 45681 | E79: 다솜테크 | F79: 대한산업보건협회 | G79: MA | H79: 월간-레노버 | I79: 1월 유지정비료 - 9/12회 | J79: 1 | K79: 204700 | L79: =J79*K79 -> 204700 | M79: =L79*10% -> 20470 | N79: =SUM(L79:M79) -> 225170 | O79: 243955 | P79: 레노버(1/31) | Q79: =L79-O79 -> -39255 | R79: 완료(3/31) | S79: 천범석
A80: . | B80: SB-24044 | C80: ZSWUX2 | D80: 45681 | E80: 다솜테크 | F80: LX홀딩스 | G80: MA | H80: 월간-레노버 | I80: 1월 유지정비료 - 7/12회 | J80: 1 | K80: 573000 | L80: =J80*K80 -> 573000 | M80: =L80*10% -> 57300 | N80: =SUM(L80:M80) -> 630300 | O80: 505200 | P80: 레노버(1/31) | Q80: =L80-O80 -> 67800 | R80: 완료(3/31) | S80: 천범석
A81: . | B81: SB-24046 | C81: Z8LTG0 | D81: 45681 | E81: 다솜테크 | F81: 웰컴저축은행 | G81: MA | H81: 월간-레노버 | I81: 1월 유지정비료 - 6/12회 | J81: 1 | K81: 220000 | L81: =J81*K81 -> 220000 | M81: =L81*10% -> 22000 | N81: =SUM(L81:M81) -> 242000 | O81: 204600 | P81: 레노버(1/31) | Q81: =L81-O81 -> 15400 | R81: 완료(3/31) | S81: 천범석
A82: . | B82: SB-24061 | C82: ZVVVON | D82: 45681 | E82: 다솜테크 | F82: 롯데이노베이트(롯데정보통신) | G82: MA | H82: 월간-레노버 | I82: 1월 유지정비료 - 1/12회 | J82: 1 | K82: 700000 | L82: =J82*K82 -> 700000 | M82: =L82*10% -> 70000 | N82: =SUM(L82:M82) -> 770000 | O82: 661800 | P82: 레노버(1/31) | Q82: =L82-O82 -> 38200 | R82: 완료(3/31) | S82: 천범석
A83: . | B83: SB-24063 | C83: ZIR05U | D83: 45681 | E83: 다솜테크 | F83: 이원(E1)컨테이너터미널 #1 | G83: MA | H83: 월간-레노버 | I83: 1월 유지정비료 - 1/12회 | J83: 1 | K83: 380000 | L83: 7880000 | M83: =L83*10% -> 788000 | N83: =SUM(L83:M83) -> 8668000 | O83: =289800+6750000+500000+500000/12 -> 7581466.7 | P83: 레노버(1/31) 시스나인(1/2) 연500,000(1/12회) | Q83: =L83-O83 -> 298533.33 | R83: 완료(3/31) | S83: 천범석
B84: SB-24063 | C84: TAHXA0178 | E84: 다솜테크 | F84: 이원(E1)컨테이너터미널 #1 | G84: MAPAC | H84: 연간-레노버 | I84: SW 연간유지정비료(25.01.01~25.12.31) | J84: 1 | K84: 7500000 | P84: 레노버(1/1) 6,750,000 시스나인(1/2) 100중 50
A85: . | B85: SB-24064 | C85: ZOTN1N | D85: 45681 | E85: 다솜테크 | F85: 이원(E1)컨테이너터미널 #2 | G85: MA | H85: 월간-레노버 | I85: 1월 유지정비료 - 1/12회 | J85: 1 | K85: 625000 | L85: =J85*K85 -> 625000 | M85: =L85*10% -> 62500 | N85: =SUM(L85:M85) -> 687500 | O85: 590400 | P85: 레노버(1/31) | Q85: =L85-O85 -> 34600 | R85: 완료(3/31) | S85: 천범석
A86: . | B86: SB-24065 | C86: ZDFIN7 | D86: 45681 | E86: 다솜테크 | F86: 안산시청 | G86: MA | H86: 월간-레노버 | I86: 1월 유지정비료 - 1/12회 | J86: 1 | K86: 1232000 | L86: =J86*K86 -> 1232000 | M86: =L86*10% -> 123200 | N86: =SUM(L86:M86) -> 1355200 | O86: 1196100 | P86: 레노버(1/31) | Q86: =L86-O86 -> 35900 | R86: 완료(3/31) | S86: 천범석
A87: . | B87: IK-24005 | D87: 45681 | E87: 엔콤 | F87: 전북도시가스 | G87: MA | H87: 월간-IBM | I87: 1월 유지정비료 - 10/12회 | J87: 1 | K87: 1366000 | L87: =J87*K87 -> 1366000 | M87: =L87*10% -> 136600 | N87: =SUM(L87:M87) -> 1502600 | O87: 1263250 | P87: IBM(1/2) | Q87: =L87-O87 -> 102750 | R87: 완료(2/28) | S87: 천범석
A88: . | B88: IK-24006 | D88: 45681 | E88: 서부컨테이너터미널 | G88: MA | H88: 월간-IBM | I88: 1월 유지정비료 - 9/24회 | J88: 1 | K88: 3916667 | L88: =J88*K88 -> 3916667 | M88: 391667 | N88: =SUM(L88:M88) -> 4308334 | O88: =5423462/12+3239404 -> 3691359.2 | P88: IBM(5/3)연간 5,423,462(9/12회) IBM(1/2) 3,239,404 | Q88: =L88-O88 -> 225307.83 | R88: 완료(2/28) | S88: 홍승민
A89: . | B89: SB-24027 | C89: ZGTHWJ | D89: 45681 | E89: 시스템본 | F89: 엘지유플러스 | G89: MA | H89: 월간-레노버 | I89: 1월 유지정비료 - 9/32회 | J89: 1 | K89: 659700 | L89: =J89*K89 -> 659700 | M89: =L89*10% -> 65970 | N89: =SUM(L89:M89) -> 725670 | O89: 518541 | P89: 레노버(1/31) | Q89: =L89-O89 -> 141159 | R89: 완료(3/31) | S89: 천범석
A90: . | B90: SB-24034 | C90: Z11I89 | D90: 45681 | E90: 씨원시스템 | F90: 이녹스(패션그룹형지) | G90: MA | H90: 월간-레노버 | I90: 1월 유지정비료 - 8/12회 | J90: 1 | K90: 285500 | L90: =J90*K90 -> 285500 | M90: =L90*10% -> 28550 | N90: =SUM(L90:M90) -> 314050 | O90: 249900 | P90: 레노버(1/31) | Q90: =L90-O90 -> 35600 | R90: 완료(3/31) | S90: 천범석
A91: . | B91: LI-24003 | C91: ZE7QNO | D91: 45681 | E91: 지엔콤 | F91: 전주교육대학교 | G91: MA | H91: 월간-레노버 | I91: 1월 유지정비료 - 9/12회 | J91: 1 | K91: 909000 | L91: =J91*K91 -> 909000 | M91: =L91*10% -> 90900 | N91: =SUM(L91:M91) -> 999900 | O91: =310500+305280 -> 615780 | P91: 레노버(11/30) 310,500 IBM(12/1) 305,280 | Q91: =L91-O91 -> 293220 | R91: 완료(2/28) | S91: 천범석
A92: . | B92: SB-24036 | D92: 45681 | E92: 나라정보 | F92: 부국철강 | G92: MA | H92: 월간-IBM | I92: 1월 유지정비료 - 9/32회 | J92: 1 | K92: 207000 | L92: =J92*K92 -> 207000 | M92: =L92*10% -> 20700 | N92: =SUM(L92:M92) -> 227700 | O92: 190849 | P92: IBM(1/2) | Q92: =L92-O92 -> 16151 | R92: 완료(2/28) | S92: 천범석
A93: . | B93: SM-24013 | D93: 45681 | E93: 비즈윈 | F93: 한국소비자보호원 | G93: MA | H93: 월간 | I93: 1월 유지정비료 - 10/21회 | J93: 1 | K93: 155000 | L93: =J93*K93 -> 155000 | M93: =L93*10% -> 15500 | N93: =SUM(L93:M93) -> 170500 | O93: =1440000/12 -> 120000 | P93: 시스나인(1/2)연간 1,440,000(1/12회) | Q93: =L93-O93 -> 35000 | R93: 완료(2/28) | S93: 이예지
A94: . | B94: SB-24041 | C94: ZNHTN1 | D94: 45681 | E94: 이비즈테크 | F94: 초록우산어린이재단 | G94: MA | H94: 월간-레노버 | I94: 1월 유지정비료 - 7/12회 | J94: 1 | K94: 645600 | L94: =J94*K94 -> 645600 | M94: =L94*10% -> 64560 | N94: =SUM(L94:M94) -> 710160 | O94: =494903+1200000/9 -> 628236.33 | P94: 레노버(1/31) 494,903 시스나인(25/3/4) 1,200,00(7/9회) | Q94: =L94-O94 -> 17363.667 | R94: 완료(2/28) | S94: 천범석
A95: . | B95: SM-23020 | C95: ZZNUMY | D95: 45681 | E95: 현대종합금속 | F95: 포항 | G95: MA | H95: 월간-IBM | I95: 1월 유지정비료 - 7/12회 | J95: 1 | K95: 700000 | L95: =J95*K95 -> 700000 | M95: =L95*10% -> 70000 | N95: =SUM(L95:M95) -> 770000 | O95: 499500 | P95: 레노버(1/31) | Q95: =L95-O95 -> 200500 | R95: 완료(2/11) | S95: 이예지
A96: . | B96: SB-24052 | C96: ZUIU6G | D96: 45681 | E96: 유티모스트 | F96: 삼성중공업 | G96: MA | H96: 월간-레노버 | I96: 1월 유지정비료 - 4/15회 | J96: 1 | K96: 13057800 | L96: =J96*K96 -> 13057800 | M96: =L96*10% -> 1305780 | N96: =SUM(L96:M96) -> 14363580 | O96: 11892500 | P96: 레노버(1/31) 11,892,500 | Q96: =L96-O96 -> 1165300 | R96: 완료(2/28) | S96: 천범석
A97: . | B97: SB-24055 SB-24056 | C97: ZP1BPN ZAXJCH | D97: 45681 | E97: 이룸정보 | F97: 포스코 | G97: MA | H97: 월간-레노버 | I97: 1월 유지정비료 - 1/12회 | J97: 1 | K97: 2871300 | L97: =J97*K97 -> 2871300 | M97: =L97*10% -> 287130 | N97: =SUM(L97:M97) -> 3158430 | O97: =1981200+655500 -> 2636700 | P97: 레노버(1/31)1,981,200 레노버(1/31) 655,500 | Q97: =L97-O97 -> 234600 | R97: 완료(3/25) | S97: 천범석
A98: . | B98: SM-25010 | D98: 45681 | E98: 더블포인트 | F98: 한미약품 | G98: MA | H98: 월간-IBM | I98: 1월 유지정비료 - 1/12회 | J98: 1 | K98: 4761667 | L98: =J98*K98 -> 4761667 | M98: =L98*10% -> 476166.7 | N98: =SUM(L98:M98) -> 5237833.7 | O98: 4445056 | P98: IBM(1/2) 11,623,397 IBM APS(1/27) 연 7,859,914 (1/12회) 시스나인 (1/2) 분기8,000,000 (1/3회) ==총 14,945,056 중 4,445,056 | Q98: =L98-O98 -> 316611 | R98: 완료(2/28) | S98: 이예지
A99: . | B99: SM-25011 | D99: 45681 | E99: 더블포인트 | F99: 한미사이언스 | G99: MA | H99: 월간-IBM | I99: 1월 유지정비료 - 1/12회 | J99: 1 | K99: 11210000 | L99: =J99*K99 -> 11210000 | M99: =L99*10% -> 1121000 | N99: =SUM(L99:M99) -> 12331000 | O99: 10500000 | P99: IBM(1/2) 11,623,397 IBM APS(1/27) 연 7,859,914 (1/12회) 시스나인 (1/2) 분기8,000,000 (1/3회) ==총 14,945,056 중 10,500,000 | Q99: =L99-O99 -> 710000 | R99: 완료(2/19) | S99: 이예지
A100: . | B100: SB-25001 | C100: ZXRZHC | D100: 45681 | E100: 퓨처젠 | F100: HB저축은행 | G100: MA | H100: 월간-레노버 | I100: 1월 유지정비료 - 1/12회 | J100: 1 | K100: 818600 | L100: =J100*K100 -> 818600 | M100: =L100*10% -> 81860 | N100: =SUM(L100:M100) -> 900460 | O100: 741900 | P100: 레노버(1/31) | Q100: =L100-O100 -> 76700 | R100: 완료(2/28) | S100: 천범석
...

Sheet 2월
B1: ="["&YEAR(D3)&"년 "&MONTH(D3)&"월 매출]" -> [2025년 2월 매출]
B2: 품의코드 | C2: Vendor 코드 | D2: 날짜 | E2: 매출처 | F2: END-USER | G2: 구분 | H2: MA : 청구구분 상품 : PN | I2: 거래내용 | J2: 수량 | K2: 단가 | L2: 공급가액 | M2: 부가세 | N2: 공급가합계 | O2: 매입액 | P2: 매입거래처 | Q2: GP | R2: 입금일 | S2: 영업 담당자 | T2: 비고
A3: . | B3: S | D3: 45689 | E3: 홈닥터 | F3: 광명자이 1811호 | G3: 건물임대 | H3: 임대료 | I3: 1월(1.5~2.4) 임대료 - 12/24회 | J3: 1 | K3: 550000 | L3: =J3*K3 -> 550000 | M3: =L3*10% -> 55000 | N3: =SUM(L3:M3) -> 605000 | O3: 0 | P3: X | Q3: =L3-O3 -> 550000 | R3: 완료(1/24) | S3: 정지우
A4: . | B4: SM-23015 | D4: 45689 | E4: 동원프라스틱 | F4: 동원프라스틱 | G4: MA | H4: 월간 | I4: 2월 유지정비료 - 11/13회 | J4: 1 | K4: 1200000 | L4: =J4*K4 -> 1200000 | M4: =L4*10% -> 120000 | N4: =SUM(L4:M4) -> 1320000 | O4: =4800000/6 -> 800000 | P4: 시스나인(25/3/4) 4,800,000 2/6회 | Q4: =L4-O4 -> 400000 | R4: 완료(2/28) | S4: 이예지
A5: . | B5: IK-23016 | D5: 45689 | E5: 케이정보기술 | F5: 청주시청 | G5: MA | H5: 월간-IBM | I5: 2월 유지정비료 - 18/35회 | J5: 1 | K5: 1600000 | L5: =J5*K5 -> 1600000 | M5: =L5*10% -> 160000 | N5: =SUM(L5:M5) -> 1760000 | O5: =1123962+259896 -> 1383858 | P5: IBM(2/3) 1,123,962 (2/3) 259,896 | Q5: =L5-O5 -> 216142 | R5: 완료(3/31) | S5: 천범석
A6: . | B6: SM-24011 | D6: 45689 | E6: 가나병원 | G6: MA | H6: 월간 | I6: 2월 유지정비료 - 10/12회 | J6: 1 | K6: 300000 | L6: =J6*K6 -> 300000 | M6: =L6*10% -> 30000 | N6: =SUM(L6:M6) -> 330000 | O6: 0 | P6: SM | Q6: =L6-O6 -> 300000 | R6: 완료(2/10) | S6: 천범석
A7: . | B7: LI-24004 | D7: 45689 | E7: 한국메탈 | G7: MA | H7: 월간-IBM | I7: 2월 유지정비료 - 10/36회 | J7: 1 | K7: 507500 | L7: =J7*K7 -> 507500 | M7: =L7*10% -> 50750 | N7: =SUM(L7:M7) -> 558250 | O7: =316682+800000/8 -> 416682 | P7: IBM(2/3) 316,682 시스나인(1/2) 연간 1,200,000(2/12회) | Q7: =L7-O7 -> 90818 | R7: 완료(2/28) | S7: 천범석
A8: . | B8: LI-24005 | C8: Z4ACEZ | D8: 45689 | E8: 해종합건축사사무소 | G8: MA | H8: 월간-IBM | I8: 2월 유지정비료 - 9/12회 | J8: 1 | K8: 1554500 | L8: =J8*K8 -> 1554500 | M8: =L8*10% -> 155450 | N8: =SUM(L8:M8) -> 1709950 | O8: =171600+6000000/12+436400+200000 -> 1308000 | P8: 레노버(2/28) 171,600 에스엔에이(2/15) 200,000 IBM(2/3) 436,400 시스나인(25/3/4) 연간 6,000,000 9/12회 | Q8: =L8-O8 -> 246500 | R8: 완료(2/28) | S8: 천범석
A9: . | B9: SB-24039 | C9: ZZGBBZ | D9: 45689 | E9: 한국디지털방송 | G9: MA | H9: 월간-레노버 | I9: 2월 유지정비료 - 8/12회 | J9: 1 | K9: 1423000 | L9: =J9*K9 -> 1423000 | M9: =L9*10% -> 142300 | N9: =SUM(L9:M9) -> 1565300 | O9: 1120200 | P9: 레노버(2/28) | Q9: =L9-O9 -> 302800 | R9: 완료(2/24) | S9: 천범석
A10: . | B10: IK-24008 | D10: 45689 | E10: 서비스링크 | F10: 세원정공(폴라리스세원) | G10: MA | H10: 월간-레노버 | I10: 2월 유지정비료 - 8/12회 | J10: 1 | K10: 238000 | L10: =J10*K10 -> 238000 | M10: =L10*10% -> 23800 | N10: =SUM(L10:M10) -> 261800 | O10: 198018 | P10: IBM(2/3) | Q10: =L10-O10 -> 39982 | R10: 완료(2/28) | S10: 천범석
A11: . | B11: IK-24012 | D11: 45689 | E11: 인정보시스템 | F11: 대구텍 | G11: MA | H11: 월간-IBM | I11: 2월 유지정비료 - 2/6회 | J11: 1 | K11: 1039500 | L11: =J11*K11 -> 1039500 | M11: =L11*10% -> 103950 | N11: =SUM(L11:M11) -> 1143450 | O11: 990000 | P11: IBM(2/3) | Q11: =L11-O11 -> 49500 | R11: 완료(2/27) | S11: 천범석
A12: . | B12: IK-24013 | D12: 45689 | E12: 레드텍 | F12: 대한상공회의소 | G12: MA | H12: 월간-IBM | I12: 2월 유지정비료 - 4/12회 | J12: 1 | K12: 158400 | L12: =J12*K12 -> 158400 | M12: =L12*10% -> 15840 | N12: =SUM(L12:M12) -> 174240 | O12: 145780 | P12: IBM(2/3) | Q12: =L12-O12 -> 12620 | R12: 완료(2/3) | S12: 천범석
A13: . | B13: SM-23012 | D13: 45689 | E13: 택스홈앤아웃 | F13: 본사 | G13: MA | H13: 월간 | I13: VPN 서비스 2월임대료 - 2/12회 280,000 + 보안스위치 2월 2대*120,000 | J13: 1 | K13: =280000+2*120000 -> 520000 | L13: =J13*K13 -> 520000 | M13: =L13*10% -> 52000 | N13: =SUM(L13:M13) -> 572000 | O13: =213400+155200 -> 368600 | P13: 엘림넷(2/10) 213,400 (2/10) 155,200 | Q13: =L13-O13 -> 151400 | R13: 완료(2/28) | S13: 이예지
A14: . | B14: SM-23013 | D14: 45689 | E14: 하이엔드택스 강남지점 | F14: 압구정 | G14: MA | H14: 월간 | I14: VPN 서비스/ 2월임대료 - 2/12회 | J14: 1 | K14: 320000 | L14: =J14*K14 -> 320000 | M14: =L14*10% -> 32000 | N14: =SUM(L14:M14) -> 352000 | O14: =145500+77600 -> 223100 | P14: 엘림넷(2/10) 145,500 (2/10) 77,600 | Q14: =L14-O14 -> 96900 | R14: 완료(3/5) | S14: 이예지
A15: . | B15: SM-23016 | D15: 45689 | E15: 에실로코리아 | F15: 에실로코리아 | G15: MA | H15: 월간 | I15: 2월 유지정비료 - 2/12회 | J15: 1 | K15: 100000 | L15: =J15*K15 -> 100000 | M15: =L15*10% -> 10000 | N15: =SUM(L15:M15) -> 110000 | O15: 0 | P15: SM | Q15: =L15-O15 -> 100000 | R15: 완료(3/12) | S15: 이예지
A16: . | B16: IK-22025 | D16: 45689 | E16: 디에스피 | F16: 엘지생활건강 청주공장 | G16: MA | H16: 월간-IBM | I16: 2월 유지정비료 - 1/12회 | J16: 1 | K16: 635000 | L16: =J16*K16 -> 635000 | M16: =L16*10% -> 63500 | N16: =SUM(L16:M16) -> 698500 | O16: 564192 | P16: IBM(2/3) | Q16: =L16-O16 -> 70808 | R16: 완료(3/4) | S16: 천범석
A17: . | B17: S | D17: 45693 | E17: 장형기업 | F17: 검단미플존 316호 | G17: 건물임대 | H17: 임대료 | I17: 2월 임대료 - 4/8회 | J17: 1 | K17: 367500 | L17: =J17*K17 -> 367500 | M17: =L17*10% -> 36750 | N17: =SUM(L17:M17) -> 404250 | O17: 0 | P17: X | Q17: =L17-O17 -> 367500 | R17: 완료(2/28) | S17: 정지우
A18: . | B18: SM-24021 | D18: 45693 | E18: 제이원캐피탈 | G18: MA | H18: 월간 | I18: 1월 유지정비료 - 5/12회 | J18: 1 | K18: 7060000 | L18: =J18*K18 -> 7060000 | M18: =L18*10% -> 706000 | N18: =SUM(L18:M18) -> 7766000 | O18: =691781+300000+70000+1000000/12+810000+352900+5000000/3 -> 3974681 | P18: IBM(1/1) 691,781 에스엔에이(1/31) 300,000 키미데이타(1/31) 70,000 코오롱베니트(10/31) 1,000,000연간(5/12회) 더파트(1/31) 810,000 DCSS(1/31) 352,900 시스나인(4/25) 분기5,000 000(1/3회) | Q18: =L18-O18 -> 3085319 | R18: 완료(3/5) | S18: 이예지
A19: . | B19: SM-24020 | D19: 45693 | E19: 에이비씨한국 | G19: MA | H19: 월간 | I19: BOARD SYSTEM Maintenance 2월분 - 5/12회 | J19: 1 | K19: 1100000 | L19: =J19*K19 -> 1100000 | M19: =L19*10% -> 110000 | N19: =SUM(L19:M19) -> 1210000 | O19: 1060000 | P19: 로보츠(2/5) | Q19: =L19-O19 -> 40000 | R19: 완료(3/31) | S19: 이예지
A20: . | B20: S | D20: 45693 | E20: 아이티앤 | F20: 우물단 | G20: 상품 | H20: 기술지원 | I20: 전산장비 이전, 시스템 마이그레이션 (2차) | J20: 1 | K20: 12500000 | L20: =J20*K20 -> 12500000 | M20: =L20*10% -> 1250000 | N20: =SUM(L20:M20) -> 13750000 | O20: 0 | P20: (24/12/26) | Q20: 0 | R20: 완료(2/28) | S20: 이예지 | U20: 매출정리
A21: . | B21: SL-25005 | C21: TAHXA0200 | D21: 45693 | E21: 반정보시스템 | F21: 대상정보 | G21: MAPAC | H21: 연간-레노버 | I21: 연간유지정비료(24.05.25~26.03.31) | J21: 1 | K21: 15652000 | L21: =J21*K21 -> 15652000 | M21: =L21*10% -> 1565200 | N21: =SUM(L21:M21) -> 17217200 | O21: 14492160 | P21: 레노버(2/5) | Q21: =L21-O21 -> 1159840 | R21: 완료(4/2) | S21: 천범석
A22: . | B22: S | D22: 45695 | E22: 홈닥터 | F22: 광명자이 1811호 | G22: 건물임대 | H22: 임대료 | I22: 2월(2.5~2.6) 임대료 - 최종 | J22: 1 | K22: 36164 | L22: =J22*K22 -> 36164 | M22: 3616 | N22: =SUM(L22:M22) -> 39780 | O22: 0 | P22: X | Q22: =L22-O22 -> 36164 | R22: 보증금에서공제(2/7) | S22: 정지우
A23: . | B23: S | D23: 45698 | E23: 중소기업은행 | F23: 호계214~216호 | G23: 건물임대 | H23: 임대료 | I23: 2월 임대료 (1.13~2.12)-1/24회 | J23: 1 | K23: 6394500 | L23: =J23*K23 -> 6394500 | M23: =L23*10% -> 639450 | N23: =SUM(L23:M23) -> 7033950 | O23: 0 | P23: X | Q23: =L23-O23 -> 6394500 | R23: 완료(2/18) | S23: 정지우
A24: . | B24: S | D24: 45698 | E24: 에이비씨한국 | F24: 서울 | G24: 상품 | H24: 노트북 | I24: LG전자 노트북 15U50S-G.AP7TL 외 | J24: 1 | K24: 1520000 | L24: =J24*K24 -> 1520000 | M24: =L24*10% -> 152000 | N24: =SUM(L24:M24) -> 1672000 | O24: 1490000 | P24: 로보츠(2/10) | Q24: =L24-O24 -> 30000 | R24: 완료(3/31) | S24: 이예지
A25: . | B25: Y250211-01 | D25: 45699 | E25: 한국도자기협회 | G25: 상품 | H25: 탭북 | I25: 삼성전자 갤럭시탭 A9 플러스 Wifi 64GB 그라파이트 | J25: 1 | K25: 300000 | L25: 1230000 | M25: =L25*10% -> 123000 | N25: =SUM(L25:M25) -> 1353000 | O25: 1066273 | P25: 쿠팡(2/10법카) | Q25: =L25-O25 -> 163727 | R25: 완료(2/12) | S25: 홍승민
A26: . | E26: 한국도자기협회 | G26: 상품 | H26: 탭북 | I26: 아이패드 10세대 Wifi 64GB 실버 | J26: 1 | K26: 480000
A27: . | E27: 한국도자기협회 | G27: 상품 | H27: 탭북 | I27: Tab P12 QHD 8GB / 128GB 스톰그레이 | J27: 1 | K27: 290000
A28: . | E28: 한국도자기협회 | G28: 상품 | H28: 탭북 | I28: 아이뮤즈 뮤패드 K10 PLUS 태블릿PC RAM 4GB Wifi 64GB | J28: 1 | K28: 160000
A29: . | B29: 품의X | D29: 45700 | E29: 블루포트 | G29: MA | H29: 기술지원 | I29: Windows Server 2022 OS설치 및 드라이버 설치 기술지원료 | J29: 1 | K29: 500000 | L29: =J29*K29 -> 500000 | M29: =L29*10% -> 50000 | N29: =SUM(L29:M29) -> 550000 | O29: 0 | P29: SM | Q29: =L29-O29 -> 500000 | R29: 완료(4/30) | S29: 이지훈
A30: . | B30: SB-25011 | C30: ZJREZL | D30: 45700 | E30: 이룸에스앤앤 | F30: 코리아미카사 | G30: MA | H30: 월간-레노버 | I30: 연간유지정비료(24.1.20~26.1.19) | J30: 1 | K30: 1800000 | L30: =J30*K30 -> 1800000 | M30: =L30*10% -> 180000 | N30: =SUM(L30:M30) -> 1980000 | O30: =65700*24 -> 1576800 | P30: 레노버 월 65,700 24.01 (2/10) 24,090 24.2~25.1 (25/2/10) 65,700*12 (2/28)(3/31)(4/30)(5/31)(6/30)(7/31)(8/31)(9/30)(10/31)(11/30)(12/31)(26/1/ ) | Q30: =L30-O30 -> 223200 | R30: 완료(4/29) | S30: 천범석
A31: . | B31: S | D31: 45700 | E31: 왕길토건 | F31: 검단미플존 317호 | G31: 건물임대 | H31: 임대료 | I31: 1월 임대료(25/1/11~2/10) - 4/10회 | J31: 1 | K31: 400000 | L31: =J31*K31 -> 400000 | M31: =L31*10% -> 40000 | N31: =SUM(L31:M31) -> 440000 | O31: 0 | P31: X | Q31: =L31-O31 -> 400000 | R31: 완료(2/12) | S31: 정지우
A32: . | B32: H250204-01 | D32: 45700 | E32: 영화시스템 | F32: CGV계양 | G32: 상품 | H32: 기술지원 | I32: CGV계양 OS 재설치 | J32: 1 | K32: 300000 | L32: =J32*K32 -> 300000 | M32: =L32*10% -> 30000 | N32: =SUM(L32:M32) -> 330000 | O32: 0 | P32: SM | Q32: =L32-O32 -> 300000 | R32: 완료(3/14) | S32: 천범석
A33: . | B33: D250121-01 | D33: 45701 | E33: 고영 | G33: 상품 | H33: CPU | I33: E5-2470V2 10Core 2.4GHz 외 | J33: 1 | K33: 770000 | L33: =J33*K33 -> 770000 | M33: =L33*10% -> 77000 | N33: =SUM(L33:M33) -> 847000 | O33: =90000+6*40000 -> 330000 | P33: 위퍼스트(1/22) 90,000 이비웨이브(1/20) 6*40,000 SM | Q33: =L33-O33 -> 440000 | R33: 완료(3/11) | S33: 이지훈
A34: . | B34: D250121-02 | D34: 45701 | E34: 고영 | G34: 상품 | H34: 조립PC | I34: 조립PC | J34: 1 | K34: 6500000 | L34: =J34*K34 -> 6500000 | M34: =L34*10% -> 650000 | N34: =SUM(L34:M34) -> 7150000 | O34: =6212655+45000+55000+45000 -> 6357655 | P34: 컴퓨존(1/22) 우림퀵(2/28) 45,000 45,000 55,000 | Q34: =L34-O34 -> 142345 | R34: 완료(3/14) | S34: 이지훈
A35: . | B35: H250214-01 | D35: 45702 | E35: 준아이앤씨 | F35: 흥국화재 | G35: 상품 | H35: 00YK025 | I35: ThinkSystem 2.5" 1TB 7.2K SATA 6Gb Hot Swap 512n HDD | J35: 1 | K35: 510000 | L35: =J35*K35 -> 510000 | M35: =L35*10% -> 51000 | N35: =SUM(L35:M35) -> 561000 | O35: 455000 | P35: 레노버(4/4) | Q35: =L35-O35 -> 55000 | R35: 완료(2/28) | S35: 천범석
A36: . | B36: S | D36: 45703 | E36: 순환 | F36: 검단미플존 318호 | G36: 건물임대 | H36: 임대료 | I36: 2월 임대료(25/1/20~25/2/19) - 4/9회 | J36: 1 | K36: 346500 | L36: =J36*K36 -> 346500 | M36: =L36*10% -> 34650 | N36: =SUM(L36:M36) -> 381150 | O36: 0 | P36: X | Q36: =L36-O36 -> 346500 | R36: 완료(2/24) | S36: 정지우
A37: . | B37: SB-24011 | C37: Z5PURB | D37: 45703 | E37: 비온시이노베이터 | F37: 국립농업과학원 | G37: MA | H37: 월간-레노버 | I37: 1월 유지정비료 - 13/24회 | J37: 1 | K37: 875000 | L37: =J37*K37 -> 875000 | M37: =L37*10% -> 87500 | N37: =SUM(L37:M37) -> 962500 | O37: =511500+3400000/12 -> 794833.33 | P37: 레노버(1/31)511,500 시스나인(4/25) 연간3,400,000(1/12회) | Q37: =L37-O37 -> 80166.667 | R37: 완료(2/10)선입금 | S37: 천범석
A38: . | B38: SB-24009 | C38: Z0PYQC | D38: 45703 | E38: 유알피 | F38: 서울디자인재단 | G38: MA | H38: 월간-레노버 | I38: 1월 유지정비료 - 13/36회 | J38: 1 | K38: 1080000 | L38: =J38*K38 -> 1080000 | M38: =L38*10% -> 108000 | N38: =SUM(L38:M38) -> 1188000 | O38: 976200 | P38: 레노버(1/31) | Q38: =L38-O38 -> 103800 | R38: 완료(3/17) | S38: 천범석
A39: . | B39: Y240830-03 | D39: 45706 | E39: 스마트웨어 | F39: 세연시스템즈 | G39: 장비임대 | H39: 서버임대 | I39: X3650M5 임대 (Xeon E5-2640v3 2.6GHz 8C x2 / 128GB Memory / 600GB SAS x4 / Power x2)(25/1/2~25/2/1) | J39: 1 | K39: 200000 | L39: =J39*K39 -> 200000 | M39: =L39*10% -> 20000 | N39: =SUM(L39:M39) -> 220000 | O39: 0 | P39: 재고 | Q39: =L39-O39 -> 200000 | R39: 3월말 | S39: 홍승민
A40: . | B40: H250213-02 | D40: 45706 | E40: 브리토바코 | F40: BAT사천 | G40: 상품 | H40: USB Blocker | I40: [LINDY] 보안 커텍터, 추가구매용 USB 블록, LINDY-40460 10개 [레드/5 SET] / LINDY-40463 [오렌지/21 SET] | J40: 26 | K40: 33000 | L40: =J40*K40 -> 858000 | M40: =L40*10% -> 85800 | N40: =SUM(L40:M40) -> 943800 | O40: 702945 | P40: 컴퓨존(1/13) | Q40: =L40-O40 -> 155055 | R40: 완료(4/23) | S40: 천범석
A41: . | B41: S | D41: 45708 | E41: 아이지리더스 | F41: 광명자이 1812호 | G41: 건물임대 | H41: 임대료 | I41: 2월 임대료(1.26~2.25) 4/12회 | J41: 1 | K41: 800000 | L41: =J41*K41 -> 800000 | M41: =L41*10% -> 80000 | N41: =SUM(L41:M41) -> 880000 | O41: 0 | P41: X | Q41: =L41-O41 -> 800000 | R41: 완료(3/5) | S41: 정지우
A42: . | B42: SM-23017 | D42: 45708 | E42: 이앤피정보기술 | F42: 용진일렉콤 | G42: MA | H42: 월간 | I42: 2월 유지정비료 - 11/12회 | J42: 1 | K42: 200000 | L42: =J42*K42 -> 200000 | M42: =L42*10% -> 20000 | N42: =SUM(L42:M42) -> 220000 | O42: 0 | P42: X | Q42: =L42-O42 -> 200000 | R42: 완료(3/31) | S42: 이예지
A43: . | B43: SM-23023 | D43: 45708 | E43: 중앙유통단지관리운영회 | G43: 장비임대 | H43: 서버 | I43: 서버임대 SR650 2식 - 17/36회 | J43: 1 | K43: 1000000 | L43: =J43*K43 -> 1000000 | M43: =L43*10% -> 100000 | N43: =SUM(L43:M43) -> 1100000 | O43: =16728000/36+370000+1000000/12 -> 918000 | P43: 트루스케일 2대 15,800,000 SR250내 2.4T 2*100,000 이룸에스앤앤(9/5) 2*364,000 ========= 총 16,728,000 (17/36회) 이올테크(2/20) 370,000 시스나인(24/9/2) 연 1,000,000(5/12회) | Q43: =L43-O43 -> 82000 | R43: 완료(2/28) | S43: 천범석
A44: . | B44: SM-24014 | D44: 45708 | E44: 동아건설 | G44: MA | H44: 월간 | I44: 2월 유지정비료 - 10/12회 | J44: 1 | K44: 950000 | L44: =J44*K44 -> 950000 | M44: =L44*10% -> 95000 | N44: =SUM(L44:M44) -> 1045000 | O44: =2000000/4 -> 500000 | P44: 시스나인(4/25) 2,000,000(2/4회) | Q44: =L44-O44 -> 450000 | R44: 완료(3/31) | S44: 이예지
A45: . | B45: SM-24007 | D45: 45708 | E45: 성대의료원 | G45: MA | H45: 월간 | I45: 2월 유지정비료 - 1/12회 | J45: 1 | K45: 1505000 | L45: =J45*K45 -> 1505000 | M45: =L45*10% -> 150500 | N45: =SUM(L45:M45) -> 1655500 | O45: =200000+2100000/3+80000 -> 980000 | P45: 다원씨앤에스(2/25) 200,000 DCSS(2/28) 80,000 시스나인(1/2) 2,100,000(1/3회) | Q45: =L45-O45 -> 525000 | R45: 완료(3/28) | S45: 이예지
A46: . | B46: SL-25003 | C46: SM_C25002 | D46: 45712 | E46: 씨원시스템 | F46: 경기도보건환경연구원 | G46: MAPAC | H46: 연간-레노버 | I46: 연간유지정비료(2025.02.23~2026.02.22) | J46: 1 | K46: 1569000 | L46: =J46*K46 -> 1569000 | M46: =L46*10% -> 156900 | N46: =SUM(L46:M46) -> 1725900 | O46: 1530720 | P46: 레노버(2/3) | Q46: =L46-O46 -> 38280 | R46: 완료(4/30) | S46: 천범석
A47: . | B47: H250210-01 | D47: 45713 | E47: 인코어 | G47: 상품 | H47: 1P7DP | I47: 2TB 7.2K 6G SAS 3.5inch Hard Drive | J47: 1 | K47: 180000 | L47: =J47*K47 -> 180000 | M47: =L47*10% -> 18000 | N47: =SUM(L47:M47) -> 198000 | O47: 120000 | P47: 이비웨이브(2/10) | Q47: =L47-O47 -> 60000 | R47: 완료(2/28) | S47: 천범석
A48: . | B48: H250218-01 | D48: 45713 | E48: 우리에스아이티 | G48: 상품 | H48: 00AJ122 | I48: 500GB 7.2K 6G NL SAS 2.5inch Hard Drive 1/21 지원 | J48: 1 | K48: 220000 | L48: =J48*K48 -> 220000 | M48: =L48*10% -> 22000 | N48: =SUM(L48:M48) -> 242000 | O48: =150000+3800 -> 153800 | P48: 이비웨이브(3/1) 로젠택배(2/28) 3,800 | Q48: =L48-O48 -> 66200 | R48: 완료(3/31) | S48: 천범석
A49: . | B49: H250219-01 | D49: 45713 | E49: 일원병원 | F49: 묵동 | G49: 상품 | H49: 293048-B21 | I49: 60x38mm Hot-Plug Fan Proliant DL380G4 | J49: 2 | K49: 70000 | L49: =J49*K49 -> 140000 | M49: =L49*10% -> 14000 | N49: =SUM(L49:M49) -> 154000 | O49: =2*40000 -> 80000 | P49: 이비웨이브(2/19) | Q49: =L49-O49 -> 60000 | R49: 완료(3/20) | S49: 천범석
A50: . | B50: SM-20023 | D50: 45713 | E50: 비씨엠정보통신 | F50: 꼬망스 | G50: MA | H50: 월간 | I50: 2월 유지정비료 - 6/12회 | J50: 1 | K50: 320000 | L50: =J50*K50 -> 320000 | M50: =L50*10% -> 32000 | N50: =SUM(L50:M50) -> 352000 | O50: =1800000/12 -> 150000 | P50: 시스나인(25/3/4) 연간 1,800,000(6/12회) | Q50: =L50-O50 -> 170000 | R50: 완료(3/31) | S50: 천범석
A51: . | B51: SM-23026 | D51: 45713 | E51: 한국도자기협회 | G51: MA | H51: 월간 | I51: 2월 유지정비료 - 7/12회 | J51: 1 | K51: 1216000 | L51: 2446000 | M51: =L51*10% -> 244600 | N51: =SUM(L51:M51) -> 2690600 | O51: =840000+595000 -> 1435000 | P51: 현성솔루션(2/28) 840,000 | Q51: =L51-O51 -> 1011000 | R51: 완료(3/10) | S51: 홍승민
A52: . | B52: SM-24012 | E52: 한국도자기협회 | G52: MA | H52: 월간 | I52: 2월 유지정비료 - 10/12회 | J52: 1 | K52: 390000
A53: . | B53: SM-23025 | E53: 한국도자기협회 | G53: MA | H53: 월간 | I53: 이메일 보안 및 호스팅 2월 - 7/12회 | J53: 70 | K53: 12000 | P53: 현성솔루션(2/28) 595,000
A54: . | B54: LI-24007 | C54: C24009 | D54: 45713 | E54: 유더블유에스 | F54: 두원정공 | G54: MA | H54: 월간 | I54: 2월 유지정비료 - 8/12회 | J54: 1 | K54: 168000 | L54: =J54*K54 -> 168000 | M54: =L54*10% -> 16800 | N54: =SUM(L54:M54) -> 184800 | O54: =485440/12+80160 -> 120613.33 | P54: 레노버(24/7/8)연간 (8/12회) 485,440 IBM(2/3) 80,160 | Q54: =L54-O54 -> 47386.667 | R54: 완료(3/31) | S54: 천범석
A55: . | B55: IK-24007 | D55: 45713 | E55: 로보츠 | F55: 도시바일렉트로닉스 | G55: MA | H55: 월간-IBM | I55: 2월 유지정비료 - 8/12회 | J55: 1 | K55: 115000 | L55: =J55*K55 -> 115000 | M55: =L55*10% -> 11500 | N55: =SUM(L55:M55) -> 126500 | O55: 66498 | P55: IBM(2/3) | Q55: =L55-O55 -> 48502 | R55: 완료(3/25) | S55: 천범석
A56: . | B56: IK-24011 | D56: 45713 | E56: 로보츠 | F56: 키오시아 | G56: MA | H56: 월간-IBM | I56: 2월 유지정비료 - 3/12회 | J56: 1 | K56: 350000 | L56: =J56*K56 -> 350000 | M56: =L56*10% -> 35000 | N56: =SUM(L56:M56) -> 385000 | O56: =133870+70180+1000000/12 -> 287383.33 | P56: IBM(2/3) 133,875 DCSS (2/28) 70,180 시스나인(11/3) 1,000,000 (3/12) | Q56: =L56-O56 -> 62616.667 | R56: 완료(3/25) | S56: 천범석
A57: . | B57: IK-24014 | D57: 45713 | E57: 로보츠 | F57: 와이케이케이코리아 | G57: MA | H57: 월간-IBM | I57: 2월 유지정비료 - 2/12회 | J57: 1 | K57: 644000 | L57: =J57*K57 -> 644000 | M57: =L57*10% -> 64400 | N57: =SUM(L57:M57) -> 708400 | O57: =79496+4200000/12 -> 429496 | P57: IBM(2/3) 79,496 시스나인(11/3) 4,200,000 (2/12회) | Q57: =L57-O57 -> 214504 | R57: 완료(3/25) | S57: 천범석
A58: . | B58: SM-21021 | D58: 45713 | E58: 바른시스템 | G58: MA | H58: 월간 | I58: 2월 유지정비료 - 12/12회 | J58: 1 | K58: 305000 | L58: =J58*K58 -> 305000 | M58: =L58*10% -> 30500 | N58: =SUM(L58:M58) -> 335500 | O58: 84811 | P58: 아이비엠(2/3) | Q58: =L58-O58 -> 220189 | R58: 완료(2/28) | S58: 홍승민
A59: . | B59: LI-24006 | D59: 45713 | E59: 보해양조 | G59: MA | H59: 월간-IBM | I59: 2월 유지정비료 - 8/12회 | J59: 1 | K59: 668000 | L59: =J59*K59 -> 668000 | M59: =L59*10% -> 66800 | N59: =SUM(L59:M59) -> 734800 | O59: =277600+142800 -> 420400 | P59: IBM(2/3) 142,800 (2/1)277,600 | Q59: =L59-O59 -> 247600 | R59: 완료(3/17) | S59: 천범석
A60: . | B60: SM-24024 | D60: 45713 | E60: 일원병원 | F60: 묵동 | G60: MA | H60: 월간 | I60: 2월 유지정비료 - 3/12회 | J60: 1 | K60: 500000 | L60: =J60*K60 -> 500000 | M60: =L60*10% -> 50000 | N60: =SUM(L60:M60) -> 550000 | O60: =600000/6+20600 -> 120600 | P60: 시스나인(4/25) 반기 600,000 (3/6회) DCSS(2/28) 20,600 | Q60: =L60-O60 -> 379400 | R60: 완료(3/28) 418,000 (2/27) 132,000 | S60: 천범석
A61: . | B61: SM-25005 | D61: 45713 | E61: 고영 | G61: MA | H61: 월간 | I61: 2월 유지정비료 - 2/12회 | J61: 1 | K61: 1400000 | L61: =J61*K61 -> 1400000 | M61: =L61*10% -> 140000 | N61: =SUM(L61:M61) -> 1540000 | O61: =1500000/3 -> 500000 | P61: 시스나인(25/3/4) 분기 1,500,000 (2/3회) | Q61: =L61-O61 -> 900000 | R61: 완료(3/21) | S61: 홍승민
A62: . | B62: Y250116-01 | D62: 45715 | E62: 제트컨버터 | G62: 상품 | H62: 서버 | I62: HPE DL360Gen10 | J62: 1 | K62: 7200000 | L62: =J62*K62 -> 7200000 | M62: =L62*10% -> 720000 | N62: =SUM(L62:M62) -> 7920000 | O62: 4400000 | P62: 위퍼스트(1/20) | Q62: =L62-O62 -> 2800000 | R62: 완료(5/22) | S62: 홍승민
A63: . | B63: Y250117-01 | D63: 45715 | E63: 에스엔유정보기술 | F63: 광명시청 | G63: 상품 | H63: OS | I63: Windows Server 2022 Standard (DSP/16core/64bit/CAL미포함16 core) | J63: 1 | K63: 1200000 | L63: =J63*K63 -> 1200000 | M63: =L63*10% -> 120000 | N63: =SUM(L63:M63) -> 1320000 | O63: 1096609 | P63: 컴퓨존(1/17) | Q63: =L63-O63 -> 103391 | R63: 완료(3/31) | S63: 홍승민
A64: . | B64: Y250123-01 | D64: 45715 | E64: 온더보드 | F64: 한국경영혁신중소기업협회 | G64: 상품 | H64: 서버 | I64: Lenovo ThinkSystem SR250v2 | J64: 1 | K64: 3500000 | L64: =J64*K64 -> 3500000 | M64: =L64*10% -> 350000 | N64: =SUM(L64:M64) -> 3850000 | O64: =2950000+25000 -> 2975000 | P64: 이룸에스앤앤(2/21) 우림퀵(2/28) 25,000 | Q64: =L64-O64 -> 525000 | R64: 완료(3/31) | S64: 홍승민
A65: . | B65: Y250124-01 | D65: 45715 | E65: 코드정보 | F65: LG헬로비전 | G65: 상품 | H65: 90Y8878(USED) | I65: 300G 10K 6GB SAS 2.5 | J65: 2 | K65: 120000 | L65: =J65*K65 -> 240000 | M65: =L65*10% -> 24000 | N65: =SUM(L65:M65) -> 264000 | O65: 20000 | P65: 삼표매입 우림퀵(1/31) 20,000 | Q65: =L65-O65 -> 220000 | R65: 완료(5/30) | S65: 홍승민
A66: . | B66: Y250203-01 | D66: 45715 | E66: 에스엔유정보기술 | F66: 은평구청 | G66: 상품 | H66: OS | I66: Windows Server 2022 Standard (DSP/16core/64bit/CAL미포함16 core) | J66: 1 | K66: 1200000 | L66: =J66*K66 -> 1200000 | M66: =L66*10% -> 120000 | N66: =SUM(L66:M66) -> 1320000 | O66: 1096609 | P66: 컴퓨존(2/3) | Q66: =L66-O66 -> 103391 | R66: 완료(4/30) | S66: 홍승민
A67: . | B67: Y250210-01 | D67: 45715 | E67: 온더보드 | F67: 한림대병원 | G67: 상품 | H67: 00WF701 | I67: 1.2TB 10K 12G SAS 2.5inch Hard Drive | J67: 1 | K67: 200000 | L67: =J67*K67 -> 200000 | M67: =L67*10% -> 20000 | N67: =SUM(L67:M67) -> 220000 | O67: 3800 | P67: 재고 로젠택배(2/28)3,800 | Q67: =L67-O67 -> 196200 | R67: 완료(3/31) | S67: 홍승민
A68: . | B68: Y250218-01 | D68: 45715 | E68: 온더보드 | F68: 경기도학교안전공제회 | G68: 상품 | H68: 서버 | I68: Lenovo ThinkSystem SR250v2 | J68: 1 | K68: 3500000 | L68: =J68*K68 -> 3500000 | M68: =L68*10% -> 350000 | N68: =SUM(L68:M68) -> 3850000 | O68: =2950000+20000 -> 2970000 | P68: 이룸에스앤앤(2/21) 우림퀵(2/28) 20,000 | Q68: =L68-O68 -> 530000 | R68: 완료(3/31) | S68: 홍승민
A69: . | B69: Y250221-01 | D69: 45715 | E69: 코드정보 | F69: LG헬로비전 | G69: 상품 | H69: 001GR493 | I69: X3550M4 V2 BOARD | J69: 1 | K69: 550000 | L69: =J69*K69 -> 550000 | M69: =L69*10% -> 55000 | N69: =SUM(L69:M69) -> 605000 | P69: 삼표매입 | Q69: =L69-O69 -> 550000 | R69: 완료(5/30) | S69: 홍승민
A70: . | B70: H250123-01 | D70: 45715 | E70: 티에스씨인포 | G70: 상품 | H70: 85Y6185 | I70: IBM 300-GB 15K 2.5 SAS | J70: 3 | K70: 120000 | L70: 1660000 | M70: =L70*10% -> 166000 | N70: =SUM(L70:M70) -> 1826000 | O70: 1230000 | P70: 이비웨이브(1/23) 240,000 | Q70: =L70-O70 -> 430000 | R70: 완료(2/28) | S70: 천범석
A71: . | B71: H250203-01 | E71: 티에스씨인포 | G71: 상품 | H71: 80P3162 | I71: 73GB U320 15K 80Pin SCSI Hard Drive | J71: 1 | K71: 150000 | P71: 이비웨이브(2/3) 120,000
A72: . | B72: H250206-01 | E72: 티에스씨인포 | G72: 상품 | H72: 46M0918 | I72: SERVERAID M5014 RAID CONTROLLER | J72: 1 | K72: 100000 | P72: 이비웨이브(2/6) 60,000
A73: . | B73: H250206-02 | E73: 티에스씨인포 | G73: 상품 | H73: 46M0854 | I73: SERVERAID M5025 SAS/SATA CONTROLLER | J73: 1 | K73: 150000 | P73: 이비웨이브(2/6) 120,000
A74: . | B74: H250206-03 | E74: 티에스씨인포 | G74: 상품 | H74: 81Y4451 | I74: IBM Serveraid M5000 Battery Kit | J74: 2 | K74: 130000 | P74: 이비웨이브(2/6) 200,000
A75: . | B75: H250207-01 | E75: 티에스씨인포 | G75: 상품 | H75: 01LJ786 | I75: IBM 900GB 10K RPM 12Gbps 2.5" SAS HDD | J75: 1 | K75: 200000 | P75: 이비웨이브(2/7) 150,000
A76: . | B76: H250211-01 | E76: 티에스씨인포 | G76: 상품 | H76: 44X3212 | I76: IBM V7000 Storage 600GB 10K 2.5inch HDD 44X3212/90Y7652 | J76: 1 | K76: 200000 | P76: 이비웨이브(2/11) 150,000
A77: . | B77: H250212-01 | E77: 티에스씨인포 | G77: 상품 | H77: 01KR355 | I77: Lenovo 32GB PC4-23400V DDR4-2933 2RX4 ECC RDIMM Server Memory | J77: 1 | K77: 240000 | P77: 이비웨이브(2/12) 190,000
A78: . | B78: S | D78: 45716 | E78: 스팩스 | F78: 광명자이 1810호 | G78: 건물임대 | H78: 임대료 | I78: 2월 임대료 - 8/12회 | J78: 1 | K78: 600000 | L78: =J78*K78 -> 600000 | M78: =L78*10% -> 60000 | N78: =SUM(L78:M78) -> 660000 | O78: 0 | P78: X | Q78: =L78-O78 -> 600000 | R78: 완료(3/4) | S78: 정지우
A79: . | B79: S | D79: 45716 | E79: 씨케이명차 | F79: 가양아너비즈 402~404호 | G79: 건물임대 | H79: 임대료 | I79: 3월(2.28~3.30) 임대료 | J79: 1 | K79: 4000000 | L79: =J79*K79 -> 4000000 | M79: =L79*10% -> 400000 | N79: =SUM(L79:M79) -> 4400000 | O79: 0 | P79: X | Q79: =L79-O79 -> 4000000 | R79: 보증금반제(25/8/31) | S79: 정지우
A80: . | B80: SB-23012 | C80: ZKFUER | D80: 45716 | E80: 솔리드시스템 | F80: 국립기상과학원 | G80: MA | H80: 월간-레노버 | I80: 2월 유지정비료 - 26/37회 | J80: 1 | K80: 11178000 | L80: =J80*K80 -> 11178000 | M80: =L80*10% -> 1117800 | N80: =SUM(L80:M80) -> 12295800 | O80: 9980400 | P80: 레노버(2/28) | Q80: =L80-O80 -> 1197600 | R80: 완료(4/30) | S80: 천범석
A81: . | B81: SB-25004 | C81: ZDCPQK | D81: 45716 | E81: 솔리드시스템 | F81: 삼성중공업 | G81: MA | H81: 월간-레노버 | I81: 2월 유지정비료 - 2/12회 | J81: 1 | K81: 585000 | L81: =J81*K81 -> 585000 | M81: =L81*10% -> 58500 | N81: =SUM(L81:M81) -> 643500 | O81: 531600 | P81: 레노버(2/28) | Q81: =L81-O81 -> 53400 | R81: 완료(4/30) | S81: 천범석
A82: . | B82: IK-22023 | D82: 45716 | E82: 로인아이티 | F82: 성원제강 | G82: MA | H82: 월간-IBM | I82: 2월 유지정비료 - 23/36회 | J82: 1 | K82: 180000 | L82: =J82*K82 -> 180000 | M82: =L82*10% -> 18000 | N82: =SUM(L82:M82) -> 198000 | O82: 159761 | P82: IBM(2/3) | Q82: =L82-O82 -> 20239 | R82: 완료(3/26) | S82: 천범석
A83: . | B83: IK-22021 | D83: 45716 | E83: 로인아이티 | F83: 문배철강 | G83: MA | H83: 월간-IBM | I83: 2월 유지정비료 - 23/36회 | J83: 1 | K83: 240000 | L83: =J83*K83 -> 240000 | M83: =L83*10% -> 24000 | N83: =SUM(L83:M83) -> 264000 | O83: 212293 | P83: IBM(2/3) | Q83: =L83-O83 -> 27707 | R83: 완료(3/26) | S83: 천범석
A84: . | B84: IK-24002 | D84: 45716 | E84: 로인아이티 | F84: 교세라커넥터프로덕츠코리아 | G84: MA | H84: 월간-IBM | I84: 25.02.01~27.03.31 유지정비료 | J84: 1 | K84: 2022000 | L84: =J84*K84 -> 2022000 | M84: =L84*10% -> 202200 | N84: =SUM(L84:M84) -> 2224200 | O84: =70422*26+73255*2 -> 1977482 | P84: IBM 월 70,422*26 (25.02~27.01) (2/3)(3/4)(4/1)(5/1)(6/2)(7/1)(8/1)(9/1)(10/1)(11/1)(12/1)(26/1/1)(2/1)(3/1)(4/1)(5/1)(6/1)(7/1)(8/1)(9/1)(10/1)(11/1)(12/1)(27/1/1) 월 73,255*2 (27.2~3) (2/1)(3/1) | Q84: =L84-O84 -> 44518 | R84: 완료(3/26) | S84: 천범석
A85: . | B85: SB-24040 | C85: ZBJK3I | D85: 45716 | E85: 도담솔루션 | F85: 호원대학교 | G85: MA | H85: 월간-레노버 | I85: 2월 유지정비료 - 9/12회 | J85: 1 | K85: 122000 | L85: =J85*K85 -> 122000 | M85: =L85*10% -> 12200 | N85: =SUM(L85:M85) -> 134200 | O85: 101400 | P85: 레노버(2/28) | Q85: =L85-O85 -> 20600 | R85: 완료(4/10) | S85: 천범석
A86: . | B86: SM-23031 | D86: 45716 | E86: 온더보드 | F86: 삼표 | G86: MA | H86: 월간 | I86: 삼표 DB세이퍼 유지보수 - 2월(7/12회) | J86: 1 | K86: 1200000 | L86: =J86*K86 -> 1200000 | M86: =L86*10% -> 120000 | N86: =SUM(L86:M86) -> 1320000 | O86: =600000+1250000/6+1750000/7 -> 1058333.3 | P86: 신세계(2/18) 600,000 지엘정보(6/27) 반기 1,250,000(1/6회) 시스나인(1/2) 1,750,000(2/7회) | Q86: =L86-O86 -> 141666.67 | R86: 완료(3/31) | S86: 이예지
A87: . | B87: SB-23037 SB-23043 | C87: Z2XAQY ZDSTPH | D87: 45716 | E87: 에이큐씨앤씨 | F87: 한림대학교 | G87: MA | H87: 월간-레노버 | I87: 2월 유지정비료 - 21/21회 | J87: 1 | K87: =288000+51200 -> 339200 | L87: =J87*K87 -> 339200 | M87: =L87*10% -> 33920 | N87: =SUM(L87:M87) -> 373120 | O87: =245700+45600 -> 291300 | P87: 레노버(2/28) 245,700 (2/28) 45,600 | Q87: =L87-O87 -> 47900 | R87: 완료(3/31) | S87: 천범석
A88: . | B88: SB-23053 | C88: Z41QIW | D88: 45716 | E88: 수원정보 | F88: 신세계아이앤씨 | G88: MA | H88: 월간-레노버 | I88: 2월 유지정비료 - 24/46회 | J88: 1 | K88: 5082300 | L88: =J88*K88 -> 5082300 | M88: =L88*10% -> 508230 | N88: =SUM(L88:M88) -> 5590530 | O88: =3709756+10560000/12 -> 4589756 | P88: 레노버(2/28) 3,709,756 시스나인(25/2/28) 10,560,000 (9/12회) | Q88: =L88-O88 -> 492544 | R88: 완료(3/31) | S88: 천범석
A89: . | B89: SB-24031 | C89: ZKZDVZ | D89: 45716 | E89: 데이타메트렉스 | F89: 롯데하이마트 | G89: MA | H89: 월간-레노버 | I89: (HW) 2월 유지정비료 - 9/12회 | J89: 1 | K89: 1016100 | L89: =J89*K89 -> 1016100 | M89: =L89*10% -> 101610 | N89: =SUM(L89:M89) -> 1117710 | O89: =604800+2160000/6 -> 964800 | P89: 레노버(2/28) 시스나인(25/3/4) 2,160,000(3/6회) | Q89: =L89-O89 -> 51300 | R89: 완료(3/31) | S89: 천범석
A90: . | B90: SB-24028 | C90: ZCX01Z | D90: 45716 | E90: 다솜테크 | F90: 대한산업보건협회 | G90: MA | H90: 월간-레노버 | I90: 2월 유지정비료 - 10/12회 | J90: 1 | K90: 204700 | L90: =J90*K90 -> 204700 | M90: =L90*10% -> 20470 | N90: =SUM(L90:M90) -> 225170 | O90: 243955 | P90: 레노버(2/28) | Q90: =L90-O90 -> -39255 | R90: 완료(4/30) | S90: 천범석
A91: . | B91: SB-24044 | C91: ZSWUX2 | D91: 45716 | E91: 다솜테크 | F91: LX홀딩스 | G91: MA | H91: 월간-레노버 | I91: 2월 유지정비료 - 8/12회 | J91: 1 | K91: 573000 | L91: =J91*K91 -> 573000 | M91: =L91*10% -> 57300 | N91: =SUM(L91:M91) -> 630300 | O91: 505200 | P91: 레노버(2/28) | Q91: =L91-O91 -> 67800 | R91: 완료(4/30) | S91: 천범석
A92: . | B92: SB-24046 | C92: Z8LTG0 | D92: 45716 | E92: 다솜테크 | F92: 웰컴저축은행 | G92: MA | H92: 월간-레노버 | I92: 2월 유지정비료 - 7/12회 | J92: 1 | K92: 220000 | L92: =J92*K92 -> 220000 | M92: =L92*10% -> 22000 | N92: =SUM(L92:M92) -> 242000 | O92: 204600 | P92: 레노버(2/28) | Q92: =L92-O92 -> 15400 | R92: 완료(4/30) | S92: 천범석
A93: . | B93: SB-24061 | C93: ZVVVON | D93: 45716 | E93: 다솜테크 | F93: 롯데이노베이트(롯데정보통신) | G93: MA | H93: 월간-레노버 | I93: 2월 유지정비료 - 2/12회 | J93: 1 | K93: 700000 | L93: =J93*K93 -> 700000 | M93: =L93*10% -> 70000 | N93: =SUM(L93:M93) -> 770000 | O93: 661800 | P93: 레노버(2/28) | Q93: =L93-O93 -> 38200 | R93: 완료(4/30) | S93: 천범석
A94: . | B94: SB-24063 | C94: ZIR05U | D94: 45716 | E94: 다솜테크 | F94: 이원(E1)컨테이너터미널 #1 | G94: MA | H94: 월간-레노버 | I94: 2월 유지정비료 - 2/12회 | J94: 1 | K94: 380000 | L94: =J94*K94 -> 380000 | M94: =L94*10% -> 38000 | N94: =SUM(L94:M94) -> 418000 | O94: =289800+500000/12 -> 331466.67 | P94: 레노버(2/28) 시스나인(1/2) 연500,000(2/12회) | Q94: =L94-O94 -> 48533.333 | R94: 완료(4/30) | S94: 천범석
A95: . | B95: SB-24064 | C95: ZOTN1N | D95: 45716 | E95: 다솜테크 | F95: 이원(E1)컨테이너터미널 #2 | G95: MA | H95: 월간-레노버 | I95: 2월 유지정비료 - 2/12회 | J95: 1 | K95: 625000 | L95: =J95*K95 -> 625000 | M95: =L95*10% -> 62500 | N95: =SUM(L95:M95) -> 687500 | O95: 590400 | P95: 레노버(2/28) | Q95: =L95-O95 -> 34600 | R95: 완료(4/30) | S95: 천범석
A96: . | B96: SB-24065 | C96: ZDFIN7 | D96: 45716 | E96: 다솜테크 | F96: 안산시청 | G96: MA | H96: 월간-레노버 | I96: 2월 유지정비료 - 2/12회 | J96: 1 | K96: 1232000 | L96: =J96*K96 -> 1232000 | M96: =L96*10% -> 123200 | N96: =SUM(L96:M96) -> 1355200 | O96: 1196100 | P96: 레노버(2/28) | Q96: =L96-O96 -> 35900 | R96: 완료(4/30) | S96: 천범석
A97: . | B97: IK-24005 | D97: 45716 | E97: 엔콤 | F97: 전북도시가스 | G97: MA | H97: 월간-IBM | I97: 2월 유지정비료 - 11/12회 | J97: 1 | K97: 1366000 | L97: =J97*K97 -> 1366000 | M97: =L97*10% -> 136600 | N97: =SUM(L97:M97) -> 1502600 | O97: 1263250 | P97: IBM(2/3) | Q97: =L97-O97 -> 102750 | R97: 완료(3/28) | S97: 천범석
A98: . | B98: IK-24006 | D98: 45716 | E98: 서부컨테이너터미널 | G98: MA | H98: 월간-IBM | I98: 2월 유지정비료 - 10/24회 | J98: 1 | K98: 3916667 | L98: =J98*K98 -> 3916667 | M98: 391667 | N98: =SUM(L98:M98) -> 4308334 | O98: =5423462/12+3239404 -> 3691359.2 | P98: IBM(5/3)연간 5,423,462(10/12회) IBM(2/3) 3,239,404 | Q98: =L98-O98 -> 225307.83 | R98: 완료(3/31) | S98: 홍승민
A99: . | B99: SB-24027 | C99: ZGTHWJ | D99: 45716 | E99: 시스템본 | F99: 엘지유플러스 | G99: MA | H99: 월간-레노버 | I99: 2월 유지정비료 - 10/32회 | J99: 1 | K99: 659700 | L99: =J99*K99 -> 659700 | M99: =L99*10% -> 65970 | N99: =SUM(L99:M99) -> 725670 | O99: 518541 | P99: 레노버(2/28) | Q99: =L99-O99 -> 141159 | R99: 완료(4/30) | S99: 천범석
A100: . | B100: SB-24034 | C100: Z11I89 | D100: 45716 | E100: 씨원시스템 | F100: 이녹스(패션그룹형지) | G100: MA | H100: 월간-레노버 | I100: 2월 유지정비료 - 9/12회 | J100: 1 | K100: 285500 | L100: =J100*K100 -> 285500 | M100: =L100*10% -> 28550 | N100: =SUM(L100:M100) -> 314050 | O100: 249900 | P100: 레노버(2/28) | Q100: =L100-O100 -> 35600 | R100: 완료(4/30) | S100: 천범석
...

Sheet 3월
B1: ="["&YEAR(D3)&"년 "&MONTH(D3)&"월 매출]" -> [2025년 3월 매출]
B2: 품의코드 | C2: Vendor 코드 | D2: 날짜 | E2: 매출처 | F2: END-USER | G2: 구분 | H2: MA : 청구구분 상품 : PN | I2: 거래내용 | J2: 수량 | K2: 단가 | L2: 공급가액 | M2: 부가세 | N2: 공급가합계 | O2: 매입액 | P2: 매입거래처 | Q2: GP | R2: 입금일 | S2: 영업 담당자 | T2: 비고
A3: . | B3: SM-23015 | D3: 45717 | E3: 동원프라스틱 | F3: 동원프라스틱 | G3: MA | H3: 월간 | I3: 3월 유지정비료 - 12/13회 | J3: 1 | K3: 1200000 | L3: =J3*K3 -> 1200000 | M3: =L3*10% -> 120000 | N3: =SUM(L3:M3) -> 1320000 | O3: =4800000/6 -> 800000 | P3: 시스나인(25/3/4) 4,800,000 3/6회 | Q3: =L3-O3 -> 400000 | R3: 완료(3/31) | S3: 이예지
A4: . | B4: IK-23016 | D4: 45717 | E4: 케이정보기술 | F4: 청주시청 | G4: MA | H4: 월간-IBM | I4: 3월 유지정비료 - 19/35회 | J4: 1 | K4: 1600000 | L4: =J4*K4 -> 1600000 | M4: =L4*10% -> 160000 | N4: =SUM(L4:M4) -> 1760000 | O4: =1123962+259896 -> 1383858 | P4: IBM(3/4) 1,123,962 (3/4) 259,896 | Q4: =L4-O4 -> 216142 | R4: 완료(4/30) | S4: 천범석
A5: . | B5: SM-24011 | D5: 45717 | E5: 가나병원 | G5: MA | H5: 월간 | I5: 3월 유지정비료 - 11/12회 | J5: 1 | K5: 300000 | L5: =J5*K5 -> 300000 | M5: =L5*10% -> 30000 | N5: =SUM(L5:M5) -> 330000 | O5: 0 | P5: SM | Q5: =L5-O5 -> 300000 | R5: 완료(3/13) | S5: 천범석
A6: . | B6: LI-24004 | D6: 45717 | E6: 한국메탈 | G6: MA | H6: 월간-IBM | I6: 3월 유지정비료 - 11/36회 | J6: 1 | K6: 507500 | L6: =J6*K6 -> 507500 | M6: =L6*10% -> 50750 | N6: =SUM(L6:M6) -> 558250 | O6: =316682+800000/8 -> 416682 | P6: IBM(3/3) 316,682 시스나인(1/2) 연간 1,200,000(3/12회) | Q6: =L6-O6 -> 90818 | R6: 완료(3/31) | S6: 천범석
A7: . | B7: LI-24005 | C7: Z4ACEZ | D7: 45717 | E7: 해종합건축사사무소 | G7: MA | H7: 월간-IBM | I7: 3월 유지정비료 - 10/12회 | J7: 1 | K7: 1554500 | L7: =J7*K7 -> 1554500 | M7: =L7*10% -> 155450 | N7: =SUM(L7:M7) -> 1709950 | O7: =171600+6000000/12+436400+200000 -> 1308000 | P7: 레노버(3/31) 171,600 에스엔에이(3/15) 200,000 IBM(3/1) 436,400 시스나인(25/3/4) 연간 6,000,000 10/12회 | Q7: =L7-O7 -> 246500 | R7: 완료(3/31) | S7: 천범석
A8: . | B8: SB-24039 | C8: ZZGBBZ | D8: 45717 | E8: 한국디지털방송 | G8: MA | H8: 월간-레노버 | I8: 3월 유지정비료 - 9/12회 | J8: 1 | K8: 1423000 | L8: =J8*K8 -> 1423000 | M8: =L8*10% -> 142300 | N8: =SUM(L8:M8) -> 1565300 | O8: 1120200 | P8: 레노버(3/31) | Q8: =L8-O8 -> 302800 | R8: 완료(3/20) | S8: 천범석
A9: . | B9: IK-24008 | D9: 45717 | E9: 서비스링크 | F9: 세원정공(폴라리스세원) | G9: MA | H9: 월간-레노버 | I9: 3월 유지정비료 - 9/12회 | J9: 1 | K9: 238000 | L9: =J9*K9 -> 238000 | M9: =L9*10% -> 23800 | N9: =SUM(L9:M9) -> 261800 | O9: 198018 | P9: IBM(3/4) | Q9: =L9-O9 -> 39982 | R9: 완료(3/31) | S9: 천범석
A10: . | B10: IK-24012 | D10: 45717 | E10: 인정보시스템 | F10: 대구텍 | G10: MA | H10: 월간-IBM | I10: 3월 유지정비료 - 3/6회 | J10: 1 | K10: 1039500 | L10: =J10*K10 -> 1039500 | M10: =L10*10% -> 103950 | N10: =SUM(L10:M10) -> 1143450 | O10: 990000 | P10: IBM(3/4) | Q10: =L10-O10 -> 49500 | R10: 완료(3/28) | S10: 천범석
A11: . | B11: IK-24013 | D11: 45717 | E11: 레드텍 | F11: 대한상공회의소 | G11: MA | H11: 월간-IBM | I11: 3월 유지정비료 - 5/12회 | J11: 1 | K11: 158400 | L11: =J11*K11 -> 158400 | M11: =L11*10% -> 15840 | N11: =SUM(L11:M11) -> 174240 | O11: 145780 | P11: IBM(3/4) | Q11: =L11-O11 -> 12620 | R11: 완료(3/4) | S11: 천범석
A12: . | B12: SM-23012 | D12: 45717 | E12: 택스홈앤아웃 | F12: 본사 | G12: MA | H12: 월간 | I12: VPN 서비스 3월임대료 - 3/12회 280,000 + 보안스위치 3월 2대*120,000 | J12: 1 | K12: =280000+2*120000 -> 520000 | L12: =J12*K12 -> 520000 | M12: =L12*10% -> 52000 | N12: =SUM(L12:M12) -> 572000 | O12: =213400+155200 -> 368600 | P12: 엘림넷(3/10) 213,400 (3/10) 155,200 | Q12: =L12-O12 -> 151400 | R12: 완료(3/31) | S12: 이예지
A13: . | B13: SM-23013 | D13: 45717 | E13: 하이엔드택스 강남지점 | F13: 압구정 | G13: MA | H13: 월간 | I13: VPN 서비스 3월임대료 - 3/12회 | J13: 1 | K13: 320000 | L13: =J13*K13 -> 320000 | M13: =L13*10% -> 32000 | N13: =SUM(L13:M13) -> 352000 | O13: =145500+77600 -> 223100 | P13: 엘림넷(3/10) 145,500 (3/10) 77,600 | Q13: =L13-O13 -> 96900 | R13: 완료(4/2) | S13: 이예지
A14: . | B14: SM-23016 | D14: 45717 | E14: 에실로코리아 | F14: 에실로코리아 | G14: MA | H14: 월간 | I14: 3월 유지정비료 - 3/12회 | J14: 1 | K14: 100000 | L14: =J14*K14 -> 100000 | M14: =L14*10% -> 10000 | N14: =SUM(L14:M14) -> 110000 | O14: 0 | P14: SM | Q14: =L14-O14 -> 100000 | R14: 완료(4/24) | S14: 이예지
A15: . | B15: IK-22025 | D15: 45717 | E15: 디에스피 | F15: 엘지생활건강 청주공장 | G15: MA | H15: 월간-IBM | I15: 3월 유지정비료 - 2/12회 | J15: 1 | K15: 635000 | L15: =J15*K15 -> 635000 | M15: =L15*10% -> 63500 | N15: =SUM(L15:M15) -> 698500 | O15: 564192 | P15: IBM(3/3) | Q15: =L15-O15 -> 70808 | R15: 완료(3/31) | S15: 천범석
A16: . | B16: S | D16: 45721 | E16: 장형기업 | F16: 검단미플존 316호 | G16: 건물임대 | H16: 임대료 | I16: 3월 임대료 - 5/8회 | J16: 1 | K16: 367500 | L16: =J16*K16 -> 367500 | M16: =L16*10% -> 36750 | N16: =SUM(L16:M16) -> 404250 | O16: 0 | P16: X | Q16: =L16-O16 -> 367500 | R16: 완료(3/31) | S16: 정지우
A17: . | B17: SM-24021 | D17: 45721 | E17: 제이원캐피탈 | G17: MA | H17: 월간 | I17: 2월 유지정비료 - 6/12회 | J17: 1 | K17: 7060000 | L17: =J17*K17 -> 7060000 | M17: =L17*10% -> 706000 | N17: =SUM(L17:M17) -> 7766000 | O17: =691781+300000+70000+1000000/12+810000+352900+5000000/3 -> 3974681 | P17: IBM(2/3) 691,781 에스엔에이(2/28) 300,000 키미데이타(2/28) 70,000 코오롱베니트(10/31) 1,000,000연간(6/12회) 더파트(2/28) 810,000 DCSS(2/28) 352,900 시스나인(4/25) 분기5,000 000(2/3회) | Q17: =L17-O17 -> 3085319 | R17: 완료(3/28) | S17: 이예지
A18: . | B18: SM-24020 | D18: 45721 | E18: 에이비씨한국 | G18: MA | H18: 월간 | I18: BOARD SYSTEM Maintenance 3월분 - 6/12회 | J18: 1 | K18: 1100000 | L18: =J18*K18 -> 1100000 | M18: =L18*10% -> 110000 | N18: =SUM(L18:M18) -> 1210000 | O18: 1060000 | P18: 로보츠(3/5) | Q18: =L18-O18 -> 40000 | R18: 완료(4/30) | S18: 이예지
A19: . | B19: S | D19: 45721 | E19: 아이티앤 | F19: 우물단 | G19: 상품 | H19: 기술지원 | I19: 전산장비 이전, 시스템 마이그레이션 (3차) | J19: 1 | K19: 12500000 | L19: =J19*K19 -> 12500000 | M19: =L19*10% -> 1250000 | N19: =SUM(L19:M19) -> 13750000 | O19: 0 | P19: (24/12/26) | Q19: 0 | R19: 완료(4/1) | S19: 이예지 | U19: 매출정리
A20: . | B20: D250224-01 | D20: 45721 | E20: 리더스시스템즈 | G20: 상품 | H20: 01LJ207 | I20: IBM 32GB DDR4 DIMM For Elastic Storage System | J20: 1 | K20: 380000 | L20: =J20*K20 -> 380000 | M20: =L20*10% -> 38000 | N20: =SUM(L20:M20) -> 418000 | O20: =200000+3800 -> 203800 | P20: DCSS(2/28) 로젠택배(2/28) 3,800 | Q20: =L20-O20 -> 176200 | R20: 완료(3/10) | S20: 이지훈
A21: . | B21: S | D21: 45726 | E21: 중소기업은행 | F21: 호계214~216호 | G21: 건물임대 | H21: 임대료 | I21: 3월 임대료 (2.13~3.12)-2/24회 | J21: 1 | K21: 6394500 | L21: =J21*K21 -> 6394500 | M21: =L21*10% -> 639450 | N21: =SUM(L21:M21) -> 7033950 | O21: 0 | P21: X | Q21: =L21-O21 -> 6394500 | R21: 완료(3/18) | S21: 정지우
A22: . | B22: Y240830-03 | D22: 45726 | E22: 스마트웨어 | F22: 세연시스템즈 | G22: 장비임대 | H22: 서버임대 | I22: X3650M5 임대 (Xeon E5-2640v3 2.6GHz 8C x2 / 128GB Memory / 600GB SAS x4 / Power x2) (25/2/2~25/3/1) | J22: 1 | K22: 200000 | L22: =J22*K22 -> 200000 | M22: =L22*10% -> 20000 | N22: =SUM(L22:M22) -> 220000 | O22: 0 | P22: 재고 | Q22: =L22-O22 -> 200000 | R22: 4월말 | S22: 홍승민
B23: H250227-03 | D23: 45727 | E23: 브리토바코 | F23: BAT사천 | G23: 상품 | H23: USB Blocker | I23: [LINDY] 보안 커텍터, 추가구매용 USB 블록, [레드/20 SET] / [오렌지/17 SET]/ [블루/3 SET] | J23: 40 | K23: 33000 | L23: =J23*K23 -> 1320000 | M23: =L23*10% -> 132000 | N23: =SUM(L23:M23) -> 1452000 | O23: =1081440+3800 -> 1085240 | P23: 컴퓨존(2/27) 로젠택배(3/31) 3,800 | Q23: =L23-O23 -> 234760 | R23: 완료(5/14) | S23: 천범석
A24: . | B24: S | D24: 45727 | E24: 왕길토건 | F24: 검단미플존 317호 | G24: 건물임대 | H24: 임대료 | I24: 2월 임대료(25/2/11~3/10) - 5/10회 | J24: 1 | K24: 400000 | L24: =J24*K24 -> 400000 | M24: =L24*10% -> 40000 | N24: =SUM(L24:M24) -> 440000 | O24: 0 | P24: X | Q24: =L24-O24 -> 400000 | R24: 완료(3/11) | S24: 정지우
A25: . | B25: S | D25: 45729 | E25: 에이비씨한국 | G25: 상품 | H25: LG PC | I25: [LG전자] 슬림타워 데스크탑 Z80LV.AP47B3E | J25: 1 | K25: 1530000 | L25: =J25*K25 -> 1530000 | M25: =L25*10% -> 153000 | N25: =SUM(L25:M25) -> 1683000 | O25: 1499000 | P25: 로보츠(3/17) | Q25: =L25-O25 -> 31000 | R25: 완료(4/30) | S25: 이예지
A26: . | B26: S | D26: 45731 | E26: 순환 | F26: 검단미플존 318호 | G26: 건물임대 | H26: 임대료 | I26: 3월 임대료(25/2/20~25/3/19) - 5/9회 | J26: 1 | K26: 346500 | L26: =J26*K26 -> 346500 | M26: =L26*10% -> 34650 | N26: =SUM(L26:M26) -> 381150 | O26: 0 | P26: X | Q26: =L26-O26 -> 346500 | R26: 완료(3/24) | S26: 정지우
A27: . | B27: SB-24011 | C27: Z5PURB | D27: 45731 | E27: 비온시이노베이터 | F27: 국립농업과학원 | G27: MA | H27: 월간-레노버 | I27: 2월 유지정비료 - 14/24회 | J27: 1 | K27: 875000 | L27: =J27*K27 -> 875000 | M27: =L27*10% -> 87500 | N27: =SUM(L27:M27) -> 962500 | O27: =511500+3400000/12 -> 794833.33 | P27: 레노버(2/28)511,500 시스나인(4/25) 연간3,400,000(2/12회) | Q27: =L27-O27 -> 80166.667 | R27: 완료(4/10) | S27: 천범석
A28: . | B28: SB-24009 | C28: Z0PYQC | D28: 45731 | E28: 유알피 | F28: 서울디자인재단 | G28: MA | H28: 월간-레노버 | I28: 2월 유지정비료 - 14/36회 | J28: 1 | K28: 1080000 | L28: =J28*K28 -> 1080000 | M28: =L28*10% -> 108000 | N28: =SUM(L28:M28) -> 1188000 | O28: 976200 | P28: 레노버(2/28) | Q28: =L28-O28 -> 103800 | R28: 완료(3/25) | S28: 천범석
B29: Y250305-01 | D29: 45733 | E29: 라온전자 | G29: 상품 | H29: 어댑터 | I29: MSI 노트북 충전기 20V 7.5A 150W (4.5X3.0mm) 전원 어댑터 ADP-150CH D | J29: 1 | K29: 65000 | L29: =J29*K29 -> 65000 | M29: =L29*10% -> 6500 | N29: =SUM(L29:M29) -> 71500 | O29: 50191 | P29: 11번가(3/5법카) | Q29: =L29-O29 -> 14809 | R29: 완료(4/1) | S29: 홍승민
B30: Y250306-01 | D30: 45733 | E30: 라온전자 | G30: 상품 | H30: 조립PC | I30: 조립PC | J30: 1 | K30: 3420000 | L30: =J30*K30 -> 3420000 | M30: =L30*10% -> 342000 | N30: =SUM(L30:M30) -> 3762000 | O30: =3159164+30000 -> 3189164 | P30: 컴퓨존(3/6) 우림퀵(3/31) 30,000 | Q30: =L30-O30 -> 230836 | R30: 완료(4/1) | S30: 홍승민
B31: H250318-02 | D31: 45734 | E31: 제이원아이티시스템 | G31: 상품 | H31: 기술지원 | I31: 스토리지 1일 기술지원료 | J31: 1 | K31: 700000 | L31: =J31*K31 -> 700000 | M31: =L31*10% -> 70000 | N31: =SUM(L31:M31) -> 770000 | O31: 500000 | P31: 테이아인포(3/14) | Q31: =L31-O31 -> 200000 | R31: 완료(6/19) | S31: 이예지
A32: . | B32: Y250319-01 | D32: 45735 | E32: 종교방송 | G32: MA | H32: 리뉴얼 | I32: HPE Aruba Switch Renewal(25.03.01 ~ 26.02.28) | J32: 1 | K32: 2280000 | L32: =J32*K32 -> 2280000 | M32: =L32*10% -> 228000 | N32: =SUM(L32:M32) -> 2508000 | O32: 2040000 | P32: 씨플랫폼(4/30) | Q32: =L32-O32 -> 240000 | R32: 완료(3/26) | S32: 홍승민
A33: . | B33: D250305-01 | D33: 45735 | E33: 고영 | G33: 상품 | H33: 조립PC | I33: 조립PC | J33: 1 | K33: 7990000 | L33: =J33*K33 -> 7990000 | M33: =L33*10% -> 799000 | N33: =SUM(L33:M33) -> 8789000 | O33: =3161791+3714000+45000 -> 6920791 | P33: 컴퓨존(3/5) 3,161,791 리더스시스템즈(3/6) 3,714,000 우림퀵(3/31) | Q33: =L33-O33 -> 1069209 | R33: 완료(4/14) | S33: 이지훈
A34: . | B34: S | D34: 45736 | E34: 아이지리더스 | F34: 광명자이 1812호 | G34: 건물임대 | H34: 임대료 | I34: 3월 임대료(2.26~3.25) 5/12회 | J34: 1 | K34: 800000 | L34: =J34*K34 -> 800000 | M34: =L34*10% -> 80000 | N34: =SUM(L34:M34) -> 880000 | O34: 0 | P34: X | Q34: =L34-O34 -> 800000 | R34: 완료-보증금공제 | S34: 정지우
A35: . | B35: SM-23017 | D35: 45736 | E35: 이앤피정보기술 | F35: 용진일렉콤 | G35: MA | H35: 월간 | I35: 3월 유지정비료 - 12/12회 | J35: 1 | K35: 200000 | L35: =J35*K35 -> 200000 | M35: =L35*10% -> 20000 | N35: =SUM(L35:M35) -> 220000 | O35: 0 | P35: X | Q35: =L35-O35 -> 200000 | R35: 완료(4/30) | S35: 이예지
A36: . | B36: SM-23023 | D36: 45736 | E36: 중앙유통단지관리운영회 | G36: 장비임대 | H36: 서버 | I36: 서버임대 SR650 2식 - 18/36회 | J36: 1 | K36: 1000000 | L36: =J36*K36 -> 1000000 | M36: =L36*10% -> 100000 | N36: =SUM(L36:M36) -> 1100000 | O36: =16728000/36+370000+1000000/12 -> 918000 | P36: 트루스케일 2대 15,800,000 SR250내 2.4T 2*100,000 이룸에스앤앤(9/5) 2*364,000 ========= 총 16,728,000 (18/36회) 이올테크(3/20) 370,000 시스나인(24/9/2) 연 1,000,000(6/12회) | Q36: =L36-O36 -> 82000 | R36: 완료(3/31) | S36: 천범석
B37: IK-25002 | D37: 45736 | E37: 시너지온 | F37: 명지병원 | G37: MA | H37: 월간-IBM | I37: 3월 유지정비료 - 1/12회 | J37: 1 | K37: 350000 | L37: =J37*K37 -> 350000 | M37: =L37*10% -> 35000 | N37: =SUM(L37:M37) -> 385000 | O37: =300000 -> 300000 | P37: 티에스씨인포 (3/31) 300,000 | Q37: =L37-O37 -> 50000 | R37: 완료(5/30) | S37: 천범석
A38: . | B38: SM-24014 | D38: 45736 | E38: 동아건설 | G38: MA | H38: 월간 | I38: 3월 유지정비료 - 11/12회 | J38: 1 | K38: 950000 | L38: =J38*K38 -> 950000 | M38: =L38*10% -> 95000 | N38: =SUM(L38:M38) -> 1045000 | O38: =2000000/4+150000 -> 650000 | P38: 시스나인(4/25) 2,000,000(3/4회) 제이에스(4/25) 150,000 | Q38: =L38-O38 -> 300000 | R38: 완료(4/30) | S38: 이예지
B39: H250313-01 | D39: 45737 | E39: 영화시스템 | F39: CGV대학로 | G39: 상품 | H39: 42D0767 | I39: 2TB 7.2K 6Gbps NL SAS 3.5" HS HDD | J39: 8 | K39: 200000 | L39: 2200000 | M39: =L39*10% -> 220000 | N39: =SUM(L39:M39) -> 2420000 | O39: =8*70000 -> 560000 | P39: 이비웨이브(3/12) 8*70000 | Q39: =L39-O39 -> 1640000 | R39: 완료(4/21) | S39: 천범석
B40: H250313-02 | E40: 영화시스템 | G40: 상품 | H40: 기술료 | I40: MIGRATION 엔지니어 지원 기술료 | J40: 1 | K40: 600000 | O40: 0 | P40: SM | Q40: =L40-O40 -> 0
B41: H250304-01 | D41: 45737 | E41: 한국정보기술 | G41: 상품 | H41: 870794-001 | I41: 600GB 15K 12G SAS 2.5inch Enterprise Hard Drive | J41: 1 | K41: 250000 | L41: =J41*K41 -> 250000 | M41: =L41*10% -> 25000 | N41: =SUM(L41:M41) -> 275000 | O41: 180000 | P41: 이비웨이브(3/4) | Q41: =L41-O41 -> 70000 | R41: 완료(3/25) | S41: 천범석
B42: H250306-01 | D42: 45737 | E42: 아이티엔 | G42: 상품 | H42: 42D0752 | I42: IBM 500GB 7200 NL SATA 2.5'' SFF Slim-HS HDD | J42: 1 | K42: 250000 | L42: =J42*K42 -> 250000 | M42: =L42*10% -> 25000 | N42: =SUM(L42:M42) -> 275000 | O42: 150000 | P42: 이비웨이브(3/6) | Q42: =L42-O42 -> 100000 | R42: 완료(6/5) | S42: 천범석
A43: . | B43: H250324-02 | D43: 45740 | E43: 영화시스템 | F43: CGV계양 | G43: 상품 | H43: 이전 | I43: X3650M5 서버 1식, 이전 | J43: 1 | K43: 400000 | L43: =J43*K43 -> 400000 | M43: =L43*10% -> 40000 | N43: =SUM(L43:M43) -> 440000 | O43: 0 | P43: SM | Q43: =L43-O43 -> 400000 | R43: 완료(4/23) | S43: 천범석
B44: H250321-02 | D44: 45741 | E44: 브리토바코 | F44: BAT사천 | G44: 상품 | H44: 커넥터 | I44: 보안키, 커넥터 | J44: 1 | K44: 1295000 | L44: =J44*K44 -> 1295000 | M44: =L44*10% -> 129500 | N44: =SUM(L44:M44) -> 1424500 | O44: =1070364+3800 -> 1074164 | P44: 컴퓨존(3/21) 로젠택배(3/31) 3,800 | Q44: =L44-O44 -> 220836 | R44: 완료(5/28) | S44: 천범석
B45: H250321-01 | D45: 45741 | E45: 영화시스템 | F45: CGV용산아이파크몰 | G45: 상품 | H45: 기술지원 | I45: OS 설치 기술지원 | J45: 1 | K45: 400000 | L45: =J45*K45 -> 400000 | M45: =L45*10% -> 40000 | N45: =SUM(L45:M45) -> 440000 | O45: 0 | P45: SM | Q45: =L45-O45 -> 400000 | R45: 완료(4/24) | S45: 천범석
A46: . | B46: SM-20023 | D46: 45741 | E46: 비씨엠정보통신 | F46: 꼬망스 | G46: MA | H46: 월간 | I46: 3월 유지정비료 - 7/12회 | J46: 1 | K46: 320000 | L46: =J46*K46 -> 320000 | M46: =L46*10% -> 32000 | N46: =SUM(L46:M46) -> 352000 | O46: =1800000/12 -> 150000 | P46: 시스나인(25/3/4) 연간 1,800,000(7/12회) | Q46: =L46-O46 -> 170000 | R46: 완료(4/30) | S46: 천범석
A47: . | B47: SM-23026 | D47: 45741 | E47: 한국도자기협회 | G47: MA | H47: 월간 | I47: 3월 유지정비료 - 8/12회 | J47: 1 | K47: 1216000 | L47: 2446000 | M47: =L47*10% -> 244600 | N47: =SUM(L47:M47) -> 2690600 | O47: =840000+595000 -> 1435000 | P47: 현성솔루션(3/31) 840,000 | Q47: =L47-O47 -> 1011000 | R47: 완료(4/9) | S47: 홍승민
A48: . | B48: SM-24012 | E48: 한국도자기협회 | G48: MA | H48: 월간 | I48: 3월 유지정비료 - 11/12회 | J48: 1 | K48: 390000 | P48: 추후?
A49: . | B49: SM-23025 | E49: 한국도자기협회 | G49: MA | H49: 월간 | I49: 이메일 보안 및 호스팅 3월 - 8/12회 | J49: 70 | K49: 12000 | P49: 현성솔루션(3/31) 595,000
A50: . | B50: LI-24007 | C50: C24009 | D50: 45741 | E50: 유더블유에스 | F50: 두원정공 | G50: MA | H50: 월간 | I50: 3월 유지정비료 - 9/12회 | J50: 1 | K50: 168000 | L50: =J50*K50 -> 168000 | M50: =L50*10% -> 16800 | N50: =SUM(L50:M50) -> 184800 | O50: =485440/12+80160 -> 120613.33 | P50: 레노버(24/7/8)연간 (9/12회) 485,440 IBM(3/4) 80,160 | Q50: =L50-O50 -> 47386.667 | R50: 완료(4/29) | S50: 천범석
A51: . | B51: IK-24007 | D51: 45741 | E51: 로보츠 | F51: 도시바일렉트로닉스 | G51: MA | H51: 월간-IBM | I51: 3월 유지정비료 - 9/12회 | J51: 1 | K51: 115000 | L51: =J51*K51 -> 115000 | M51: =L51*10% -> 11500 | N51: =SUM(L51:M51) -> 126500 | O51: 66498 | P51: IBM(3/4) | Q51: =L51-O51 -> 48502 | R51: 완료(4/25) | S51: 천범석
A52: . | B52: IK-24011 | D52: 45741 | E52: 로보츠 | F52: 키오시아 | G52: MA | H52: 월간-IBM | I52: 3월 유지정비료 - 4/12회 | J52: 1 | K52: 350000 | L52: =J52*K52 -> 350000 | M52: =L52*10% -> 35000 | N52: =SUM(L52:M52) -> 385000 | O52: =133870+70180+1000000/12 -> 287383.33 | P52: IBM(3/4) 133,875 DCSS (3/31) 70,180 시스나인(11/3) 1,000,000 (4/12) | Q52: =L52-O52 -> 62616.667 | R52: 완료(4/25) | S52: 천범석
A53: . | B53: IK-24014 | D53: 45741 | E53: 로보츠 | F53: 와이케이케이코리아 | G53: MA | H53: 월간-IBM | I53: 3월 유지정비료 - 3/12회 | J53: 1 | K53: 444000 | L53: =J53*K53 -> 444000 | M53: =L53*10% -> 44400 | N53: =SUM(L53:M53) -> 488400 | O53: =79496+4200000/12 -> 429496 | P53: IBM(3/4) 79,496 시스나인(11/3) 4,200,000 (3/12회) | Q53: =L53-O53 -> 14504 | R53: 완료(4/25) | S53: 천범석
A54: . | B54: SM-21021 | D54: 45741 | E54: 바른시스템 | G54: MA | H54: 월간 | I54: 3월 유지정비료 - 1/12회 | J54: 1 | K54: 305000 | L54: =J54*K54 -> 305000 | M54: =L54*10% -> 30500 | N54: =SUM(L54:M54) -> 335500 | O54: 84811 | P54: IBM(3/4) | Q54: =L54-O54 -> 220189 | R54: 완료(3/31) | S54: 홍승민
A55: . | B55: LI-24006 | D55: 45741 | E55: 보해양조 | G55: MA | H55: 월간-IBM | I55: 3월 유지정비료 - 9/12회 | J55: 1 | K55: 668000 | L55: =J55*K55 -> 668000 | M55: =L55*10% -> 66800 | N55: =SUM(L55:M55) -> 734800 | O55: =277600+142800 -> 420400 | P55: IBM(3/4) 142,800 (3/1)277,600 | Q55: =L55-O55 -> 247600 | R55: 완료(4/15) | S55: 천범석
A56: . | B56: SM-24024 | D56: 45741 | E56: 일원병원 | F56: 묵동 | G56: MA | H56: 월간 | I56: 3월 유지정비료 - 4/12회 | J56: 1 | K56: 500000 | L56: =J56*K56 -> 500000 | M56: =L56*10% -> 50000 | N56: =SUM(L56:M56) -> 550000 | O56: =600000/6+20600 -> 120600 | P56: 시스나인(4/25) 반기 600,000 (4/6회) DCSS(3/31) 20,600 | Q56: =L56-O56 -> 379400 | R56: 완료(4/28) | S56: 천범석
A57: . | B57: SM-25005 | D57: 45741 | E57: 고영 | G57: MA | H57: 월간 | I57: 3월 유지정비료 - 3/12회 | J57: 1 | K57: 1400000 | L57: =J57*K57 -> 1400000 | M57: =L57*10% -> 140000 | N57: =SUM(L57:M57) -> 1540000 | O57: =1500000/3 -> 500000 | P57: 시스나인(25/3/4) 분기 1,500,000 (3/3회) | Q57: =L57-O57 -> 900000 | R57: 완료(4/21) | S57: 홍승민
A58: . | B58: SL-23009 | C58: ZI1HRR | D58: 45741 | E58: 대신네트웍스 | F58: 동두천드림파워 | G58: MA | H58: 월간-레노버 | I58: 분기 (25.1~25.3) 유지정비료 - 7/12회 | J58: 1 | K58: 417500 | L58: =J58*K58 -> 417500 | M58: =L58*10% -> 41750 | N58: =SUM(L58:M58) -> 459250 | O58: =115800*3 -> 347400 | P58: 레노버 월 115,800 (1/31)(2/28)(3/31) | Q58: =L58-O58 -> 70100 | R58: 완료(4/21) | S58: 천범석
B59: H250117-01 | D59: 45741 | E59: 매사 | G59: 상품 | H59: 54C33 | I59: (수정1/21)DELL Controller Battery FS8600(중고) -반품 | J59: -1 | K59: 650000 | L59: =J59*K59 -> -650000 | M59: =L59*10% -> -65000 | N59: =SUM(L59:M59) -> -715000 | P59: 매출취소 | Q59: 0 | R59: 환불(3/31) | S59: 천범석
A60: . | B60: H250117-01 | D60: 45741 | E60: 위퍼스트 | G60: 상품 | H60: 54C33 | I60: DELL Controller Battery FS8600(중고) | J60: 1 | K60: 550000 | L60: =J60*K60 -> 550000 | M60: =L60*10% -> 55000 | N60: =SUM(L60:M60) -> 605000 | O60: 0 | P60: 매입(1/16)취소-반납을 매출로처리 | Q60: =-O60 -> 0 | R60: 완료(3/26) | S60: 천범석
A61: . | B61: S | D61: 45742 | E61: 에이비씨한국 | F61: 평택 | G61: 상품 | H61: 모니터 | I61: 삼성전자 24인치 모니터 LF24T452FQKXKR | J61: 1 | K61: 210000 | L61: =J61*K61 -> 210000 | M61: =L61*10% -> 21000 | N61: =SUM(L61:M61) -> 231000 | O61: 200000 | P61: 로보츠(3/26) | Q61: =L61-O61 -> 10000 | R61: 완료(4/30) | S61: 이예지
A62: . | B62: SM-24007 | D62: 45742 | E62: 성대의료원 | G62: MA | H62: 월간 | I62: 3월 유지정비료 - 2/12회 | J62: 1 | K62: 1505000 | L62: =J62*K62 -> 1505000 | M62: =L62*10% -> 150500 | N62: =SUM(L62:M62) -> 1655500 | O62: =200000+2100000/3+80000 -> 980000 | P62: 다원씨앤에스(3/25) 200,000 DCSS(3/31) 80,000 시스나인(1/2) 2,100,000(2/3회) | Q62: =L62-O62 -> 525000 | R62: 완료(4/29) | S62: 이예지
A63: . | B63: S | D63: 45747 | E63: 스팩스 | F63: 광명자이 1810호 | G63: 건물임대 | H63: 임대료 | I63: 3월 임대료 - 9/12회 | J63: 1 | K63: 600000 | L63: =J63*K63 -> 600000 | M63: =L63*10% -> 60000 | N63: =SUM(L63:M63) -> 660000 | O63: 0 | P63: X | Q63: =L63-O63 -> 600000 | R63: 완료(4/1) | S63: 정지우
A64: . | B64: S | D64: 45747 | E64: 씨케이명차 | F64: 가양아너비즈 402~404호 | G64: 건물임대 | H64: 임대료 | I64: 4월(3.31~4.29) 임대료 | J64: 1 | K64: 4000000 | L64: =J64*K64 -> 4000000 | M64: =L64*10% -> 400000 | N64: =SUM(L64:M64) -> 4400000 | O64: 0 | P64: X | Q64: =L64-O64 -> 4000000 | R64: 보증금반제(25/8/31) | S64: 정지우
A65: . | B65: SB-23012 | C65: ZKFUER | D65: 45747 | E65: 솔리드시스템 | F65: 국립기상과학원 | G65: MA | H65: 월간-레노버 | I65: 3월 유지정비료 - 27/37회 | J65: 1 | K65: 11178000 | L65: =J65*K65 -> 11178000 | M65: =L65*10% -> 1117800 | N65: =SUM(L65:M65) -> 12295800 | O65: 9980400 | P65: 레노버(3/31) | Q65: =L65-O65 -> 1197600 | R65: 완료(4/30) | S65: 천범석
A66: . | B66: SB-25004 | C66: ZDCPQK | D66: 45747 | E66: 솔리드시스템 | F66: 삼성중공업 | G66: MA | H66: 월간-레노버 | I66: 3월 유지정비료 - 3/12회 | J66: 1 | K66: 585000 | L66: =J66*K66 -> 585000 | M66: =L66*10% -> 58500 | N66: =SUM(L66:M66) -> 643500 | O66: 531600 | P66: 레노버(3/31) | Q66: =L66-O66 -> 53400 | R66: 완료(4/30) | S66: 천범석
A67: . | B67: IK-22023 | D67: 45747 | E67: 로인아이티 | F67: 성원제강 | G67: MA | H67: 월간-IBM | I67: 3월 유지정비료 - 24/36회 | J67: 1 | K67: 180000 | L67: =J67*K67 -> 180000 | M67: =L67*10% -> 18000 | N67: =SUM(L67:M67) -> 198000 | O67: 159761 | P67: IBM(3/4) | Q67: =L67-O67 -> 20239 | R67: 완료(4/25) | S67: 천범석
A68: . | B68: IK-22021 | D68: 45747 | E68: 로인아이티 | F68: 문배철강 | G68: MA | H68: 월간-IBM | I68: 3월 유지정비료 - 24/36회 | J68: 1 | K68: 240000 | L68: =J68*K68 -> 240000 | M68: =L68*10% -> 24000 | N68: =SUM(L68:M68) -> 264000 | O68: 212293 | P68: IBM(3/4) | Q68: =L68-O68 -> 27707 | R68: 완료(4/25) | S68: 천범석
A69: . | B69: SB-24040 | C69: ZBJK3I | D69: 45747 | E69: 도담솔루션 | F69: 호원대학교 | G69: MA | H69: 월간-레노버 | I69: 3월 유지정비료 - 10/12회 | J69: 1 | K69: 122000 | L69: =J69*K69 -> 122000 | M69: =L69*10% -> 12200 | N69: =SUM(L69:M69) -> 134200 | O69: 101400 | P69: 레노버(3/31) | Q69: =L69-O69 -> 20600 | R69: 완료(5/12) | S69: 천범석
A70: . | B70: SM-23031 | D70: 45747 | E70: 온더보드 | F70: 삼표 | G70: MA | H70: 월간 | I70: 삼표 DB세이퍼 유지보수 - 3월(8/12회) | J70: 1 | K70: 1200000 | L70: =J70*K70 -> 1200000 | M70: =L70*10% -> 120000 | N70: =SUM(L70:M70) -> 1320000 | O70: =600000+1250000/6+1750000/7 -> 1058333.3 | P70: 신세계(3/11) 600,000 지엘정보(6/27) 반기 1,250,000(2/6회) 시스나인(1/2) 1,750,000(3/7회) | Q70: =L70-O70 -> 141666.67 | R70: 완료(4/30) | S70: 이예지
A71: . | B71: SB-23053 | C71: Z41QIW | D71: 45747 | E71: 수원정보 | F71: 신세계아이앤씨 | G71: MA | H71: 월간-레노버 | I71: 3월 유지정비료 - 25/46회 | J71: 1 | K71: 5082300 | L71: =J71*K71 -> 5082300 | M71: =L71*10% -> 508230 | N71: =SUM(L71:M71) -> 5590530 | O71: =3709756+10560000/12 -> 4589756 | P71: 레노버(3/31) 3,709,756 시스나인(25/2/28) 10,560,000 (10/12회) | Q71: =L71-O71 -> 492544 | R71: 완료(5/20) | S71: 천범석
A72: . | B72: SB-24031 | C72: ZKZDVZ | D72: 45747 | E72: 데이타메트렉스 | F72: 롯데하이마트 | G72: MA | H72: 월간-레노버 | I72: (HW) 3월 유지정비료 - 10/12회 | J72: 1 | K72: 1016100 | L72: =J72*K72 -> 1016100 | M72: =L72*10% -> 101610 | N72: =SUM(L72:M72) -> 1117710 | O72: =604800+2160000/6 -> 964800 | P72: 레노버(3/31) 604,800 시스나인(25/3/4) 2,160,000(4/6회) | Q72: =L72-O72 -> 51300 | R72: 완료(4/30) | S72: 천범석
A73: . | B73: SB-24028 | C73: ZCX01Z | D73: 45747 | E73: 다솜테크 | F73: 대한산업보건협회 | G73: MA | H73: 월간-레노버 | I73: 3월 유지정비료 - 11/12회 | J73: 1 | K73: 204700 | L73: =J73*K73 -> 204700 | M73: =L73*10% -> 20470 | N73: =SUM(L73:M73) -> 225170 | O73: 243955 | P73: 레노버(3/31) | Q73: =L73-O73 -> -39255 | R73: 완료(5/30) | S73: 천범석
A74: . | B74: SB-24044 | C74: ZSWUX2 | D74: 45747 | E74: 다솜테크 | F74: LX홀딩스 | G74: MA | H74: 월간-레노버 | I74: 3월 유지정비료 - 9/12회 | J74: 1 | K74: 573000 | L74: =J74*K74 -> 573000 | M74: =L74*10% -> 57300 | N74: =SUM(L74:M74) -> 630300 | O74: 505200 | P74: 레노버(3/31) | Q74: =L74-O74 -> 67800 | R74: 완료(5/30) | S74: 천범석
A75: . | B75: SB-24046 | C75: Z8LTG0 | D75: 45747 | E75: 다솜테크 | F75: 웰컴저축은행 | G75: MA | H75: 월간-레노버 | I75: 3월 유지정비료 - 8/12회 | J75: 1 | K75: 220000 | L75: =J75*K75 -> 220000 | M75: =L75*10% -> 22000 | N75: =SUM(L75:M75) -> 242000 | O75: 204600 | P75: 레노버(3/31) | Q75: =L75-O75 -> 15400 | R75: 완료(5/30) | S75: 천범석
A76: . | B76: SB-24061 | C76: ZVVVON | D76: 45747 | E76: 다솜테크 | F76: 롯데이노베이트(롯데정보통신) | G76: MA | H76: 월간-레노버 | I76: 3월 유지정비료 - 3/12회 | J76: 1 | K76: 700000 | L76: =J76*K76 -> 700000 | M76: =L76*10% -> 70000 | N76: =SUM(L76:M76) -> 770000 | O76: 661800 | P76: 레노버(3/31) | Q76: =L76-O76 -> 38200 | R76: 완료(5/30) | S76: 천범석
A77: . | B77: SB-24063 | C77: ZIR05U | D77: 45747 | E77: 다솜테크 | F77: 이원(E1)컨테이너터미널 #1 | G77: MA | H77: 월간-레노버 | I77: 3월 유지정비료 - 3/12회 | J77: 1 | K77: 380000 | L77: =J77*K77 -> 380000 | M77: =L77*10% -> 38000 | N77: =SUM(L77:M77) -> 418000 | O77: =289800+500000/12 -> 331466.67 | P77: 레노버(3/31) 289,800 시스나인(1/2) 연500,000(3/12회) | Q77: =L77-O77 -> 48533.333 | R77: 완료(5/30) | S77: 천범석
A78: . | B78: SB-24064 | C78: ZOTN1N | D78: 45747 | E78: 다솜테크 | F78: 이원(E1)컨테이너터미널 #2 | G78: MA | H78: 월간-레노버 | I78: 3월 유지정비료 - 3/12회 | J78: 1 | K78: 625000 | L78: =J78*K78 -> 625000 | M78: =L78*10% -> 62500 | N78: =SUM(L78:M78) -> 687500 | O78: 590400 | P78: 레노버(3/31) | Q78: =L78-O78 -> 34600 | R78: 완료(5/30) | S78: 천범석
A79: . | B79: SB-24065 | C79: ZDFIN7 | D79: 45747 | E79: 다솜테크 | F79: 안산시청 | G79: MA | H79: 월간-레노버 | I79: 3월 유지정비료 - 3/12회 | J79: 1 | K79: 1232000 | L79: =J79*K79 -> 1232000 | M79: =L79*10% -> 123200 | N79: =SUM(L79:M79) -> 1355200 | O79: 1196100 | P79: 레노버(3/31) | Q79: =L79-O79 -> 35900 | R79: 완료(5/30) | S79: 천범석
A80: . | B80: SB-25013 | C80: ZL9ADS | D80: 45747 | E80: 다솜테크 | F80: LG AI | G80: MA | H80: 월간-레노버 | I80: 3월 유지정비료 - 3/12회 | J80: 1 | K80: 535000 | L80: =J80*K80 -> 535000 | M80: =L80*10% -> 53500 | N80: =SUM(L80:M80) -> 588500 | O80: =496800 -> 496800 | P80: 레노버(3/31) | Q80: =L80-O80 -> 38200 | R80: 완료(5/30) | S80: 천범석
A81: . | B81: IK-24005 | D81: 45747 | E81: 엔콤 | F81: 전북도시가스 | G81: MA | H81: 월간-IBM | I81: 3월 유지정비료 - 12/12회 | J81: 1 | K81: 1366000 | L81: =J81*K81 -> 1366000 | M81: =L81*10% -> 136600 | N81: =SUM(L81:M81) -> 1502600 | O81: 1263250 | P81: IBM(3/4) | Q81: =L81-O81 -> 102750 | R81: 완료(4/28) | S81: 천범석
A82: . | B82: IK-24006 | D82: 45747 | E82: 서부컨테이너터미널 | G82: MA | H82: 월간-IBM | I82: 3월 유지정비료 - 11/24회 | J82: 1 | K82: 3916667 | L82: =J82*K82 -> 3916667 | M82: 391667 | N82: =SUM(L82:M82) -> 4308334 | O82: =5423462/12+3239404 -> 3691359.2 | P82: IBM(5/3)연간 5,423,462(11/12회) IBM(3/4) 3,239,404 | Q82: =L82-O82 -> 225307.83 | R82: 완료(4/30) | S82: 홍승민
A83: . | B83: SB-24027 | C83: ZGTHWJ | D83: 45747 | E83: 시스템본 | F83: 엘지유플러스 | G83: MA | H83: 월간-레노버 | I83: 3월 유지정비료 - 11/32회 | J83: 1 | K83: 659700 | L83: =J83*K83 -> 659700 | M83: =L83*10% -> 65970 | N83: =SUM(L83:M83) -> 725670 | O83: 518541 | P83: 레노버(3/31) | Q83: =L83-O83 -> 141159 | R83: 완료(5/30) | S83: 천범석
A84: . | B84: SB-24034 | C84: Z11I89 | D84: 45747 | E84: 씨원시스템 | F84: 이녹스(패션그룹형지) | G84: MA | H84: 월간-레노버 | I84: 3월 유지정비료 - 10/12회 | J84: 1 | K84: 285500 | L84: =J84*K84 -> 285500 | M84: =L84*10% -> 28550 | N84: =SUM(L84:M84) -> 314050 | O84: 249900 | P84: 레노버(3/31) | Q84: =L84-O84 -> 35600 | R84: 완료(5/30) | S84: 천범석
A85: . | B85: LI-24003 | C85: ZE7QNO | D85: 45747 | E85: 지엔콤 | F85: 전주교육대학교 | G85: MA | H85: 월간-레노버 | I85: 3월 유지정비료 - 11/12회 | J85: 1 | K85: 909000 | L85: =J85*K85 -> 909000 | M85: =L85*10% -> 90900 | N85: =SUM(L85:M85) -> 999900 | O85: =310500+305280 -> 615780 | P85: 레노버(1/31) 310,500 IBM(3/4) 305,280 | Q85: =L85-O85 -> 293220 | R85: 완료(4/30) | S85: 천범석
A86: . | B86: SB-24036 | D86: 45747 | E86: 나라정보 | F86: 부국철강 | G86: MA | H86: 월간-IBM | I86: 3월 유지정비료 - 11/32회 | J86: 1 | K86: 207000 | L86: =J86*K86 -> 207000 | M86: =L86*10% -> 20700 | N86: =SUM(L86:M86) -> 227700 | O86: 190849 | P86: IBM(3/3) | Q86: =L86-O86 -> 16151 | R86: 완료(4/30) | S86: 천범석
A87: . | B87: SM-24013 | D87: 45747 | E87: 비즈윈 | F87: 한국소비자보호원 | G87: MA | H87: 월간 | I87: 3월 유지정비료 - 12/21회 | J87: 1 | K87: 155000 | L87: =J87*K87 -> 155000 | M87: =L87*10% -> 15500 | N87: =SUM(L87:M87) -> 170500 | O87: =1440000/12 -> 120000 | P87: 시스나인(1/2)연간 1,440,000(3/12회) | Q87: =L87-O87 -> 35000 | R87: 완료(4/30) | S87: 이예지
A88: . | B88: SB-24041 | C88: ZNHTN1 | D88: 45747 | E88: 이비즈테크 | F88: 초록우산어린이재단 | G88: MA | H88: 월간-레노버 | I88: 3월 유지정비료 - 9/12회 | J88: 1 | K88: 645600 | L88: =J88*K88 -> 645600 | M88: =L88*10% -> 64560 | N88: =SUM(L88:M88) -> 710160 | O88: =494903+1200000/9 -> 628236.33 | P88: 레노버() 494,903 시스나인(25/3/4) 1,200,00(9/9회) | Q88: =L88-O88 -> 17363.667 | R88: 완료(4/30) | S88: 천범석
A89: . | B89: SM-23020 | C89: ZZNUMY | D89: 45747 | E89: 현대종합금속 | F89: 포항 | G89: MA | H89: 월간-IBM | I89: 3월 유지정비료 - 9/12회 | J89: 1 | K89: 700000 | L89: =J89*K89 -> 700000 | M89: =L89*10% -> 70000 | N89: =SUM(L89:M89) -> 770000 | O89: 499500 | P89: 레노버(3/31) | Q89: =L89-O89 -> 200500 | R89: 완료(4/11) | S89: 이예지
A90: . | B90: SB-24052 | C90: ZUIU6G | D90: 45747 | E90: 유티모스트 | F90: 삼성중공업 | G90: MA | H90: 월간-레노버 | I90: 3월 유지정비료 - 6/15회 | J90: 1 | K90: 13057800 | L90: =J90*K90 -> 13057800 | M90: =L90*10% -> 1305780 | N90: =SUM(L90:M90) -> 14363580 | O90: 11892500 | P90: 레노버(3/31) | Q90: =L90-O90 -> 1165300 | R90: 완료(4/30) | S90: 천범석
A91: . | B91: SB-25010 | C91: ZCXAPZ | D91: 45747 | E91: 유티모스트 | F91: 대우정보(메타넷디지털) | G91: MA | H91: 월간-레노버 | I91: 3월 유지정비료 - 12/21회 | J91: 1 | K91: 202000 | L91: =J91*K91 -> 202000 | M91: =L91*10% -> 20200 | N91: =SUM(L91:M91) -> 222200 | O91: 180600 | P91: 레노버(3/31) | Q91: =L91-O91 -> 21400 | R91: 완료(4/30) | S91: 천범석
A92: . | B92: SB-24055 SB-24056 | C92: ZP1BPN ZAXJCH | D92: 45747 | E92: 이룸정보 | F92: 포스코 | G92: MA | H92: 월간-레노버 | I92: 3월 유지정비료 - 3/12회 | J92: 1 | K92: 2871300 | L92: =J92*K92 -> 2871300 | M92: =L92*10% -> 287130 | N92: =SUM(L92:M92) -> 3158430 | O92: =1981200+655500 -> 2636700 | P92: 레노버(3/31)1,981,200 레노버(3/31) 655,500 | Q92: =L92-O92 -> 234600 | R92: 완료(5/28) | S92: 천범석
A93: . | B93: SM-25010 | D93: 45747 | E93: 더블포인트 | F93: 한미약품 | G93: MA | H93: 월간-IBM | I93: 3월 유지정비료 - 3/12회 | J93: 1 | K93: 4761667 | L93: =J93*K93 -> 4761667 | M93: =L93*10% -> 476166.7 | N93: =SUM(L93:M93) -> 5237833.7 | O93: 4437257 | P93: IBM(3/4) 11,623,397 DCSS(3/31) 292,200 IBM APS(1/27) 연 7,859,914 (3/12회) 시스나인 (1/2) 분기8,000,000 (3/3회) ==총 15237,257 중 4,437,257 | Q93: =L93-O93 -> 324410 | R93: 완료(4/30) | S93: 이예지
A94: . | B94: SM-25011 | D94: 45747 | E94: 더블포인트 | F94: 한미사이언스 | G94: MA | H94: 월간-IBM | I94: 3월 유지정비료 - 3/12회 | J94: 1 | K94: 11210000 | L94: =J94*K94 -> 11210000 | M94: =L94*10% -> 1121000 | N94: =SUM(L94:M94) -> 12331000 | O94: 10800000 | P94: IBM(3/4) 11,623,397 DCSS(3/31) 292,200 IBM APS(1/27) 연 7,859,914 (2/12회) 시스나인 (1/2) 분기8,000,000 (2/3회) ==총 15,237,257 중 10,800,000 | Q94: =L94-O94 -> 410000 | R94: 완료(4/30) | S94: 이예지
A95: . | B95: SM-25007 | D95: 45747 | E95: 더블포인트 | F95: 교보문고 | G95: MA | H95: 월간 | I95: 3월 유지정비료 - 3/12회 | J95: 1 | K95: 880000 | L95: =J95*K95 -> 880000 | M95: =L95*10% -> 88000 | N95: =SUM(L95:M95) -> 968000 | O95: =376200+1000000/3 -> 709533.33 | P95: DCSS(3/31) 376,200 시스나인(4/25) 1,000,000(3/3회) | Q95: =L95-O95 -> 170466.67 | R95: 완료(5/12) | S95: 이예지
A96: . | B96: SM-25008 | D96: 45747 | E96: 더블포인트 | F96: 스마트로 | G96: MA | H96: 월간-IBM | I96: 3월 유지정비료 - 3/12회 | J96: 1 | K96: 3500000 | L96: =J96*K96 -> 3500000 | M96: =L96*10% -> 350000 | N96: =SUM(L96:M96) -> 3850000 | O96: =1210534+6000000/3 -> 3210534 | P96: IBM(3/4) 시스나인(3/4) 1400중 600(3/3회) | Q96: =L96-O96 -> 289466 | R96: 완료(5/12) | S96: 이예지
A97: . | B97: SM-25001 | D97: 45747 | E97: 로스비브이 | F97: BAT서울 | G97: MA | H97: 월간-레노버 | I97: [HW] 3월 유지정비료 - 3/12회 | J97: 1 | K97: 850000 | L97: =J97*K97 -> 850000 | M97: =L97*10% -> 85000 | N97: =SUM(L97:M97) -> 935000 | O97: 700000 | P97: 알앤에스(3/27) 495만원 중 | Q97: =L97-O97 -> 150000 | R97: 완료(6/11) | S97: 천범석
A98: . | B98: SM-25001 | D98: 45747 | E98: 브리토바코 | F98: BAT사천 | G98: MA | H98: 월간-레노버 | I98: [HW] 3월 유지정비료 - 3/12회 | J98: 1 | K98: 4600000 | L98: =J98*K98 -> 4600000 | M98: =L98*10% -> 460000 | N98: =SUM(L98:M98) -> 5060000 | O98: =4250000+2400000/12+3800+1500000/6 -> 4703800 | P98: 알앤에스(3/27) 495만원 중 시스나인(1/2) 연 2,400,000(3/12회) 김재협(8/7) 1/6회 로젠택배(3/31) 3,800 | Q98: =L98-O98 -> -103800 | R98: 완료(6/11) | S98: 천범석
A99: . | B99: SB-25001 | C99: ZXRZHC | D99: 45747 | E99: 퓨처젠 | F99: HB저축은행 | G99: MA | H99: 월간-레노버 | I99: 3월 유지정비료 - 3/12회 | J99: 1 | K99: 904800 | L99: =J99*K99 -> 904800 | M99: =L99*10% -> 90480 | N99: =SUM(L99:M99) -> 995280 | O99: 820200 | P99: 레노버(3/31) | Q99: =L99-O99 -> 84600 | R99: 완료(4/30) | S99: 천범석
A100: . | B100: SM-25004 | D100: 45747 | E100: 인표산업 | G100: MA | H100: 월간 | I100: 3월 유지정비료 - 3/12회 | J100: 1 | K100: 3611000 | L100: =J100*K100 -> 3611000 | M100: =L100*10% -> 361100 | N100: =SUM(L100:M100) -> 3972100 | O100: =672000+700000+100000+290000+6000000/6 -> 2762000 | P100: 프라테르(3/31) 672,000 트리거(3/31) 700,000 현성솔루션(3/31) 100,000 유니와이드(3/31) 290,000 시스나인(25/3/4) 반기 6,000,000 (3/6회) | Q100: =L100-O100 -> 849000 | R100: 완료(4/30) | S100: 홍승민
...

Sheet 4월
B1: ="["&YEAR(D3)&"년 "&MONTH(D3)&"월 매출]" -> [2025년 4월 매출]
B2: 품의코드 | C2: Vendor 코드 | D2: 날짜 | E2: 매출처 | F2: END-USER | G2: 구분 | H2: MA : 청구구분 상품 : PN | I2: 거래내용 | J2: 수량 | K2: 단가 | L2: 공급가액 | M2: 부가세 | N2: 공급가합계 | O2: 매입액 | P2: 매입거래처 | Q2: GP | R2: 입금일 | S2: 영업 담당자 | T2: 비고
A3: . | B3: S | D3: 45748 | E3: 에이비씨한국 | F3: 서울 | G3: 상품 | H3: 스위치 | I3: HPE Networking Instant On Switch 1930-48G 외 | J3: 1 | K3: 7700000 | L3: =J3*K3 -> 7700000 | M3: =L3*10% -> 770000 | N3: =SUM(L3:M3) -> 8470000 | O3: 7546000 | P3: 로보츠(4/1) | Q3: =L3-O3 -> 154000 | R3: 완료(5/30) | S3: 이예지
A4: . | B4: SM-23015 | D4: 45748 | E4: 동원프라스틱 | F4: 동원프라스틱 | G4: MA | H4: 월간 | I4: 4월 유지정비료 - 13/13회 | J4: 1 | K4: 1200000 | L4: =J4*K4 -> 1200000 | M4: =L4*10% -> 120000 | N4: =SUM(L4:M4) -> 1320000 | O4: =4800000/6+250000+60000*2 -> 1170000 | P4: 시스나인(25/3/4) 4,800,000 4/6회 이비웨이브(4/28) Board 250,000 이비웨이브(4/28) Power 60,000*2 | Q4: =L4-O4 -> 30000 | R4: 완료(4/30) | S4: 이예지
A5: . | B5: IK-23016 | D5: 45748 | E5: 케이정보기술 | F5: 청주시청 | G5: MA | H5: 월간-IBM | I5: 4월 유지정비료 - 20/35회 | J5: 1 | K5: 1600000 | L5: =J5*K5 -> 1600000 | M5: =L5*10% -> 160000 | N5: =SUM(L5:M5) -> 1760000 | O5: =1123962+259896 -> 1383858 | P5: IBM(4/1) 1,123,962 (4/1) 259,896 | Q5: =L5-O5 -> 216142 | R5: 완료(5/30) | S5: 천범석
A6: . | B6: SM-24011 | D6: 45748 | E6: 가나병원 | G6: MA | H6: 월간 | I6: 4월 유지정비료 - 12/12회 | J6: 1 | K6: 300000 | L6: =J6*K6 -> 300000 | M6: =L6*10% -> 30000 | N6: =SUM(L6:M6) -> 330000 | O6: 0 | P6: SM | Q6: =L6-O6 -> 300000 | R6: 완료(4/9) | S6: 천범석
A7: . | B7: LI-24004 | D7: 45748 | E7: 한국메탈 | G7: MA | H7: 월간-IBM | I7: 4월 유지정비료 - 12/36회 | J7: 1 | K7: 507500 | L7: =J7*K7 -> 507500 | M7: =L7*10% -> 50750 | N7: =SUM(L7:M7) -> 558250 | O7: =316682+800000/8 -> 416682 | P7: IBM(4/1) 316,682 시스나인(1/2) 연간 1,200,000(4/12회) | Q7: =L7-O7 -> 90818 | R7: 완료(4/30) | S7: 천범석
A8: . | B8: LI-24005 | C8: Z4ACEZ | D8: 45748 | E8: 해종합건축사사무소 | G8: MA | H8: 월간-IBM | I8: 4월 유지정비료 - 11/12회 | J8: 1 | K8: 1554500 | L8: =J8*K8 -> 1554500 | M8: =L8*10% -> 155450 | N8: =SUM(L8:M8) -> 1709950 | O8: =171600+6000000/12+436400+200000 -> 1308000 | P8: 레노버(4/30) 171,600 에스엔에이(4/15) 200,000 IBM(4/1) 436,400 시스나인(25/3/4) 연간 6,000,000 11/12회 | Q8: =L8-O8 -> 246500 | R8: 완료(4/30) | S8: 천범석
A9: . | B9: SB-24039 | C9: ZZGBBZ | D9: 45748 | E9: 한국디지털방송 | G9: MA | H9: 월간-레노버 | I9: 4월 유지정비료 - 10/12회 | J9: 1 | K9: 1423000 | L9: =J9*K9 -> 1423000 | M9: =L9*10% -> 142300 | N9: =SUM(L9:M9) -> 1565300 | O9: 1120200 | P9: 레노버(4/30) | Q9: =L9-O9 -> 302800 | R9: 완료(4/24) | S9: 천범석
A10: . | B10: IK-24008 | D10: 45748 | E10: 서비스링크 | F10: 세원정공(폴라리스세원) | G10: MA | H10: 월간-레노버 | I10: 4월 유지정비료 - 10/12회 | J10: 1 | K10: 238000 | L10: =J10*K10 -> 238000 | M10: =L10*10% -> 23800 | N10: =SUM(L10:M10) -> 261800 | O10: 198018 | P10: IBM(4/1) | Q10: =L10-O10 -> 39982 | R10: 완료(4/29) | S10: 천범석
A11: . | B11: IK-24012 | D11: 45748 | E11: 인정보시스템 | F11: 대구텍 | G11: MA | H11: 월간-IBM | I11: 4월 유지정비료 - 4/6회 | J11: 1 | K11: 1039500 | L11: =J11*K11 -> 1039500 | M11: =L11*10% -> 103950 | N11: =SUM(L11:M11) -> 1143450 | O11: 990000 | P11: IBM(4/1) | Q11: =L11-O11 -> 49500 | R11: 완료(4/29) | S11: 천범석 | U11: 여신 30일견적됨, 확인필요
A12: . | B12: IK-24013 | D12: 45748 | E12: 레드텍 | F12: 대한상공회의소 | G12: MA | H12: 월간-IBM | I12: 4월 유지정비료 - 6/12회 | J12: 1 | K12: 158400 | L12: =J12*K12 -> 158400 | M12: =L12*10% -> 15840 | N12: =SUM(L12:M12) -> 174240 | O12: 145780 | P12: IBM(4/1) | Q12: =L12-O12 -> 12620 | R12: 완료(4/8) | S12: 천범석
A13: . | B13: SM-23012 | D13: 45748 | E13: 택스홈앤아웃 | F13: 본사 | G13: MA | H13: 월간 | I13: VPN 서비스 4월임대료 - 4/12회 280,000 + 보안스위치 4월 2대*120,000 | J13: 1 | K13: =280000+2*120000 -> 520000 | L13: =J13*K13 -> 520000 | M13: =L13*10% -> 52000 | N13: =SUM(L13:M13) -> 572000 | O13: =213400+155200 -> 368600 | P13: 엘림넷(4/10) 213,400 (4/10) 155,200 | Q13: =L13-O13 -> 151400 | R13: 완료(4/30) | S13: 이예지
A14: . | B14: SM-23013 | D14: 45748 | E14: 하이엔드택스 강남지점 | F14: 압구정 | G14: MA | H14: 월간 | I14: VPN 서비스 4월임대료 - 4/12회 | J14: 1 | K14: 320000 | L14: =J14*K14 -> 320000 | M14: =L14*10% -> 32000 | N14: =SUM(L14:M14) -> 352000 | O14: =145500+77600 -> 223100 | P14: 엘림넷(4/10) 145,500 (4/10) 77,600 | Q14: =L14-O14 -> 96900 | R14: 완료(5/9) | S14: 이예지
A15: . | B15: SM-23016 | D15: 45748 | E15: 에실로코리아 | F15: 에실로코리아 | G15: MA | H15: 월간 | I15: 4월 유지정비료 - 4/12회 | J15: 1 | K15: 100000 | L15: =J15*K15 -> 100000 | M15: =L15*10% -> 10000 | N15: =SUM(L15:M15) -> 110000 | O15: 0 | P15: SM | Q15: =L15-O15 -> 100000 | R15: 완료(5/14) | S15: 이예지
A16: . | B16: IK-22025 | D16: 45748 | E16: 디에스피 | F16: 엘지생활건강 청주공장 | G16: MA | H16: 월간-IBM | I16: 4월 유지정비료 - 3/12회 | J16: 1 | K16: 635000 | L16: =J16*K16 -> 635000 | M16: =L16*10% -> 63500 | N16: =SUM(L16:M16) -> 698500 | O16: 564192 | P16: IBM(4/1) | Q16: =L16-O16 -> 70808 | R16: 완료(5/9) | S16: 천범석
A17: . | B17: IK-22022 | D17: 45748 | E17: 로인아이티 | F17: 한일전기 | G17: MA | H17: 월간-IBM | I17: 분기(4~6월) 유지정비료 - 10/12회 | J17: 1 | K17: 1233000 | L17: =J17*K17 -> 1233000 | M17: =L17*10% -> 123300 | N17: =SUM(L17:M17) -> 1356300 | O17: =309047*3 -> 927141 | P17: IBM 309,047 (4/1)(5/1)(6/2) | Q17: =L17-O17 -> 305859 | R17: 완료(5/26) | S17: 천범석
A18: . | B18: SB-22053 | C18: ZEKV4M | D18: 45748 | E18: 심플키 | F18: 한국산업은행 | G18: MA | H18: 월간-레노버 | I18: 분기(4~6월) 유지정비료 - 9/12회 | J18: 1 | K18: 200000 | L18: =J18*K18 -> 200000 | M18: =L18*10% -> 20000 | N18: =SUM(L18:M18) -> 220000 | O18: =58800*3 -> 176400 | P18: 레노버 월 58,800(4/30)(5/31)(6/30) | Q18: =L18-O18 -> 23600 | R18: 완료(4/30) | S18: 천범석
A19: . | B19: SB-24042 | C19: ZTME0P | D19: 45748 | E19: 심플키 | F19: 티시스 | G19: MA | H19: 월간-레노버 | I19: 분기(4~5월) 유지정비료 - 4/4회 | J19: 1 | K19: 3767600 | L19: =J19*K19 -> 3767600 | M19: =L19*10% -> 376760 | N19: =SUM(L19:M19) -> 4144360 | O19: =1706400*2+1000000/12*2 -> 3579466.7 | P19: 레노버 1,706,400 (4/30)(5/31) 시스나인(7/1) 연간 1,000,000 (11~12/12회) | Q19: =L19-O19 -> 188133.33 | R19: 완료(6/26) | S19: 천범석
A20: . | B20: SB-25018 | C20: ZTMJAV | D20: 45748 | E20: 동행시네마 | F20: 안동CGV | G20: MA | H20: 월간-레노버 | I20: 연간유지정비료(25.03.27~26.03.26) | J20: 1 | K20: 800000 | L20: =J20*K20 -> 800000 | M20: =L20*10% -> 80000 | N20: =SUM(L20:M20) -> 880000 | O20: =51300*12 -> 615600 | P20: 레노버 월 51,300 (4/2) 6,840 (4/30)51,300 (5/31)(6/30)(7/31)(8/31)(9/30)(10/31)(11/30)(12/31)(26/1/31)(2/28)(3/ ) | Q20: =L20-O20 -> 184400 | R20: 완료(6/27) | S20: 천범석
A21: . | B21: H250401-01 | D21: 45749 | E21: 엘림넷 | G21: 상품 | H21: 기술지원 | I21: 설치 기술지원 | J21: 1 | K21: 200000 | L21: 1150000 | M21: =L21*10% -> 115000 | N21: =SUM(L21:M21) -> 1265000 | O21: =120000+3*170000 -> 630000 | P21: SM | Q21: =L21-O21 -> 520000 | R21: 완료(4/8) | S21: 천범석
A22: . | B22: H250401-02 | E22: 엘림넷 | G22: 상품 | H22: 42D0786 | I22: IBM 2TB 7200 RPM SATA 3.5" HDD | J22: 1 | K22: 200000 | P22: 에스엔에이(3/25) 120,000
A23: . | B23: H250401-03 | E23: 엘림넷 | G23: 상품 | H23: S26361-F3781-E515 | I23: 8GB DDR3-1600 RDIMM PC3L-12800R Single Rank x4 Module | J23: 3 | K23: 250000 | P23: 위퍼스트(3/25) 3*170,000
A24: . | B24: Y250318-01 | D24: 45749 | E24: 리드피플 | G24: 상품 | H24: 조립PC | I24: 조립PC | J24: 1 | K24: 2450000 | L24: =J24*K24 -> 2450000 | M24: =L24*10% -> 245000 | N24: =SUM(L24:M24) -> 2695000 | O24: =2173245+25000 -> 2198245 | P24: 컴퓨존(3/18) 우림퀵(3/31)25,000 | Q24: =L24-O24 -> 251755 | R24: 완료(4/3) | S24: 홍승민
A25: . | B25: S | D25: 45750 | E25: 에이비씨한국 | F25: 평택 | G25: 상품 | H25: LG Slim PC | I25: [LG전자] 슬림타워 데스크탑 Z80LV.AR45B2E | J25: 1 | K25: 1390000 | L25: 2233000 | M25: =L25*10% -> 223300 | N25: =SUM(L25:M25) -> 2456300 | O25: 2188000 | P25: 로보츠(4/3) | Q25: =L25-O25 -> 45000 | R25: 완료(5/30) | S25: 이예지
A26: . | E26: 에이비씨한국 | F26: 평택 | G26: 상품 | H26: 삼성 모니터 | I26: 삼성전자 24인치 모니터 LF24T452FQKXKR | J26: 2 | K26: 210000
A27: . | E27: 에이비씨한국 | F27: 평택 | G27: 상품 | H27: 한글2024 | I27: 한글 2024 패키지 | J27: 1 | K27: 423000
A28: . | B28: D250402-01 | D28: 45750 | E28: 동원프라스틱 | G28: 상품 | H28: 알약 | I28: 알약 서버 5.1 / 2025.05.01 ~ 2026.04.30 | J28: 1 | K28: 320000 | L28: =J28*K28 -> 320000 | M28: =L28*10% -> 32000 | N28: =SUM(L28:M28) -> 352000 | O28: 310000 | P28: 디지알코리아(4/10) | Q28: =L28-O28 -> 10000 | R28: 완료(4/30) | S28: 이지훈
A29: . | B29: Y240830-03 | D29: 45751 | E29: 스마트웨어 | F29: 세연시스템즈 | G29: 장비임대 | H29: 서버임대 | I29: X3650M5 임대 (Xeon E5-2640v3 2.6GHz 8C x2 / 128GB Memory / 600GB SAS x4 / Power x2)(25/3/2~4/1) | J29: 1 | K29: 200000 | L29: =J29*K29 -> 200000 | M29: =L29*10% -> 20000 | N29: =SUM(L29:M29) -> 220000 | O29: 0 | P29: 재고 | Q29: =L29-O29 -> 200000 | R29: 5월말 | S29: 홍승민
A30: . | B30: S | D30: 45751 | E30: 순환 | F30: 검단미플존 318호 | G30: 건물임대 | H30: 임대료 | I30: 3월 임대료(25/3/20~25/3/31) | J30: 1 | K30: 134130 | L30: =J30*K30 -> 134130 | M30: =L30*10% -> 13413 | N30: =SUM(L30:M30) -> 147543 | O30: 0 | P30: X | Q30: =L30-O30 -> 134130 | R30: 완료(4/15) | S30: 정지우
A31: . | B31: S | D31: 45751 | E31: 순환 | F31: 검단미플존 316호 | G31: 건물임대 | H31: 임대료 | I31: 4월 임대료 - 1/24회 | J31: 1 | K31: 360000 | L31: 720000 | M31: =L31*10% -> 72000 | N31: =SUM(L31:M31) -> 792000 | O31: 0 | P31: X | Q31: =L31-O31 -> 720000 | R31: 완료(4/24) | S31: 정지우
A32: . | B32: S | E32: 순환 | F32: 검단미플존 318호 | G32: 건물임대 | H32: 임대료 | I32: 4월 임대료 - 1/24회 | J32: 1 | K32: 360000
A33: . | B33: SM-24021 | D33: 45752 | E33: 제이원캐피탈 | G33: MA | H33: 월간 | I33: 3월 유지정비료 - 7/12회 | J33: 1 | K33: 7060000 | L33: =J33*K33 -> 7060000 | M33: =L33*10% -> 706000 | N33: =SUM(L33:M33) -> 7766000 | O33: =691781+300000+70000+1000000/12+810000+352900+5000000/3 -> 3974681 | P33: IBM(3/3) 691,781 에스엔에이(3/31) 300,000 키미데이타(3/31) 70,000 코오롱베니트(10/31) 1,000,000연간(7/12회) 더파트(3/31) 810,000 DCSS(3/31) 352,900 시스나인(4/25) 분기5,000 000(3/3회) | Q33: =L33-O33 -> 3085319 | R33: 완료(4/30) | S33: 이예지
A34: . | B34: SM-24020 | D34: 45754 | E34: 에이비씨한국 | G34: MA | H34: 월간 | I34: BOARD SYSTEM Maintenance 4월분 - 7/12회 | J34: 1 | K34: 1100000 | L34: =J34*K34 -> 1100000 | M34: =L34*10% -> 110000 | N34: =SUM(L34:M34) -> 1210000 | O34: 1060000 | P34: 로보츠(4/7) | Q34: =L34-O34 -> 40000 | R34: 완료(5/30) | S34: 이예지
A35: . | B35: S | D35: 45754 | E35: 아이티앤 | F35: 우물단 | G35: 상품 | H35: 기술지원 | I35: 전산장비 이전, 시스템 마이그레이션 (4차) | J35: 1 | K35: 12500000 | L35: =J35*K35 -> 12500000 | M35: =L35*10% -> 1250000 | N35: =SUM(L35:M35) -> 13750000 | O35: 0 | P35: (24/12/26) | Q35: 0 | R35: 완료(4/30) | S35: 이예지 | U35: 매출정리
A36: . | B36: S | D36: 45757 | E36: 중소기업은행 | F36: 호계214~216호 | G36: 건물임대 | H36: 임대료 | I36: 4월 임대료 (3.13~4.12) - 3/24회 | J36: 1 | K36: 6394500 | L36: =J36*K36 -> 6394500 | M36: =L36*10% -> 639450 | N36: =SUM(L36:M36) -> 7033950 | O36: 0 | P36: X | Q36: =L36-O36 -> 6394500 | R36: 완료(4/16) | S36: 정지우
A37: . | B37: H250331-01 | D37: 45757 | E37: 브리토바코 | F37: BAT사천 | G37: 상품 | H37: USB 블록 | I37: [LINDY] 보안 커텍터, 추가구매용 USB 블록 [화이트/10개] | J37: 8 | K37: 33000 | L37: =J37*K37 -> 264000 | M37: =L37*10% -> 26400 | N37: =SUM(L37:M37) -> 290400 | O37: 218564 | P37: 컴퓨존(3/31) | Q37: =L37-O37 -> 45436 | R37: 완료(6/11) | S37: 천범석
A38: . | B38: S | D38: 45757 | E38: 왕길토건 | F38: 검단미플존 317호 | G38: 건물임대 | H38: 임대료 | I38: 3월 임대료(3/11~4/10) - 6/10회 | J38: 1 | K38: 400000 | L38: =J38*K38 -> 400000 | M38: =L38*10% -> 40000 | N38: =SUM(L38:M38) -> 440000 | O38: 0 | P38: X | Q38: =L38-O38 -> 400000 | R38: 완료(4/30) | S38: 정지우
A39: . | B39: D250327-01 | D39: 45761 | E39: 고영 | G39: 상품 | H39: 조립PC | I39: 조립PC | J39: 1 | K39: 2350000 | L39: =J39*K39 -> 2350000 | M39: =L39*10% -> 235000 | N39: =SUM(L39:M39) -> 2585000 | O39: 2055836 | P39: 컴퓨존(3/27) | Q39: =L39-O39 -> 294164 | R39: 완료(5/9) | S39: 이지훈
A40: . | B40: D250402-02 | D40: 45761 | E40: 고영 | G40: 상품 | H40: 조립PC | I40: 조립PC | J40: 1 | K40: 2720000 | L40: =J40*K40 -> 2720000 | M40: =L40*10% -> 272000 | N40: =SUM(L40:M40) -> 2992000 | O40: =1611000+699091+3800 -> 2313891 | P40: 컴퓨존(4/2) 1,611,000 네이버 (4/7법카)704,545 로젠택배(4/30) 3,800 | Q40: =L40-O40 -> 406109 | R40: 완료(5/9) | S40: 이지훈
A41: . | B41: SB-24011 | C41: Z5PURB | D41: 45762 | E41: 비온시이노베이터 | F41: 국립농업과학원 | G41: MA | H41: 월간-레노버 | I41: 3월 유지정비료 - 15/24회 | J41: 1 | K41: 875000 | L41: =J41*K41 -> 875000 | M41: =L41*10% -> 87500 | N41: =SUM(L41:M41) -> 962500 | O41: =511500+3400000/12 -> 794833.33 | P41: 레노버(3/31)511,500 시스나인(4/25) 연간3,400,000(3/12회) | Q41: =L41-O41 -> 80166.667 | R41: 완료(5/12) | S41: 천범석
A42: . | B42: SB-24009 | C42: Z0PYQC | D42: 45762 | E42: 유알피 | F42: 서울디자인재단 | G42: MA | H42: 월간-레노버 | I42: 3월 유지정비료 - 15/36회 | J42: 1 | K42: 1080000 | L42: =J42*K42 -> 1080000 | M42: =L42*10% -> 108000 | N42: =SUM(L42:M42) -> 1188000 | O42: 976200 | P42: 레노버(3/31) | Q42: =L42-O42 -> 103800 | R42: 완료(4/25) | S42: 천범석
A43: . | B43: Y250317-01 | D43: 45762 | E43: 우리들아이티 | F43: 안산코리아서키트 | G43: 장비임대 | H43: 서버임대 | I43: HPE DL380Gen9 외 서버 임대(25.2.21~25.3.20) | J43: 1 | K43: 1850000 | L43: =J43*K43 -> 1850000 | M43: =L43*10% -> 185000 | N43: =SUM(L43:M43) -> 2035000 | O43: =35000+40000+25000 -> 100000 | P43: 재고 우림퀵(2/28) 35,000 40,000 25,000 | Q43: =L43-O43 -> 1750000 | R43: 완료(5/30) | S43: 홍승민
A44: . | B44: S | D44: 45767 | E44: 아이지리더스 | F44: 광명자이 1812호 | G44: 건물임대 | H44: 임대료 | I44: 4월 임대료(3.26~4.25) 6/12회 | J44: 1 | K44: 800000 | L44: =J44*K44 -> 800000 | M44: =L44*10% -> 80000 | N44: =SUM(L44:M44) -> 880000 | O44: 0 | P44: X | Q44: =L44-O44 -> 800000 | R44: 완료-보증금공제 | S44: 정지우
A45: . | B45: SM-23017 | D45: 45767 | E45: 이앤피정보기술 | F45: 용진일렉콤 | G45: MA | H45: 월간 | I45: 4월 유지정비료 - 1/12회 | J45: 1 | K45: 200000 | L45: =J45*K45 -> 200000 | M45: =L45*10% -> 20000 | N45: =SUM(L45:M45) -> 220000 | O45: 0 | P45: X | Q45: =L45-O45 -> 200000 | R45: 완료(5/30) | S45: 이예지
A46: . | B46: SM-23023 | D46: 45767 | E46: 중앙유통단지관리운영회 | G46: 장비임대 | H46: 서버 | I46: 서버임대 SR650 2식 - 19/36회 | J46: 1 | K46: 1000000 | L46: =J46*K46 -> 1000000 | M46: =L46*10% -> 100000 | N46: =SUM(L46:M46) -> 1100000 | O46: =16728000/36+370000+1000000/12 -> 918000 | P46: 트루스케일 2대 15,800,000 SR250내 2.4T 2*100,000 이룸에스앤앤(9/5) 2*364,000 ========= 총 16,728,000 (19/36회) 이올테크(4/20) 370,000 시스나인(24/9/2) 연 1,000,000(7/12회) | Q46: =L46-O46 -> 82000 | R46: 완료(4/30) | S46: 천범석
A47: . | B47: IK-25002 | D47: 45767 | E47: 시너지온 | F47: 명지병원 | G47: MA | H47: 월간-IBM | I47: 4월 유지정비료 - 2/12회 | J47: 1 | K47: 350000 | L47: =J47*K47 -> 350000 | M47: =L47*10% -> 35000 | N47: =SUM(L47:M47) -> 385000 | O47: 300000 | P47: 티에스씨인포 (4/30) 300,000 | Q47: =L47-O47 -> 50000 | R47: 완료(6/20) | S47: 천범석
A48: . | B48: SM-25014 | D48: 45768 | E48: 시너지온 | F48: 건국대병원 | G48: MA | H48: 월간 | I48: 4월 유지정비료 - 1/29회 | J48: 1 | K48: 800000 | L48: =J48*K48 -> 800000 | M48: =L48*10% -> 80000 | N48: =SUM(L48:M48) -> 880000 | O48: 500000 | P48: 제이에스정보(4/25) | Q48: =L48-O48 -> 300000 | R48: 완료(6/10) | S48: 천범석
A49: . | B49: SM-24014 | D49: 45767 | E49: 동아건설 | G49: MA | H49: 월간 | I49: 4월 유지정비료 - 12/12회 | J49: 1 | K49: 950000 | L49: =J49*K49 -> 950000 | M49: =L49*10% -> 95000 | N49: =SUM(L49:M49) -> 1045000 | O49: =150000+2000000/4 -> 650000 | P49: 제이에스정보(4/25) 150,000 시스나인(4/25) 2,000,000(4/4회) | Q49: =L49-O49 -> 300000 | R49: 완료(6/2) | S49: 이예지
A50: . | B50: Y250403-01 | D50: 45768 | E50: 라온전자 | G50: 상품 | H50: 조립PC | I50: 조립PC | J50: 1 | K50: 3770000 | L50: =J50*K50 -> 3770000 | M50: =L50*10% -> 377000 | N50: =SUM(L50:M50) -> 4147000 | O50: =3332182+30000 -> 3362182 | P50: 컴퓨존(4/3) 우림퀵(4/30) 30,000 | Q50: =L50-O50 -> 407818 | R50: 완료(4/30) | S50: 홍승민
A51: . | B51: Y250403-02 | D51: 45768 | E51: 라온전자 | G51: 상품 | H51: POWER | I51: [마이크로닉스] Classic II 1050W 80PLUS GOLD 230V EU 풀모듈러 | J51: 1 | K51: 1928000 | L51: 1928000 | M51: =L51*10% -> 192800 | N51: =SUM(L51:M51) -> 2120800 | O51: =1106309+367273+235455 -> 1709037 | P51: 컴퓨존(4/3) 1,106,309 | Q51: =L51-O51 -> 218963 | R51: 완료(4/30) | S51: 홍승민
A52: . | E52: 라온전자 | G52: 상품 | H52: 키보드+마우스 | I52: [로지텍] 유선 데스크탑 합본, 키보드 K120 NEW + 마우스 M90
A53: . | E53: 라온전자 | G53: 상품 | H53: 케이블 | I53: NEXT-2247CHPD UHD4K Type C to HDMI2.0 미러링 케이블 | P53: 쿠팡(4/7법카) 367,273
A54: . | E54: 라온전자 | G54: 상품 | H54: 허브 | I54: Thinkway core d34dex 7-in1 Multi-port Hub
A55: . | E55: 라온전자 | G55: 상품 | H55: 무선 키보드 + 마우스 | I55: LKM500 화이트 | P55: 쿠팡(4/4법카) 235,455
A56: . | E56: 라온전자 | G56: 상품 | H56: 아답터 | I56: ipTIME 아답터, 100~230V / 9V 0.8A | P56: 컴퓨존(4/3)
A57: . | B57: Y250414-01 | D57: 45768 | E57: 라온전자 | G57: 상품 | H57: USB 메모리 | I57: 샌디스크 USB C타입 울트라 듀얼 Drive Go DDC3 + 고리줄 64GB | J57: 40 | K57: 12000 | L57: 656000 | M57: =L57*10% -> 65600 | N57: =SUM(L57:M57) -> 721600 | O57: =641000/1.1+10500/1.1+3800 -> 596072.73 | P57: 네이버(4/14) 582.727 네이버(4/14) 9,545 로젠택배(4/30) 3,800 | Q57: =L57-O57-O58 -> 59927.273 | R57: 완료(4/30) | S57: 홍승민
A58: . | E58: 라온전자 | G58: 상품 | H58: USB 메모리 | I58: 샌디스크 USB C타입 울트라 듀얼 Drive Go DDC3 + 고리줄 128GB | J58: 10
A59: . | E59: 라온전자 | G59: 상품 | H59: 네임택 | I59: 열쇠 총기함 열쇠고리 이름표 네임택 usb 주기표 50개 | J59: 1
A60: . | B60: H250421-01 | D60: 45768 | E60: 케이엠디엠 | G60: 장비임대 | H60: 서버임대 | I60: HP DL380G10 Server | J60: 1 | K60: 1100000 | L60: =J60*K60 -> 1100000 | M60: =L60*10% -> 110000 | N60: =SUM(L60:M60) -> 1210000 | O60: =930000+30000 -> 960000 | P60: 이비웨이브(4/17) 우림퀵(4/30) 30,000 | Q60: =L60-O60 -> 140000 | R60: 완료(5/30) | S60: 천범석
A61: . | B61: SM-24007 | D61: 45769 | E61: 성대의료원 | G61: MA | H61: 월간 | I61: 4월 유지정비료 - 3/12회 | J61: 1 | K61: 1505000 | L61: =J61*K61 -> 1505000 | M61: =L61*10% -> 150500 | N61: =SUM(L61:M61) -> 1655500 | O61: =200000+2100000/3+80000 -> 980000 | P61: 다원씨앤에스(4/25) 200,000 DCSS(4/30) 80,000 시스나인(1/2) 2,100,000(3/3회) | Q61: =L61-O61 -> 525000 | R61: 완료(5/29) | S61: 이예지
A62: . | B62: SB-25020 | C62: ZZLYH2 | D62: 45772 | E62: 익스피다이터스코리아 | G62: MA | H62: 월간-레노버 | I62: 4월 유지정비료 - 1/36회 | J62: 1 | K62: 64000 | L62: =J62*K62 -> 64000 | M62: =L62*10% -> 6400 | N62: =SUM(L62:M62) -> 70400 | O62: 53400 | P62: 레노버(4/30) | Q62: =L62-O62 -> 10600 | R62: 완료(4/29) | S62: 천범석
A63: . | B63: SM-20023 | D63: 45772 | E63: 비씨엠정보통신 | F63: 꼬망스 | G63: MA | H63: 월간 | I63: 4월 유지정비료 - 8/12회 | J63: 1 | K63: 320000 | L63: =J63*K63 -> 320000 | M63: =L63*10% -> 32000 | N63: =SUM(L63:M63) -> 352000 | O63: =1800000/12 -> 150000 | P63: 시스나인(25/3/4) 연간 1,800,000(8/12회) | Q63: =L63-O63 -> 170000 | R63: 완료(5/30) | S63: 천범석
A64: . | B64: SM-23026 | D64: 45772 | E64: 한국도자기협회 | G64: MA | H64: 월간 | I64: 4월 유지정비료 - 9/12회 | J64: 1 | K64: 1216000 | L64: 2446000 | M64: =L64*10% -> 244600 | N64: =SUM(L64:M64) -> 2690600 | O64: =840000+595000 -> 1435000 | P64: 현성솔루션(4/30) 840,000 | Q64: =L64-O64 -> 1011000 | R64: 완료(5/12) | S64: 홍승민
A65: . | B65: SM-24012 | E65: 한국도자기협회 | G65: MA | H65: 월간 | I65: 4월 유지정비료 - 12/12회 | J65: 1 | K65: 390000 | P65: 추후?
A66: . | B66: SM-23025 | E66: 한국도자기협회 | G66: MA | H66: 월간 | I66: 이메일 보안 및 호스팅 4월 - 9/12회 | J66: 70 | K66: 12000 | P66: 현성솔루션(4/30) 595,000
A67: . | B67: LI-24007 | C67: C24009 | D67: 45772 | E67: 유더블유에스 | F67: 두원정공 | G67: MA | H67: 월간 | I67: 4월 유지정비료 - 10/12회 | J67: 1 | K67: 168000 | L67: =J67*K67 -> 168000 | M67: =L67*10% -> 16800 | N67: =SUM(L67:M67) -> 184800 | O67: =485440/12+80160 -> 120613.33 | P67: 레노버(24/7/8)연간 (10/12회) 485,440 IBM(4/1) 80,160 | Q67: =L67-O67 -> 47386.667 | R67: 완료(5/30) | S67: 천범석
A68: . | B68: IK-24007 | D68: 45772 | E68: 로보츠 | F68: 도시바일렉트로닉스 | G68: MA | H68: 월간-IBM | I68: 4월 유지정비료 - 10/12회 | J68: 1 | K68: 115000 | L68: =J68*K68 -> 115000 | M68: =L68*10% -> 11500 | N68: =SUM(L68:M68) -> 126500 | O68: 66498 | P68: IBM(4/1) | Q68: =L68-O68 -> 48502 | R68: 완료(5/26) | S68: 천범석
A69: . | B69: IK-24011 | D69: 45772 | E69: 로보츠 | F69: 키오시아 | G69: MA | H69: 월간-IBM | I69: 4월 유지정비료 - 5/12회 | J69: 1 | K69: 350000 | L69: =J69*K69 -> 350000 | M69: =L69*10% -> 35000 | N69: =SUM(L69:M69) -> 385000 | O69: =133870+70180+1000000/12 -> 287383.33 | P69: IBM(4/1) 133,875 DCSS (4/30) 70,180 시스나인(11/3) 1,000,000 (5/12) | Q69: =L69-O69 -> 62616.667 | R69: 완료(5/26) | S69: 천범석
A70: . | B70: IK-24014 | D70: 45772 | E70: 로보츠 | F70: 와이케이케이코리아 | G70: MA | H70: 월간-IBM | I70: 4월 유지정비료 - 4/12회 | J70: 1 | K70: 444000 | L70: =J70*K70 -> 444000 | M70: =L70*10% -> 44400 | N70: =SUM(L70:M70) -> 488400 | O70: =80632+4200000/12 -> 430632 | P70: IBM(4/1) 79,496 시스나인(11/3) 4,200,000 (4/12회) | Q70: =L70-O70 -> 13368 | R70: 완료(5/26) | S70: 천범석
A71: . | B71: SM-21021 | D71: 45772 | E71: 바른시스템 | G71: MA | H71: 월간 | I71: 4월 유지정비료 - 2/12회 | J71: 1 | K71: 305000 | L71: =J71*K71 -> 305000 | M71: =L71*10% -> 30500 | N71: =SUM(L71:M71) -> 335500 | O71: 84811 | P71: IBM(4/1) | Q71: =L71-O71 -> 220189 | R71: 완료(4/30) | S71: 홍승민
A72: . | B72: LI-24006 | D72: 45772 | E72: 보해양조 | G72: MA | H72: 월간-IBM | I72: 4월 유지정비료 - 10/12회 | J72: 1 | K72: 668000 | L72: =J72*K72 -> 668000 | M72: =L72*10% -> 66800 | N72: =SUM(L72:M72) -> 734800 | O72: =277600+142800 -> 420400 | P72: IBM(4/1) 142,800 (4/1)277,600 | Q72: =L72-O72 -> 247600 | R72: 완료(5/15) | S72: 천범석
A73: . | B73: SM-24024 | D73: 45772 | E73: 일원병원 | F73: 묵동 | G73: MA | H73: 월간 | I73: 4월 유지정비료 - 5/12회 | J73: 1 | K73: 500000 | L73: =J73*K73 -> 500000 | M73: =L73*10% -> 50000 | N73: =SUM(L73:M73) -> 550000 | O73: =600000/6+20600 -> 120600 | P73: 시스나인(4/25) 반기 600,000 (5/6회) DCSS(4/30) 20,600 | Q73: =L73-O73 -> 379400 | R73: 완료(5/29) | S73: 천범석
A74: . | B74: SM-25005 | D74: 45772 | E74: 고영 | G74: MA | H74: 월간 | I74: 4월 유지정비료 - 4/12회 | J74: 1 | K74: 1400000 | L74: =J74*K74 -> 1400000 | M74: =L74*10% -> 140000 | N74: =SUM(L74:M74) -> 1540000 | O74: =1500000/3+35000 -> 535000 | P74: 시스나인(4/25) 분기 1,500,000 (1/3회) 우림퀵(4/30) 35,000 | Q74: =L74-O74 -> 865000 | R74: 완료(5/20) | S74: 홍승민
A75: . | B75: SB-25022 | C75: ZGHZZL | D75: 45772 | E75: 시스게이트 | F75: 한국도로공사 | G75: MA | H75: 월간-레노버 | I75: 1분기 유지정비료 - 1/8회 | J75: 1 | K75: 16853000 | L75: =J75*K75 -> 16853000 | M75: =L75*10% -> 1685300 | N75: =SUM(L75:M75) -> 18538300 | O75: =15847010-1189500 -> 14657510 | P75: 레노버(5/9) 14,657,510(18건) | Q75: =L75-O75 -> 2195490 | R75: 완료(6/10) | S75: 천범석
A76: . | B76: Y240830-03 | D76: 45775 | E76: 스마트웨어 | F76: 세연시스템즈 | G76: 장비임대 | H76: 서버임대 | I76: X3650M5 임대 (Xeon E5-2640v3 2.6GHz 8C x2 / 128GB Memory / 600GB SAS x4 / Power x2) (4월1일~4월30일) | J76: 1 | K76: 200000 | L76: =J76*K76 -> 200000 | M76: =L76*10% -> 20000 | N76: =SUM(L76:M76) -> 220000 | O76: 0 | P76: 재고 | Q76: =L76-O76 -> 200000 | R76: 5월말 | S76: 홍승민
A77: . | B77: Y250319-02 | D77: 45776 | E77: 에스엔유정보기술 | F77: 대한건설기계안전관리원 | G77: 상품 | H77: 서버 | I77: Lenovo SR630v2 | J77: 1 | K77: 9300000 | L77: =J77*K77 -> 9300000 | M77: =L77*10% -> 930000 | N77: =SUM(L77:M77) -> 10230000 | O77: =6300000+1000000+40000 -> 7340000 | P77: 다솜테크(3/31) 6,000,000 씨플랫폼(5/1) 1,000,000 우림퀵(4/30) 40,000 | Q77: =L77-O77 -> 1960000 | R77: 완료(7/31) | S77: 홍승민
A78: . | B78: Y250407-01 | D78: 45776 | E78: 코드정보 | G78: 상품 | H78: 90Y8878(USED) | I78: 300GB 10K 6GB SAS 2.5 | J78: 1 | K78: 120000 | L78: =J78*K78 -> 120000 | M78: =L78*10% -> 12000 | N78: =SUM(L78:M78) -> 132000 | O78: 12000 | P78: 삼표매입 우림퀵(4/30) 12,000 | Q78: =L78-O78 -> 108000 | R78: 완료(6/30) | S78: 홍승민
A79: . | B79: Y250409-01 | D79: 45776 | E79: 현성솔루션 | G79: 상품 | H79: 서버 | I79: Dell PE R730XD | J79: 3 | K79: 3000000 | L79: =J79*K79 -> 9000000 | M79: =L79*10% -> 900000 | N79: =SUM(L79:M79) -> 9900000 | O79: =1714418+272836+25000+15000 -> 2027254 | P79: 에실로매각건 컴퓨존(4/9) 1,714,418 컴퓨존(4/29) 272,836 우림퀵(4/30) 25,000 우림퀵(4/30) 15,000 | Q79: =L79-O79 -> 6972746 | R79: 완료(5/30) | S79: 홍승민
A80: . | B80: Y250418-01 | D80: 45776 | E80: 코드정보 | G80: 상품 | H80: 42D0633(USED) | I80: 146G 10K 6GB SAS 2.5 | J80: 1 | K80: 100000 | L80: =J80*K80 -> 100000 | M80: =L80*10% -> 10000 | N80: =SUM(L80:M80) -> 110000 | O80: 12000 | P80: 삼표매입, 우림퀵(4/30) 12,000 | Q80: =L80-O80 -> 88000 | R80: 완료(6/30) | S80: 홍승민
A81: . | B81: Y250421-01 | D81: 45776 | E81: 아이티비 | G81: 상품 | H81: 90Y8872 | I81: 600GB 10K 6G SAS 2.5inch Hard Drive | J81: 1 | K81: 200000 | L81: =J81*K81 -> 200000 | M81: =L81*10% -> 20000 | N81: =SUM(L81:M81) -> 220000 | O81: 8000 | P81: 재고, 우림퀵(4/30) 8,000 | Q81: =L81-O81 -> 192000 | R81: 완료(5/23) | S81: 홍승민
A82: . | B82: S | D82: 45777 | E82: 스팩스 | F82: 광명자이 1810호 | G82: 건물임대 | H82: 임대료 | I82: 4월 임대료 - 10/12회 | J82: 1 | K82: 600000 | L82: =J82*K82 -> 600000 | M82: =L82*10% -> 60000 | N82: =SUM(L82:M82) -> 660000 | O82: 0 | P82: X | Q82: =L82-O82 -> 600000 | R82: 완료(5/2) | S82: 정지우
A83: . | B83: S | D83: 45777 | E83: 씨케이명차 | F83: 가양아너비즈 402~404호 | G83: 건물임대 | H83: 임대료 | I83: 5월(4.30~5.30) 임대료 | J83: 1 | K83: 4000000 | L83: =J83*K83 -> 4000000 | M83: =L83*10% -> 400000 | N83: =SUM(L83:M83) -> 4400000 | O83: 0 | P83: X | Q83: =L83-O83 -> 4000000 | R83: 보증금반제(25/8/31) | S83: 정지우
A84: . | B84: SB-23012 | C84: ZKFUER | D84: 45777 | E84: 솔리드시스템 | F84: 국립기상과학원 | G84: MA | H84: 월간-레노버 | I84: 4월 유지정비료 - 28/37회 | J84: 1 | K84: 11178000 | L84: =J84*K84 -> 11178000 | M84: =L84*10% -> 1117800 | N84: =SUM(L84:M84) -> 12295800 | O84: 9980400 | P84: 레노버(4/30) | Q84: =L84-O84 -> 1197600 | R84: 완료(5/30) | S84: 천범석
A85: . | B85: SB-25004 | C85: ZDCPQK | D85: 45777 | E85: 솔리드시스템 | F85: 삼성중공업 | G85: MA | H85: 월간-레노버 | I85: 4월 유지정비료 - 4/12회 | J85: 1 | K85: 585000 | L85: =J85*K85 -> 585000 | M85: =L85*10% -> 58500 | N85: =SUM(L85:M85) -> 643500 | O85: 531600 | P85: 레노버(4/30) | Q85: =L85-O85 -> 53400 | R85: 완료(5/30) | S85: 천범석
A86: . | B86: IK-22023 | D86: 45777 | E86: 로인아이티 | F86: 성원제강 | G86: MA | H86: 월간-IBM | I86: 4월 유지정비료 - 25/36회 | J86: 1 | K86: 180000 | L86: =J86*K86 -> 180000 | M86: =L86*10% -> 18000 | N86: =SUM(L86:M86) -> 198000 | O86: 159761 | P86: IBM(4/1) | Q86: =L86-O86 -> 20239 | R86: 완료(5/26) | S86: 천범석
A87: . | B87: IK-22021 | D87: 45777 | E87: 로인아이티 | F87: 문배철강 | G87: MA | H87: 월간-IBM | I87: 4월 유지정비료 - 25/36회 | J87: 1 | K87: 240000 | L87: =J87*K87 -> 240000 | M87: =L87*10% -> 24000 | N87: =SUM(L87:M87) -> 264000 | O87: 212293 | P87: IBM(4/1) | Q87: =L87-O87 -> 27707 | R87: 완료(5/26) | S87: 천범석
