Workbook

Sheet Master
B1: 품의코드 | C1: Vendor 코드 | D1: 계산서 | E1: 매입처 | F1: 매출처 | G1: 구분 | H1: MA : 청구구분 상품 : PN | I1: 품목 | J1: 수량 | K1: 단가 | L1: 공금가액 | M1: VAT | N1: 합계금액 | O1: 결제 | P1: 영업 담당자 | Q1: 매출처 세금계산서 | R1: 비고
A2: . | B2: ='1월'!B5 -> X | D2: ='1월'!D5 -> 45658 | E2: ='1월'!E5 -> 에스케이쉴더스 금천지점 | G2: ='1월'!G5 -> 일반경비 | H2: ='1월'!H5 -> 지급수수료 | I2: ='1월'!I5 -> 보안용역 월정료 1월분 | J2: ='1월'!J5 -> 1 | K2: ='1월'!K5 -> 71000 | L2: ='1월'!L5 -> 71000 | M2: ='1월'!M5 -> 7100 | N2: ='1월'!N5 -> 78100 | ... Q2: ='1월'!Q5 -> X
A3: . | B3: ='1월'!B6 -> LI-24005 | D3: ='1월'!D6 -> 45658 | E3: ='1월'!E6 -> 한국아이씨에스 | F3: ='1월'!F6 -> 해안종합건축사사무소 | G3: ='1월'!G6 -> MA | H3: ='1월'!H6 -> 월간-IBM | I3: ='1월'!I6 -> 1월 유지정비료 - 8/12회 | J3: ='1월'!J6 -> 1 | K3: ='1월'!K6 -> 436400 | ... Q3: ='1월'!Q6 -> 45658
A4: . | B4: ='1월'!B7 -> SM-24007 | D4: ='1월'!D7 -> 45658 | E4: ='1월'!E7 -> 한국아이씨에스 | F4: ='1월'!F7 -> 연세의료원 | G4: ='1월'!G7 -> MA | H4: ='1월'!H7 -> 월간-IBM | I4: ='1월'!I7 -> 1월 유지정비료 - 12/12회 | J4: ='1월'!J7 -> 1 | K4: ='1월'!K7 -> 288000 | ... Q4: ='1월'!Q7 -> 45677
A5: . | B5: ='1월'!B8 -> LI-24006 | D5: ='1월'!D8 -> 45658 | E5: ='1월'!E8 -> 한국아이씨에스 | F5: ='1월'!F8 -> 보해양조 | G5: ='1월'!G8 -> MA | H5: ='1월'!H8 -> 월간-IBM | I5: ='1월'!I8 -> 1월 유지정비료 - 6/11회 | J5: ='1월'!J8 -> 1 | K5: ='1월'!K8 -> 277600 | ... Q5: ='1월'!Q8 -> 45682
A6: . | B6: ='1월'!B9 -> IK-24006 | D6: ='1월'!D9 -> 45659 | E6: ='1월'!E9 -> 한국아이씨에스 | F6: ='1월'!F9 -> 광양항서부터미널 | G6: ='1월'!G9 -> MA | H6: ='1월'!H9 -> 월간-IBM | I6: ='1월'!I9 -> 1월 유지정비료 - 9/24회 | J6: ='1월'!J9 -> 1 | K6: ='1월'!K9 -> 3239404 | ... Q6: ='1월'!Q9 -> 45688
A7: . | B7: ='1월'!B10 -> LI-24008 | D7: ='1월'!D10 -> 45659 | E7: ='1월'!E10 -> 한국아이씨에스 | F7: ='1월'!F10 -> 쿠팡 | G7: ='1월'!G10 -> MA | H7: ='1월'!H10 -> 월간-IBM | I7: ='1월'!I10 -> 1월 유지정비료 - 6/13회 | J7: ='1월'!J10 -> 1 | K7: ='1월'!K10 -> 205780 | ... R7: ='1월'!R10 -> 매출연간
A8: . | B8: ='1월'!B11 -> LI-24003 | D8: ='1월'!D11 -> 45659 | E8: ='1월'!E11 -> 한국아이씨에스 | F8: ='1월'!F11 -> 지엔콤 | G8: ='1월'!G11 -> MA | H8: ='1월'!H11 -> 월간-IBM | I8: ='1월'!I11 -> 전주교육대학교 1월 유지정비료 - 9/12회 | J8: ='1월'!J11 -> 1 | K8: ='1월'!K11 -> 305280 | ... Q8: ='1월'!Q11 -> 45688
A9: . | B9: ='1월'!B12 -> IK-23021 | D9: ='1월'!D12 -> 45659 | E9: ='1월'!E12 -> 한국아이씨에스 | F9: ='1월'!F12 -> 투아이시스 | G9: ='1월'!G12 -> MA | H9: ='1월'!H12 -> 월간-IBM | I9: ='1월'!I12 -> 1월 유지정비료 - 11/12회 | J9: ='1월'!J12 -> 1 | K9: ='1월'!K12 -> 93445 | ... R9: ='1월'!R12 -> 매출연간
A10: . | B10: ='1월'!B13 -> SM-25003 | D10: ='1월'!D13 -> 45659 | E10: ='1월'!E13 -> 한국아이씨에스 | F10: ='1월'!F13 -> CGV 통합 | G10: ='1월'!G13 -> MA | H10: ='1월'!H13 -> 월간-IBM | I10: ='1월'!I13 -> 1월 유지정비료 - 1/12회 | J10: ='1월'!J13 -> 1 | K10: ='1월'!K13 -> 2812500 | ... R10: ='1월'!R13 -> 매출연간
A11: . | B11: ='1월'!B14 -> IK-23016 | D11: ='1월'!D14 -> 45659 | E11: ='1월'!E14 -> 한국아이씨에스 | F11: ='1월'!F14 -> 케이정보기술 | G11: ='1월'!G14 -> MA | H11: ='1월'!H14 -> 월간-IBM | I11: ='1월'!I14 -> 청주시청 1월 유지정비료 - 1/20회 추가 | J11: ='1월'!J14 -> 1 | K11: ='1월'!K14 -> 1123962 | ... Q11: ='1월'!Q14 -> 45658
A12: . | B12: ='1월'!B15 -> IK-22025 | D12: ='1월'!D15 -> 45659 | E12: ='1월'!E15 -> 한국아이씨에스 | F12: ='1월'!F15 -> 디에스피 | G12: ='1월'!G15 -> MA | H12: ='1월'!H15 -> 월간-IBM | I12: ='1월'!I15 -> 엘지생활건강 청주공장 1월 유지정비료 - 12/12회 | J12: ='1월'!J15 -> 1 | K12: ='1월'!K15 -> 532212 | ... Q12: ='1월'!Q15 -> 45658
A13: . | B13: ='1월'!B16 -> IK-23013 | D13: ='1월'!D16 -> 45659 | E13: ='1월'!E16 -> 한국아이씨에스 | F13: ='1월'!F16 -> 로보츠 | G13: ='1월'!G16 -> MA | H13: ='1월'!H16 -> 월간-IBM | I13: ='1월'!I16 -> 도시바일렉 1월 유지정비료 - 7/12회 | J13: ='1월'!J16 -> 1 | K13: ='1월'!K16 -> 66498 | ... Q13: ='1월'!Q16 -> 45688
A14: . | B14: ='1월'!B17 -> LI-24007 | D14: ='1월'!D17 -> 45659 | E14: ='1월'!E17 -> 한국아이씨에스 | F14: ='1월'!F17 -> 유더블유에스 | G14: ='1월'!G17 -> MA | H14: ='1월'!H17 -> 월간-IBM | I14: ='1월'!I17 -> 두원정공 1월 유지정비료 - 6/11회 | J14: ='1월'!J17 -> 1 | K14: ='1월'!K17 -> 80160 | ... Q14: ='1월'!Q17 -> 45688
A15: . | B15: ='1월'!B18 -> IK-23014 | D15: ='1월'!D18 -> 45659 | E15: ='1월'!E18 -> 한국아이씨에스 | F15: ='1월'!F18 -> 서비스링크 | G15: ='1월'!G18 -> MA | H15: ='1월'!H18 -> 월간-IBM | I15: ='1월'!I18 -> 세원정공 1월 유지정비료 - 7/12회 | J15: ='1월'!J18 -> 1 | K15: ='1월'!K18 -> 198018 | ... Q15: ='1월'!Q18 -> 45658
A16: . | B16: ='1월'!B19 -> SM-21021 | D16: ='1월'!D19 -> 45659 | E16: ='1월'!E19 -> 한국아이씨에스 | F16: ='1월'!F19 -> 법무법인바른 | G16: ='1월'!G19 -> MA | H16: ='1월'!H19 -> 월간-IBM | I16: ='1월'!I19 -> 1월 유지정비료 - 5/13회 | J16: ='1월'!J19 -> 1 | K16: ='1월'!K19 -> 84811 | ... Q16: ='1월'!Q19 -> 45682
A17: . | B17: ='1월'!B20 -> IK-24011 | D17: ='1월'!D20 -> 45659 | E17: ='1월'!E20 -> 한국아이씨에스 | F17: ='1월'!F20 -> 로보츠 | G17: ='1월'!G20 -> MA | H17: ='1월'!H20 -> 월간-IBM | I17: ='1월'!I20 -> 키오시아(도시바) 1월 유지정비료 - 2/12회 | J17: ='1월'!J20 -> 1 | K17: ='1월'!K20 -> 133875 | ... Q17: ='1월'!Q20 -> 45688
A18: . | B18: ='1월'!B21 -> SM-25011 | D18: ='1월'!D21 -> 45659 | E18: ='1월'!E21 -> 한국아이씨에스 | F18: ='1월'!F21 -> 유니포인트 | G18: ='1월'!G21 -> MA | H18: ='1월'!H21 -> 월간-IBM | I18: ='1월'!I21 -> 한미약품/한미사이언스 1월 유지정비료 - 1/12회 | J18: ='1월'!J21 -> 1 | K18: ='1월'!K21 -> 11623397 | ... Q18: ='1월'!Q21 -> 45681
A19: . | B19: ='1월'!B22 -> IK-24002 | D19: ='1월'!D22 -> 45659 | E19: ='1월'!E22 -> 한국아이씨에스 | F19: ='1월'!F22 -> 리온아이티 | G19: ='1월'!G22 -> MA | H19: ='1월'!H22 -> 월간-IBM | I19: ='1월'!I22 -> 교세라 1월 유지정비료 - 12/36회 | J19: ='1월'!J22 -> 1 | K19: ='1월'!K22 -> 70422 | ... Q19: ='1월'!Q22 -> 45688
A20: . | B20: ='1월'!B23 -> SM-24021 | D20: ='1월'!D23 -> 45659 | E20: ='1월'!E23 -> 한국아이씨에스 | F20: ='1월'!F23 -> 에이캐피탈 | G20: ='1월'!G23 -> MA | H20: ='1월'!H23 -> 월간-IBM | I20: ='1월'!I23 -> 1월 유지정비료 - 5/12회 | J20: ='1월'!J23 -> 1 | K20: ='1월'!K23 -> 691782 | ... Q20: ='1월'!Q23 -> 45693
A21: . | B21: ='1월'!B24 -> LI-24004 | D21: ='1월'!D24 -> 45659 | E21: ='1월'!E24 -> 한국아이씨에스 | F21: ='1월'!F24 -> 한국메탈 | G21: ='1월'!G24 -> MA | H21: ='1월'!H24 -> 월간-IBM | I21: ='1월'!I24 -> 1월유지정비료 - 9/32회 | J21: ='1월'!J24 -> 1 | K21: ='1월'!K24 -> 316682 | ... Q21: ='1월'!Q24 -> 45658
A22: . | B22: ='1월'!B25 -> SB-24036 | D22: ='1월'!D25 -> 45659 | E22: ='1월'!E25 -> 한국아이씨에스 | F22: ='1월'!F25 -> 나라정보 | G22: ='1월'!G25 -> MA | H22: ='1월'!H25 -> 월간-IBM | I22: ='1월'!I25 -> 부국철강 1월 유지정비료 - 9/32 회 | J22: ='1월'!J25 -> 1 | K22: ='1월'!K25 -> 190849 | ... Q22: ='1월'!Q25 -> 45688
A23: . | B23: ='1월'!B26 -> LI-24009 | D23: ='1월'!D26 -> 45659 | E23: ='1월'!E26 -> 한국아이씨에스 | F23: ='1월'!F26 -> 아이리스인포테크 | G23: ='1월'!G26 -> MA | H23: ='1월'!H26 -> 월간-IBM | I23: ='1월'!I26 -> 프레이저플레이스 1월 유지정비료 - 6/12회 | J23: ='1월'!J26 -> 1 | K23: ='1월'!K26 -> 95200 | ... R23: ='1월'!R26 -> 매출분기
A24: . | B24: ='1월'!B27 -> IK-24014 | D24: ='1월'!D27 -> 45659 | E24: ='1월'!E27 -> 한국아이씨에스 | F24: ='1월'!F27 -> 로보츠 | G24: ='1월'!G27 -> MA | H24: ='1월'!H27 -> 월간-IBM | I24: ='1월'!I27 -> 와이케이케이 1월 유지정비료 - 1/12회 | J24: ='1월'!J27 -> 1 | K24: ='1월'!K27 -> 79496 | ... Q24: ='1월'!Q27 -> 45682
A25: . | B25: ='1월'!B28 -> IK-22023 | D25: ='1월'!D28 -> 45659 | E25: ='1월'!E28 -> 한국아이씨에스 | F25: ='1월'!F28 -> 리온아이티 | G25: ='1월'!G28 -> MA | H25: ='1월'!H28 -> 월간-IBM | I25: ='1월'!I28 -> 성원제강 1월 유지정비료 - 22/36회 | J25: ='1월'!J28 -> 1 | K25: ='1월'!K28 -> 159761 | ... Q25: ='1월'!Q28 -> 45688
A26: . | B26: ='1월'!B29 -> LI-24006 | D26: ='1월'!D29 -> 45659 | E26: ='1월'!E29 -> 한국아이씨에스 | F26: ='1월'!F29 -> 보해양조 | G26: ='1월'!G29 -> MA | H26: ='1월'!H29 -> 월간-IBM | I26: ='1월'!I29 -> 1월 유지정비료 - 7/12회 | J26: ='1월'!J29 -> 1 | K26: ='1월'!K29 -> 142800 | ... Q26: ='1월'!Q29 -> 45682
A27: . | B27: ='1월'!B30 -> IK-24005 | D27: ='1월'!D30 -> 45659 | E27: ='1월'!E30 -> 한국아이씨에스 | F27: ='1월'!F30 -> 엔콤 | G27: ='1월'!G30 -> MA | H27: ='1월'!H30 -> 월간-IBM | I27: ='1월'!I30 -> 전북도시가스 1월 유지정비료 - 10/12회 | J27: ='1월'!J30 -> 1 | K27: ='1월'!K30 -> 1263250 | ... Q27: ='1월'!Q30 -> 45688
A28: . | B28: ='1월'!B31 -> IK-22022 | D28: ='1월'!D31 -> 45659 | E28: ='1월'!E31 -> 한국아이씨에스 | F28: ='1월'!F31 -> 리온아이티 | G28: ='1월'!G31 -> MA | H28: ='1월'!H31 -> 월간-IBM | I28: ='1월'!I31 -> 한일전기 1월 유지정비료 - 25/36회 | J28: ='1월'!J31 -> 1 | K28: ='1월'!K31 -> 309047 | ... R28: ='1월'!R31 -> 매출분기
A29: . | B29: ='1월'!B32 -> IK-24013 | D29: ='1월'!D32 -> 45659 | E29: ='1월'!E32 -> 한국아이씨에스 | F29: ='1월'!F32 -> 레드텍 | G29: ='1월'!G32 -> MA | H29: ='1월'!H32 -> 월간-IBM | I29: ='1월'!I32 -> 대한상공회의소 1월 유지정비료 - 3/12회 | J29: ='1월'!J32 -> 1 | K29: ='1월'!K32 -> 94111 | ... Q29: ='1월'!Q32 -> 45658
A30: . | B30: ='1월'!B33 -> IK-22021 | D30: ='1월'!D33 -> 45659 | E30: ='1월'!E33 -> 한국아이씨에스 | F30: ='1월'!F33 -> 리온아이티 | G30: ='1월'!G33 -> MA | H30: ='1월'!H33 -> 월간-IBM | I30: ='1월'!I33 -> 문배철강 1월 유지정비료 - 22/36회 | J30: ='1월'!J33 -> 1 | K30: ='1월'!K33 -> 212293 | ... Q30: ='1월'!Q33 -> 45688
A31: . | B31: ='1월'!B34 -> Y241205-01 | D31: ='1월'!D34 -> 45659 | E31: ='1월'!E34 -> 컴퓨존 | F31: ='1월'!F34 -> 삼표피앤씨 | G31: ='1월'!G34 -> 상품 | H31: ='1월'!H34 -> 랜카드 | I31: ='1월'!I34 -> ipTIME U1000 PLUS 유선랜카드 | J31: ='1월'!J34 -> 1 | K31: ='1월'!K34 -> 13545 | ... Q31: ='1월'!Q34 -> 45649
A32: . | B32: ='1월'!B35 -> SM-25010 | D32: ='1월'!D35 -> 45659 | E32: ='1월'!E35 -> 프로미스 | F32: ='1월'!F35 -> 유니포인트 | G32: ='1월'!G35 -> MA | H32: ='1월'!H35 -> 분기 | I32: ='1월'!I35 -> 한미약품, 한미사이언스 유지보수 25년 1Q | J32: ='1월'!J35 -> 1 | K32: ='1월'!K35 -> 8000000 | ... Q32: ='1월'!Q35 -> 45688
A33: . | B33: ='1월'!B36 -> Y241209-03 | D33: ='1월'!D36 -> 45659 | E33: ='1월'!E36 -> 프로미스 | F33: ='1월'!F36 -> 더힘 | G33: ='1월'!G36 -> 상품 | H33: ='1월'!H36 -> 기술지원 | I33: ='1월'!I36 -> 우물단 TR630 설치지원 | J33: ='1월'!J36 -> 1 | K33: ='1월'!K36 -> 3000000 | ... Q33: ='1월'!Q36 -> 45645
A34: . | B34: ='1월'!B37 -> S | D34: ='1월'!D37 -> 45659 | E34: ='1월'!E37 -> 프로미스 | F34: ='1월'!F37 -> 티엔플러스 | G34: ='1월'!G37 -> 상품 | H34: ='1월'!H37 -> 기술지원 | I34: ='1월'!I37 -> 계양 복지센터 케이코 설치지원 | J34: ='1월'!J37 -> 1 | K34: ='1월'!K37 -> 800000 | ... Q34: ='1월'!Q37 -> 45650
A35: . | B35: ='1월'!B38 -> S241223 | D35: ='1월'!D38 -> 45659 | E35: ='1월'!E38 -> 프로미스 | F35: ='1월'!F38 -> 다솜테크 | G35: ='1월'!G38 -> 상품 | H35: ='1월'!H38 -> 기술지원 | I35: ='1월'!I38 -> SSD 설치지원 | J35: ='1월'!J38 -> 1 | K35: ='1월'!K38 -> 1700000 | ... Q35: ='1월'!Q38 -> 45657
A36: . | B36: ='1월'!B39 -> SB-24011 | D36: ='1월'!D39 -> 45659 | E36: ='1월'!E39 -> 프로미스 | F36: ='1월'!F39 -> 비온시 | G36: ='1월'!G39 -> MA | H36: ='1월'!H39 -> 연간 | I36: ='1월'!I39 -> 24년 국립농업과학원 기술지원 | J36: ='1월'!J39 -> 1 | K36: ='1월'!K39 -> 3400000 | ... Q36: ='1월'!Q39 -> 24/2/15~25/1/15
A37: . | B37: ='1월'!B40 -> SB-24063 | D37: ='1월'!D40 -> 45659 | E37: ='1월'!E40 -> 프로미스 | F37: ='1월'!F40 -> 다솜테크 | G37: ='1월'!G40 -> MA | H37: ='1월'!H40 -> 연간 | I37: ='1월'!I40 -> E1컨테이너터미널 기술지원비 | J37: ='1월'!J40 -> 1 | K37: ='1월'!K40 -> 1000000 | ... Q37: ='1월'!Q40 -> 1/31~12/31
A38: . | B38: ='1월'!B41 -> SM-25001 | D38: ='1월'!D41 -> 45659 | E38: ='1월'!E41 -> 프로미스 | F38: ='1월'!F41 -> 로스만스/브리티쉬 | G38: ='1월'!G41 -> MA | H38: ='1월'!H41 -> 연간 | I38: ='1월'!I41 -> BAT 서울 사천 연간 기술지원 | J38: ='1월'!J41 -> 1 | K38: ='1월'!K41 -> 2500000 | ... Q38: ='1월'!Q41 -> 1/31~12/31
A39: . | B39: ='1월'!B42 -> S | D39: ='1월'!D42 -> 45659 | E39: ='1월'!E42 -> 프로미스 | F39: ='1월'!F42 -> 매사 | G39: ='1월'!G42 -> 상품 | H39: ='1월'!H42 -> Battery | I39: ='1월'!I42 -> FS8600 CTRL Battery | J39: ='1월'!J42 -> 1 | K39: ='1월'!K42 -> 550000 | ... Q39: ='1월'!Q42 -> 45596
A40: . | B40: ='1월'!B43 -> H240426-02 | D40: ='1월'!D43 -> 45659 | E40: ='1월'!E43 -> 프로미스 | F40: ='1월'!F43 -> 에스엔정보 | G40: ='1월'!G43 -> 상품 | H40: ='1월'!H43 -> 9RZ268-150 | I40: ='1월'!I43 -> 1TB 7.2K 6G SFF SAS | J40: ='1월'!J43 -> 1 | K40: ='1월'!K43 -> 130000 | ... Q40: ='1월'!Q43 -> 45408
... A49: . | B49: ='1월'!B52 -> H250102-01 | D49: ='1월'!D52 -> 45659 | E49: ='1월'!E52 -> 이비웨이브 | F49: ='1월'!F52 -> 아이엠티에스아이 | G49: ='1월'!G52 -> 상품 | H49: ='1월'!H52 -> 01AF542 | I49: ='1월'!I52 -> Processor VRM 2B4E For 8231-E1C, E1D, E2D, 8268-E1D, 8246-L1C | J49: ='1월'!J52 -> 1 | K49: ='1월'!K52 -> 400000 | ... Q49: ='1월'!Q52 -> 45672
A50: . | B50: ='1월'!B53 -> X | D50: ='1월'!D53 -> 45660 | E50: ='1월'!E53 -> 에스케이브로드밴드 | G50: ='1월'!G53 -> 일반경비 | H50: ='1월'!H53 -> 통신비 | I50: ='1월'!I53 -> 통신료 | J50: ='1월'!J53 -> 1 | K50: ='1월'!K53 -> 13839 | L50: ='1월'!L53 -> 13839 | M50: ='1월'!M53 -> 1383 | N50: ='1월'!N53 -> 15222 | ... Q50: ='1월'!Q53 -> X
A51: . | B51: ='1월'!B54 -> SM-24020 | D51: ='1월'!D54 -> 45663 | E51: ='1월'!E54 -> 로보츠 | F51: ='1월'!F54 -> 와이케이케이한국 | G51: ='1월'!G54 -> MA | H51: ='1월'!H54 -> 월간 | I51: ='1월'!I54 -> BoardSystem 유지보수 - 1월 (4/12회) | J51: ='1월'!J54 -> 1 | K51: ='1월'!K54 -> 1060000 | ... Q51: ='1월'!Q54 -> 45662
A52: . | B52: ='1월'!B55 -> IK-24012 | D52: ='1월'!D55 -> 45663 | E52: ='1월'!E55 -> 한국아이씨에스 | F52: ='1월'!F55 -> 인정보 | G52: ='1월'!G55 -> MA | H52: ='1월'!H55 -> 월간-IBM | I52: ='1월'!I55 -> 대구텍 1월 유지정비료 - 1/6회 | J52: ='1월'!J55 -> 1 | K52: ='1월'!K55 -> 862260 | ... Q52: ='1월'!Q55 -> 45663
A53: . | B53: ='1월'!B56 -> H250106-01 | D53: ='1월'!D56 -> 45663 | E53: ='1월'!E56 -> 이비웨이브 | F53: ='1월'!F56 -> 아이엠티에스아이 | G53: ='1월'!G56 -> 상품 | H53: ='1월'!H56 -> 69Y2926 | I53: ='1월'!I56 -> Controller Battery for DS3512/DS3524 | J53: ='1월'!J56 -> 1 | K53: ='1월'!K56 -> 250000 | ... Q53: ='1월'!Q56 -> 45672
A54: . | B54: ='1월'!B57 -> H250106-02 | D54: ='1월'!D57 -> 45663 | E54: ='1월'!E57 -> 이비웨이브 | F54: ='1월'!F57 -> 티에스씨인포 | G54: ='1월'!G57 -> 상품 | H54: ='1월'!H57 -> 1KPX8 | I54: ='1월'!I57 -> DELL R740 SYSTEM BOARD = JMK61 | J54: ='1월'!J57 -> 1 | K54: ='1월'!K57 -> 750000 | ... Q54: ='1월'!Q57 -> 45681
A55: . | B55: ='1월'!B58 -> Y250107-01 | D55: ='1월'!D58 -> 45664 | E55: ='1월'!E58 -> 컴퓨존 | F55: ='1월'!F58 -> 라온피플 | G55: ='1월'!G58 -> 상품 | H55: ='1월'!H58 -> 모니터 | I55: ='1월'!I58 -> LG 27MR400 | J55: ='1월'!J58 -> 1 | K55: ='1월'!K58 -> 150000 | ... Q55: ='1월'!Q58 -> 45673
A56: . | B56: ='1월'!B59 -> H250117-02 | D56: ='1월'!D59 -> 45664 | E56: ='1월'!E59 -> 스토리지케이투 | F56: ='1월'!F59 -> 에이캐피탈 | G56: ='1월'!G59 -> 상품 | H56: ='1월'!H59 -> 00V7590 | I56: ='1월'!I59 -> IBM LTO6/B | J56: ='1월'!J59 -> 100 | K56: ='1월'!K59 -> 48181.818 | ... Q56: ='1월'!Q59 -> 45677
A57: . | B57: ='1월'!B60 -> S | D57: ='1월'!D60 -> 45665 | E57: ='1월'!E60 -> 로보츠 | G57: ='1월'!G60 -> MA | H57: ='1월'!H60 -> 기술지원 | I57: ='1월'!I60 -> 보안취약점 1차 기술지원 | J57: ='1월'!J60 -> 1 | K57: ='1월'!K60 -> 10000000 | L57: ='1월'!L60 -> 10000000 | M57: ='1월'!M60 -> 1000000 | N57: ='1월'!N60 -> 11000000 | ... Q57: ='1월'!Q60 -> 45657
A58: . | B58: ='1월'!B61 -> H241107 | D58: ='1월'!D61 -> 45665 | E58: ='1월'!E61 -> 알앤큐시스템 | F58: ='1월'!F61 -> 로스만스파이스트비브이 | G58: ='1월'!G61 -> MA | H58: ='1월'!H61 -> 기술지원 | I58: ='1월'!I61 -> Vulnerability Remediation 서울 (2025.01.01~2025.12.31) | J58: ='1월'!J61 -> 1 | K58: ='1월'!K61 -> 26000000 | ... Q58: ='1월'!Q61 -> 45590
A59: . | B59: ='1월'!B62 -> X | D59: ='1월'!D62 -> 45665 | E59: ='1월'!E62 -> 컴퓨존 | G59: ='1월'!G62 -> 상품 | H59: ='1월'!H62 -> 케이블 | I59: ='1월'!I62 -> 전원케이블 50EA | J59: ='1월'!J62 -> 1 | K59: ='1월'!K62 -> 90455 | L59: ='1월'!L62 -> 90455 | M59: ='1월'!M62 -> 9045 | N59: ='1월'!N62 -> 99500 | ... Q59: ='1월'!Q62 -> X
B60: ='1월'!B63 -> S | D60: ='1월'!D63 -> 45666 | E60: ='1월'!E63 -> 로보츠 | F60: ='1월'!F63 -> 와이케이케이코리아 서울 | G60: ='1월'!G63 -> 상품 | H60: ='1월'!H63 -> 노트북 | I60: ='1월'!I63 -> LG전자 노트북 15U50S-G.AP7TL | J60: ='1월'!J63 -> 1 | K60: ='1월'!K63 -> 1490000 | ... Q60: ='1월'!Q63 -> 45666
A61: . | B61: ='1월'!B64 -> SM-23012 | D61: ='1월'!D64 -> 45667 | E61: ='1월'!E64 -> 엘림넷 | F61: ='1월'!F64 -> 택스홈앤아웃 본사 | G61: ='1월'!G64 -> MA | H61: ='1월'!H64 -> 월간 | I61: ='1월'!I64 -> e-NETner 외 1건 | J61: ='1월'!J64 -> 1 | K61: ='1월'!K64 -> 155200 | ... Q61: ='1월'!Q64 -> 45658
A62: . | B62: ='1월'!B65 -> SM-23012 | D62: ='1월'!D65 -> 45667 | E62: ='1월'!E65 -> 엘림넷 | F62: ='1월'!F65 -> 택스홈앤아웃 본사 | G62: ='1월'!G65 -> MA | H62: ='1월'!H65 -> 월간 | I62: ='1월'!I65 -> 전용회선료 외 1건 | J62: ='1월'!J65 -> 1 | K62: ='1월'!K65 -> 213400 | ... Q62: ='1월'!Q65 -> 45658
A63: . | B63: ='1월'!B66 -> SM-23013 | D63: ='1월'!D66 -> 45667 | E63: ='1월'!E66 -> 엘림넷 | F63: ='1월'!F66 -> 하이엔드택스 강남지점(압구정) | G63: ='1월'!G66 -> MA | H63: ='1월'!H66 -> 월간 | I63: ='1월'!I66 -> e-NETner 외 1건 | J63: ='1월'!J66 -> 1 | K63: ='1월'!K66 -> 77600 | ... Q63: ='1월'!Q66 -> 45658
A64: . | B64: ='1월'!B67 -> SM-23013 | D64: ='1월'!D67 -> 45667 | E64: ='1월'!E67 -> 엘림넷 | F64: ='1월'!F67 -> 하이엔드택스 강남지점(압구정) | G64: ='1월'!G67 -> MA | H64: ='1월'!H67 -> 월간 | I64: ='1월'!I67 -> 전용회선료 외 1건 | J64: ='1월'!J67 -> 1 | K64: ='1월'!K67 -> 145500 | ... Q64: ='1월'!Q67 -> 45658
A65: . | B65: ='1월'!B68 -> H250110-01 | D65: ='1월'!D68 -> 45667 | E65: ='1월'!E68 -> 이비웨이브 | F65: ='1월'!F68 -> 티에스씨인포 | G65: ='1월'!G68 -> 상품 | H65: ='1월'!H68 -> 061XPF | I65: ='1월'!I68 -> DELL 146GB 15K 6G SFF SAS HDD | J65: ='1월'!J68 -> 2 | K65: ='1월'!K68 -> 80000 | ... Q65: ='1월'!Q68 -> 45681
A66: . | B66: ='1월'!B69 -> Y250113-01 | D66: ='1월'!D69 -> 45670 | E66: ='1월'!E69 -> 컴퓨존 | F66: ='1월'!F69 -> 라온피플 | G66: ='1월'!G69 -> 상품 | H66: ='1월'!H69 -> 키보드&마우스 | I66: ='1월'!I69 -> 로지텍 K120 NEW+ 마우스 M90 세트 외 케이블류 | J66: ='1월'!J69 -> 1 | K66: ='1월'!K69 -> 197545.45 | ... Q66: ='1월'!Q69 -> 45673
A67: . | B67: ='1월'!B70 -> H250113-01 | D67: ='1월'!D70 -> 45670 | E67: ='1월'!E70 -> 이비웨이브 | F67: ='1월'!F70 -> 티에스씨인포 | G67: ='1월'!G70 -> 상품 | H67: ='1월'!H70 -> 44X3212 | I67: ='1월'!I70 -> IBM V7000 Storage 600GB 10K 2.5inch HDD 44X3212/90Y7652 | J67: ='1월'!J70 -> 2 | K67: ='1월'!K70 -> 120000 | ... Q67: ='1월'!Q70 -> 45681
A68: . | B68: ='1월'!B71 -> S | D68: ='1월'!D71 -> 45671 | E68: ='1월'!E71 -> 로보츠 | F68: ='1월'!F71 -> 와이케이케이한국 평택 | G68: ='1월'!G71 -> 상품 | H68: ='1월'!H71 -> 노트북 | I68: ='1월'!I71 -> 엘지노트북 외 | J68: ='1월'!J71 -> 1 | K68: ='1월'!K71 -> 2227000 | ... Q68: ='1월'!Q71 -> 45702
A69: . | B69: ='1월'!B72 -> S | D69: ='1월'!D72 -> 45671 | E69: ='1월'!E72 -> 프로미스 | G69: ='1월'!G72 -> 상품 | H69: ='1월'!H72 -> 기술지원 | I69: ='1월'!I72 -> 보안취약 작업(DELL) #1 | J69: ='1월'!J72 -> 1 | K69: ='1월'!K72 -> 15000000 | L69: ='1월'!L72 -> 15000000 | M69: ='1월'!M72 -> 1500000 | N69: ='1월'!N72 -> 16500000 | ... Q69: ='1월'!Q72 -> X
A70: . | B70: ='1월'!B73 -> H250114-01 | D70: ='1월'!D73 -> 45671 | E70: ='1월'!E73 -> 위퍼스트 | F70: ='1월'!F73 -> 다솜테크 | G70: ='1월'!G73 -> 상품 | H70: ='1월'!H73 -> 4XG7A38077 | I70: ='1월'!I73 -> 4XG7A38077 SR650 Intel Xeon Gold 6246R 16C 205W 3.4GHz Processor w/o FAN | J70: ='1월'!J73 -> 1 | K70: ='1월'!K73 -> 1950000 | ... Q70: ='1월'!Q73 -> 45681
A71: . | B71: ='1월'!B74 -> Y250114-02 | D71: ='1월'!D74 -> 45671 | E71: ='1월'!E74 -> 컴퓨존 | F71: ='1월'!F74 -> 삼표피앤씨 | G71: ='1월'!G74 -> 상품 | H71: ='1월'!H74 -> HDD | I71: ='1월'!I74 -> 2TB 2.5" SATA SSD 외 | J71: ='1월'!J74 -> 1 | K71: ='1월'!K74 -> 149090.91 | ... Q71: ='1월'!Q74 -> 45679
A72: . | B72: ='1월'!B75 -> SM-20017 | D72: ='1월'!D75 -> 45672 | E72: ='1월'!E75 -> 에스엔에이 | F72: ='1월'!F75 -> 해안종합건축사사무소 | G72: ='1월'!G75 -> MA | H72: ='1월'!H75 -> 기술지원 | I72: ='1월'!I75 -> HP 1630 유지보수 1월 - 8/12회 | J72: ='1월'!J75 -> 1 | K72: ='1월'!K75 -> 200000 | ... Q72: ='1월'!Q75 -> 45658
A73: . | B73: ='1월'!B76 -> H250115-01 | D73: ='1월'!D76 -> 45672 | E73: ='1월'!E76 -> 이비웨이브 | F73: ='1월'!F76 -> 우리SIT | G73: ='1월'!G76 -> 상품 | H73: ='1월'!H76 -> AJ763A | I73: ='1월'!I76 -> HPE 82E 8Gb 2-port PCIe Fibre Channel Host Bus Adapter | J73: ='1월'!J76 -> 2 | K73: ='1월'!K76 -> 100000 | ... Q73: ='1월'!Q76 -> 45681
A74: . | B74: ='1월'!B77 -> H250117-01 | D74: ='1월'!D77 -> 45673 | E74: ='1월'!E77 -> 위퍼스트 | F74: ='1월'!F77 -> 매사 | G74: ='1월'!G77 -> 상품 | H74: ='1월'!H77 -> 54C33 | I74: ='1월'!I77 -> DELL Controller Battery FS8600(중고) | J74: ='1월'!J77 -> 1 | K74: ='1월'!K77 -> 550000 | ... Q74: ='1월'!Q77 -> 45678
A75: . | B75: ='1월'!B78 -> H250116-01 | D75: ='1월'!D78 -> 45673 | E75: ='1월'!E78 -> 이비웨이브 | F75: ='1월'!F78 -> 디에이치라이팅 | G75: ='1월'!G78 -> 상품 | H75: ='1월'!H78 -> 765873-001 | I75: ='1월'!I78 -> 2TB 7.2K 12G SAS 2.5inch Enterprise Hard Drive | J75: ='1월'!J78 -> 3 | K75: ='1월'!K78 -> 200000 | ... Q75: ='1월'!Q78 -> 45677
A76: . | B76: ='1월'!B79 -> H250117-03 | D76: ='1월'!D79 -> 45674 | E76: ='1월'!E79 -> 이비웨이브 | F76: ='1월'!F79 -> 에이캐피탈 | G76: ='1월'!G79 -> MA | H76: ='1월'!H79 -> 90Y8927 | I76: ='1월'!I79 -> IBM 146GB 15K SFF SAS G2HS HDD 7915 06AWPVD | J76: ='1월'!J79 -> 1 | K76: ='1월'!K79 -> 80000 | ... Q76: ='1월'!Q79 -> MA
A77: . | B77: ='1월'!B80 -> Y250117-01 | D77: ='1월'!D80 -> 45674 | E77: ='1월'!E80 -> 컴퓨존 | F77: ='1월'!F80 -> 에스엠티정보기술 | G77: ='1월'!G80 -> 상품 | H77: ='1월'!H80 -> OS | I77: ='1월'!I80 -> Windows Server 2022 Standard (DSP/16core/64bit/CAL미포함16 core) | J77: ='1월'!J80 -> 1 | K77: ='1월'!K80 -> 1096609 | ... Q77: ='1월'!Q80 -> 45715
A78: . | B78: ='1월'!B81 -> SM-23023 | D78: ='1월'!D81 -> 45677 | E78: ='1월'!E81 -> 이올테크 | F78: ='1월'!F81 -> 중앙유통단지관리운영회 | G78: ='1월'!G81 -> MA | H78: ='1월'!H81 -> 월간 | I78: ='1월'!I81 -> 1월 유지정비료 - 16/36회 | J78: ='1월'!J81 -> 1 | K78: ='1월'!K81 -> 370000 | ... Q78: ='1월'!Q81 -> 45677
B79: ='1월'!B82 -> Y250116-01 | D79: ='1월'!D82 -> 45677 | E79: ='1월'!E82 -> 위퍼스트 | F79: ='1월'!F82 -> 제트컨버터 | G79: ='1월'!G82 -> 상품 | H79: ='1월'!H82 -> 서버 | I79: ='1월'!I82 -> HPE DL360Gen10 | J79: ='1월'!J82 -> 1 | K79: ='1월'!K82 -> 4400000 | ... Q79: ='1월'!Q82 -> 45715
A80: . | B80: ='1월'!B83 -> D250121-01 | D80: ='1월'!D83 -> 45677 | E80: ='1월'!E83 -> 이비웨이브 | F80: ='1월'!F83 -> 고영테크놀러지 | G80: ='1월'!G83 -> 상품 | H80: ='1월'!H83 -> M393B2G70QH0-CK0 | I80: ='1월'!I83 -> 16GB PC3-12800R(2Rx4) Memory Dimm | J80: ='1월'!J83 -> 6 | K80: ='1월'!K83 -> 40000 | ... Q80: ='1월'!Q83 -> 45701
A81: . | B81: ='1월'!B84 -> X | D81: ='1월'!D84 -> 45678 | E81: ='1월'!E84 -> 아이엠캐피탈 | G81: ='1월'!G84 -> 일반경비 | H81: ='1월'!H84 -> 차량유지비 | I81: ='1월'!I84 -> 법인차량(262무2108) 리스료898,500 선납렌탈료 551,270 -32/37회차 | J81: ='1월'!J84 -> 1 | K81: ='1월'!K84 -> 1449770 | L81: ='1월'!L84 -> 1695350 | M81: ='1월'!M84 -> X | N81: ='1월'!N84 -> 1695350 | ... R81: ='1월'!R84 -> 비과세
A82: . | B82: ='1월'!B85 -> X | E82: ='1월'!E85 -> 아이엠캐피탈 | G82: ='1월'!G85 -> 일반경비 | H82: ='1월'!H85 -> 차량유지비 | I82: ='1월'!I85 -> 법인차량(262무2108) 자동차세 | J82: ='1월'!J85 -> 1 | K82: ='1월'!K85 -> 245580
A83: . | B83: ='1월'!B87 -> D250121-02 | D83: ='1월'!D87 -> 45679 | E83: ='1월'!E87 -> 컴퓨존 | F83: ='1월'!F87 -> 고영테크놀러지 | G83: ='1월'!G87 -> 상품 | H83: ='1월'!H87 -> 조립PC | I83: ='1월'!I87 -> 조립PC | J83: ='1월'!J87 -> 1 | K83: ='1월'!K87 -> 6212655 | ... Q83: ='1월'!Q87 -> 45701
A84: . | B84: ='1월'!B88 -> D250121-01 | D84: ='1월'!D88 -> 45679 | E84: ='1월'!E88 -> 위퍼스트 | F84: ='1월'!F88 -> 고영테크놀러지 | G84: ='1월'!G88 -> 상품 | H84: ='1월'!H88 -> CPU | I84: ='1월'!I88 -> E5-2470V2 10C 2.4GHz | J84: ='1월'!J88 -> 1 | K84: ='1월'!K88 -> 90000 | ... Q84: ='1월'!Q88 -> 45701
A85: . | B85: ='1월'!B89 -> SM-23031 | D85: ='1월'!D89 -> 45679 | E85: ='1월'!E89 -> 신세계아이앤씨 | F85: ='1월'!F89 -> 온피아 | G85: ='1월'!G89 -> MA | H85: ='1월'!H89 -> 월간 | I85: ='1월'!I89 -> 삼표 DB접근제어 유지보수 1월 - 6/12회 | J85: ='1월'!J89 -> 1 | K85: ='1월'!K89 -> 600000 | ... Q85: ='1월'!Q89 -> 45681
A86: . | B86: ='1월'!B90 -> SM-24025 | D86: ='1월'!D90 -> 45680 | E86: ='1월'!E90 -> 제이에스정보시스템 | F86: ='1월'!F90 -> 소프트아이텍(건국대병원) | G86: ='1월'!G90 -> MA | H86: ='1월'!H90 -> 월간 | I86: ='1월'!I90 -> 2024년 NCSC 사이버센터 고도화 사업 1월 유지정비료-3/5회 | J86: ='1월'!J90 -> 1 | K86: ='1월'!K90 -> 500000 | ... R86: ='1월'!R90 -> 매출연간
B87: ='1월'!B91 -> H250123-01 | D87: ='1월'!D91 -> 45680 | E87: ='1월'!E91 -> 이비웨이브 | F87: ='1월'!F91 -> 티에스씨인포 | G87: ='1월'!G91 -> 상품 | H87: ='1월'!H91 -> 85Y6185 | I87: ='1월'!I91 -> 300GB 15K 6G SAS 2.5inch Hard Drive | J87: ='1월'!J91 -> 3 | K87: ='1월'!K91 -> 80000 | ... Q87: ='1월'!Q91 -> 45715
A88: . | B88: ='1월'!B86 -> H250118-01 | D88: ='1월'!D86 -> 45678 | E88: ='1월'!E86 -> 에스엔에이 | F88: ='1월'!F86 -> 넷매니아 | G88: ='1월'!G86 -> 상품 | H88: ='1월'!H86 -> POWER | I88: ='1월'!I86 -> POWER SUPPLY for DELL ME4024 | J88: ='1월'!J86 -> 1 | K88: ='1월'!K86 -> 800000 | ... Q88: ='1월'!Q86 -> 45675
A89: . | B89: ='1월'!B92 -> IK-24001 | D89: ='1월'!D92 -> 45681 | E89: ='1월'!E92 -> 알앤큐시스템 | F89: ='1월'!F92 -> 로스만스/브리티쉬 | G89: ='1월'!G92 -> MA | H89: ='1월'!H92 -> 월간 | I89: ='1월'!I92 -> BAT 통합 유지보수 1월분 - 1/12회 | J89: ='1월'!J92 -> 1 | K89: ='1월'!K92 -> 4950000 | ... Q89: ='1월'!Q92 -> 45681
A90: . | B90: ='1월'!B93 -> X | D90: ='1월'!D93 -> 45681 | E90: ='1월'!E93 -> 청소의신 | G90: ='1월'!G93 -> 일반경비 | H90: ='1월'!H93 -> 지급수수료 | I90: ='1월'!I93 -> 1월 청소비 | J90: ='1월'!J93 -> 1 | K90: ='1월'!K93 -> 160000 | L90: ='1월'!L93 -> 160000 | M90: ='1월'!M93 -> 16000 | N90: ='1월'!N93 -> 176000 | ... Q90: ='1월'!Q93 -> X
A91: . | B91: ='1월'!B94 -> X | D91: ='1월'!D94 -> 45681 | E91: ='1월'!E94 -> 비와이씨하이시티입주사대표회 | G91: ='1월'!G94 -> 일반경비 | H91: ='1월'!H94 -> 여비교통비 | I91: ='1월'!I94 -> 대표님,천범석,엔지니어팀 2월 주차비 | J91: ='1월'!J94 -> 1 | K91: ='1월'!K94 -> 272727 | L91: ='1월'!L94 -> 272727 | M91: ='1월'!M94 -> 27273 | N91: ='1월'!N94 -> 300000 | ... R91: ='1월'!R94 -> 부가세불공
A92: . | B92: ='1월'!B95 -> SB-25014 | D92: ='1월'!D95 -> 45681 | E92: ='1월'!E95 -> 다솜테크 | F92: ='1월'!F95 -> 와이젠정보기술 | G92: ='1월'!G95 -> MA | H92: ='1월'!H95 -> 월간 | I92: ='1월'!I95 -> 안국약품 1월 기술지원료 - 1회 | J92: ='1월'!J95 -> 1 | K92: ='1월'!K95 -> 250000 | ... Q92: ='1월'!Q95 -> 45716
A93: . | B93: ='1월'!B96 -> X | D93: ='1월'!D96 -> 45681 | E93: ='1월'!E96 -> 삼표산업 | G93: ='1월'!G96 -> 상품 | I93: ='1월'!I96 -> 매각장비건 | J93: ='1월'!J96 -> 1 | K93: ='1월'!K96 -> 3790000 | L93: ='1월'!L96 -> 3790000 | M93: ='1월'!M96 -> 379000 | N93: ='1월'!N96 -> 4169000 | O93: ='1월'!O96 -> 완료(2/28) | P93: ='1월'!P96 -> 이예지 | Q93: ='1월'!Q96 -> X
A94: . | B94: ='1월'!B97 -> SM-24007 | D94: ='1월'!D97 -> 45681 | E94: ='1월'!E97 -> 다원씨앤에스 | F94: ='1월'!F97 -> 연세의료원 | G94: ='1월'!G97 -> MA | H94: ='1월'!H97 -> 월간 | I94: ='1월'!I97 -> 1월분 SIOS Lifekeeper 유지보수료 - 12/12회 | J94: ='1월'!J97 -> 1 | K94: ='1월'!K97 -> 200000 | ... Q94: ='1월'!Q97 -> 45677
A95: . | B95: ='1월'!B98 -> X | D95: ='1월'!D98 -> 45682 | E95: ='1월'!E98 -> 케이카 | G95: ='1월'!G98 -> 일반경비 | H95: ='1월'!H98 -> 차량유지비 | I95: ='1월'!I98 -> 1월 차량렌트(xm3 4429)-25/37회 | J95: ='1월'!J98 -> 1 | K95: ='1월'!K98 -> 337272.73 | L95: ='1월'!L98 -> 437273 | M95: ='1월'!M98 -> 43727 | N95: ='1월'!N98 -> 481000 | ... R95: ='1월'!R98 -> 부가세불공
A96: . | B96: ='1월'!B99 -> X | E96: ='1월'!E99 -> 케이카 | G96: ='1월'!G99 -> 일반경비 | H96: ='1월'!H99 -> 차량유지비 | I96: ='1월'!I99 -> 1월 선급금(xm3 4429)-25/37회 | J96: ='1월'!J99 -> 1 | K96: ='1월'!K99 -> 100000 | O96: ='1월'!O99 -> 선납(22/12/29) | P96: ='1월'!P99 -> 정지우 | Q96: ='1월'!Q99 -> X
A97: . | B97: ='1월'!B100 -> X | D97: ='1월'!D100 -> 45682 | E97: ='1월'!E100 -> 롯데렌탈 | G97: ='1월'!G100 -> 일반경비 | H97: ='1월'!H100 -> 차량유지비 | I97: ='1월'!I100 -> 1월 차량렌트(그랜저 8552)-34/49회 | J97: ='1월'!J100 -> 1 | K97: ='1월'!K100 -> 342614 | L97: ='1월'!L100 -> 342614 | M97: ='1월'!M100 -> 34261 | N97: ='1월'!N100 -> 376875 | ... R97: ='1월'!R100 -> 부가세불공
A98: . | B98: ='1월'!B101 -> X | D98: ='1월'!D101 -> 45682 | E98: ='1월'!E101 -> 롯데렌탈 | G98: ='1월'!G101 -> 일반경비 | H98: ='1월'!H101 -> 차량유지비 | I98: ='1월'!I101 -> 1월 선급금(그랜저 8552)-34/49회 | J98: ='1월'!J101 -> 1 | K98: ='1월'!K101 -> 234659 | L98: ='1월'!L101 -> 234659 | M98: ='1월'!M101 -> 23466 | N98: ='1월'!N101 -> 258125 | ... R98: ='1월'!R101 -> 부가세불공
A99: . | B99: ='1월'!B102 -> X | D99: ='1월'!D102 -> 45682 | E99: ='1월'!E102 -> 롯데렌탈 | G99: ='1월'!G102 -> 일반경비 | H99: ='1월'!H102 -> 차량유지비 | I99: ='1월'!I102 -> 1월 차량렌트(G80 3061)-34/49회 | J99: ='1월'!J102 -> 1 | K99: ='1월'!K102 -> 488069 | L99: ='1월'!L102 -> 488069 | M99: ='1월'!M102 -> 48806 | N99: ='1월'!N102 -> 536875 | ... R99: ='1월'!R102 -> 부가세불공
A100: . | B100: ='1월'!B103 -> X | D100: ='1월'!D103 -> 45682 | E100: ='1월'!E103 -> 롯데렌탈 | G100: ='1월'!G103 -> 일반경비 | H100: ='1월'!H103 -> 차량유지비 | I100: ='1월'!I103 -> 1월 선급금(G80 3061)-34/49회 | J100: ='1월'!J103 -> 1 | K100: ='1월'!K103 -> 307386 | L100: ='1월'!L103 -> 307386 | M100: ='1월'!M103 -> 30739 | N100: ='1월'!N103 -> 338125 | ... R100: ='1월'!R103 -> 부가세불공
A101: . | B101: ='1월'!B104 -> SM-25010 | D101: ='1월'!D104 -> 45684 | E101: ='1월'!E104 -> 한국아이씨에스 | F101: ='1월'!F104 -> 유니포인트 | G101: ='1월'!G104 -> MA | H101: ='1월'!H104 -> 연간-IBM | I101: ='1월'!I104 -> 한미약품 연간유지정비료 | J101: ='1월'!J104 -> 1 | K101: ='1월'!K104 -> 7859914 | ... R101: ='1월'!R104 -> 매출월간
A102: . | B102: ='1월'!B105 -> X | D102: ='1월'!D105 -> 45688 | E102: ='1월'!E105 -> 비와이씨하이시티입주사대표회 | G102: ='1월'!G105 -> 일반경비 | H102: ='1월'!H105 -> 건물관리 | I102: ='1월'!I105 -> B동 1201호 1월 관리비 -과세분 | J102: ='1월'!J105 -> 1 | K102: ='1월'!K105 -> 572701 | L102: ='1월'!L105 -> 572701 | M102: ='1월'!M105 -> 57270 | N102: ='1월'!N105 -> 629971 | ... Q102: ='1월'!Q105 -> X
A103: . | B103: ='1월'!B106 -> X | D103: ='1월'!D106 -> 45688 | E103: ='1월'!E106 -> 비와이씨하이시티입주사대표회 | G103: ='1월'!G106 -> 일반경비 | H103: ='1월'!H106 -> 건물관리 | I103: ='1월'!I106 -> B동 1201호 12월 관리비 -면세분 | J103: ='1월'!J106 -> 1 | K103: ='1월'!K106 -> 79417 | L103: ='1월'!L106 -> 79417 | M103: ='1월'!M106 -> X | N103: ='1월'!N106 -> 79417 | ... R103: ='1월'!R106 -> 비과세
A104: . | B104: ='1월'!B107 -> X | D104: ='1월'!D107 -> 45688 | E104: ='1월'!E107 -> 아이디플라워 | G104: ='1월'!G107 -> 일반경비 | H104: ='1월'!H107 -> 접대비 | I104: ='1월'!I107 -> 거래처 경조 화환 - 1건 | J104: ='1월'!J107 -> 1 | K104: ='1월'!K107 -> 80000 | L104: ='1월'!L107 -> 80000 | M104: ='1월'!M107 -> X | N104: ='1월'!N107 -> 80000 | ... R104: ='1월'!R107 -> 비과세
A105: . | B105: ='1월'!B108 -> X | D105: ='1월'!D108 -> 45688 | E105: ='1월'!E108 -> 시우운수 | G105: ='1월'!G108 -> 상품 | H105: ='1월'!H108 -> 운반비 | I105: ='1월'!I108 -> 로젠택배 1월 택배비 | J105: ='1월'!J108 -> 1 | K105: ='1월'!K108 -> 5455 | L105: ='1월'!L108 -> 5455 | M105: ='1월'!M108 -> 545 | N105: ='1월'!N108 -> 6000 | ... Q105: ='1월'!Q108 -> X
A106: . | B106: ='1월'!B109 -> X | D106: ='1월'!D109 -> 45683 | E106: ='1월'!E109 -> 더좋은샘물 | G106: ='1월'!G109 -> 일반경비 | H106: ='1월'!H109 -> 복리후생비 | I106: ='1월'!I109 -> 생수 | J106: ='1월'!J109 -> 3 | K106: ='1월'!K109 -> 6000 | L106: ='1월'!L109 -> 18000 | M106: ='1월'!M109 -> 1800 | N106: ='1월'!N109 -> 19800 | ... Q106: ='1월'!Q109 -> X
A107: . | B107: ='1월'!B110 -> SM-24003 | D107: ='1월'!D110 -> 45688 | E107: ='1월'!E110 -> 현성솔루션 | F107: ='1월'!F110 -> 삼표산업 | G107: ='1월'!G110 -> MA | H107: ='1월'!H110 -> 월간 | I107: ='1월'!I110 -> 파이오링크 L4 1월 유지정비료 - 1/12회 | J107: ='1월'!J110 -> 1 | K107: ='1월'!K110 -> 100000 | ... Q107: ='1월'!Q110 -> 45681
A108: . | B108: ='1월'!B111 -> SM-23025 | D108: ='1월'!D111 -> 45688 | E108: ='1월'!E111 -> 현성솔루션 | F108: ='1월'!F111 -> 한국교과서협회 | G108: ='1월'!G111 -> MA | H108: ='1월'!H111 -> 월간 | I108: ='1월'!I111 -> 메일호스팅 1월 - 6/12회 | J108: ='1월'!J111 -> 1 | K108: ='1월'!K111 -> 595000 | ... Q108: ='1월'!Q111 -> 45681
...

Sheet 분류
A2: [월별매입] | B2: 공급가액 | C2: 부가세 | D2: 합계 | E2: 건수
A3: 1월 | B3: ='1월'!L207 -> 2.4799697e+08 | C3: ='1월'!M207 -> 24614207 | D3: ='1월'!N207 -> 2.7261117e+08 | E3: ='1월'!D208 -> 197
A4: 2월 | B4: ='2월'!L230 -> 258840954 | C4: ='2월'!M230 -> 25695538 | D4: ='2월'!N230 -> 2.8453649e+08 | E4: ='2월'!D231 -> 212
A5: 3월 | B5: ='3월'!L210 -> 3.6678925e+08 | C5: ='3월'!M210 -> 36493122 | D5: ='3월'!N210 -> 4.0328237e+08 | E5: ='3월'!D211 -> 194
A6: 4월 | B6: ='4월'!L212 -> 2.641991e+08 | C6: ='4월'!M212 -> 26235927 | D6: ='4월'!N212 -> 2.9043502e+08 | E6: ='4월'!D213 -> 192
A7: 5월 | B7: ='5월'!L213 -> 198025977 | C7: ='5월'!M213 -> 19776997 | D7: ='5월'!N213 -> 2.1780297e+08 | E7: ='5월'!D214 -> 192
A8: 6월 | B8: ='6월'!L215 -> 2.438904e+08 | C8: ='6월'!M215 -> 24372496 | D8: ='6월'!N215 -> 2.682629e+08 | E8: ='6월'!D216 -> 188
A9: 7월
A10: 8월
A11: 9월
A12: 10월
A13: 11월
A14: 12월
A15: 계산서합 | B15: =SUM(B3:B14) -> 1.5797426e+09 | C15: =SUM(C3:C14) -> 1.5718829e+08 | D15: =SUM(D3:D14) -> 1.7369309e+09 | E15: =SUM(E3:E14) -> 1175
A16: 카드/현금 | B16: ='현금,법인카드'!L50 -> 5387063.8 | C16: ='현금,법인카드'!M50 -> 538706.68 | D16: ='현금,법인카드'!N50 -> 5925770.5 | E16: ='현금,법인카드'!D50 -> 15
A17: 수입 | B17: =수입!I11 -> 0 | C17: 0 | D17: =수입!I11 -> 0 | E17: =수입!B11 -> 0
A18: 연간매입 | B18: =SUM(B15,B16,B17) -> 1.5851297e+09 | C18: =SUM(C15,C16,C17) -> 1.5772699e+08 | D18: =SUM(D15,D16,D17) -> 1.7428567e+09 | E18: =SUM(E15,E16,E17) -> 1190
A21: Rank | B21: [업체별 매입] | C21: 합계 | D21: 상품 | E21: MA | F21: MAPAC | G21: WSU | H21: 장비임대 | I21: 일반경비 | J21: 수입부가세 | K21: 건물매매 | L21: 건물관리 | N21: 오류체크 | O21: 오류차
C22: =SUM(C23:C117) -> 1.5851297e+09 | D22: =SUM(D23:D117) -> 3.5458721e+08 | E22: =SUM(E23:E117) -> 9.2926106e+08 | F22: =SUM(F23:F117) -> 119391693 | G22: =SUM(G23:G117) -> 36546921 | H22: =SUM(H23:H117) -> 930000 | I22: =SUM(I23:I117) -> 144412828 | J22: =SUM(J23:J117) -> 0 | ... L22: =SUM(L23:L117) -> 0 | N22: =IF(B18=C22,"OK","F") -> OK | O22: =B18-C22 -> 0
A23: =RANK(C23,$C$23:$C$115,0) -> 65 | B23: 가양역더리브아너비즈타워 | C23: =SUM(D23:L23) -> 0 | D23: =SUMIFS(Master!$L$2:$L$1254,Master!$G$2:$G$1254,분류!D$21,Master!$E$2:$E$1254,분류!$B23) -> 0 | E23: =SUMIFS(Master!$L$2:$L$1254,Master!$G$2:$G$1254,분류!E$21,Master!$E$2:$E$1254,분류!$B23) -> 0 | F23: =SUMIFS(Master!$L$2:$L$1254,Master!$G$2:$G$1254,분류!F$21,Master!$E$2:$E$1254,분류!$B23) -> 0 | G23: =SUMIFS(Master!$L$2:$L$1254,Master!$G$2:$G$1254,분류!G$21,Master!$E$2:$E$1254,분류!$B23) -> 0 | H23: =SUMIFS(Master!$L$2:$L$1254,Master!$G$2:$G$1254,분류!H$21,Master!$E$2:$E$1254,분류!$B23) -> 0 | I23: =SUMIFS(Master!$L$2:$L$1254,Master!$G$2:$G$1254,분류!I$21,Master!$E$2:$E$1254,분류!$B23) -> 0 | J23: =SUMIFS(Master!$L$2:$L$1254,Master!$G$2:$G$1254,분류!J$21,Master!$E$2:$E$1254,분류!$B23) -> 0 | K23: =SUMIFS(Master!$L$2:$L$1254,Master!$G$2:$G$1254,분류!K$21,Master!$E$2:$E$1254,분류!$B23) -> 0 | L23: =SUMIFS(Master!$L$2:$L$1254,Master!$G$2:$G$1254,분류!L$21,Master!$E$2:$E$1254,분류!$B23) -> 0
A24: =RANK(C24,$C$23:$C$115,0) -> 57 | B24: 광명역자이타워관리단 | C24: =SUM(D24:L24) -> 260610 | D24: =SUMIFS(Master!$L$2:$L$1254,Master!$G$2:$G$1254,분류!D$21,Master!$E$2:$E$1254,분류!$B24) -> 0 | E24: =SUMIFS(Master!$L$2:$L$1254,Master!$G$2:$G$1254,분류!E$21,Master!$E$2:$E$1254,분류!$B24) -> 0 | F24: =SUMIFS(Master!$L$2:$L$1254,Master!$G$2:$G$1254,분류!F$21,Master!$E$2:$E$1254,분류!$B24) -> 0 | G24: =SUMIFS(Master!$L$2:$L$1254,Master!$G$2:$G$1254,분류!G$21,Master!$E$2:$E$1254,분류!$B24) -> 0 | H24: =SUMIFS(Master!$L$2:$L$1254,Master!$G$2:$G$1254,분류!H$21,Master!$E$2:$E$1254,분류!$B24) -> 0 | I24: =SUMIFS(Master!$L$2:$L$1254,Master!$G$2:$G$1254,분류!I$21,Master!$E$2:$E$1254,분류!$B24) -> 260610 | J24: =SUMIFS(Master!$L$2:$L$1254,Master!$G$2:$G$1254,분류!J$21,Master!$E$2:$E$1254,분류!$B24) -> 0 | K24: =SUMIFS(Master!$L$2:$L$1254,Master!$G$2:$G$1254,분류!K$21,Master!$E$2:$E$1254,분류!$B24) -> 0 | L24: =SUMIFS(Master!$L$2:$L$1254,Master!$G$2:$G$1254,분류!L$21,Master!$E$2:$E$1254,분류!$B24) -> 0
A25: =RANK(C25,$C$23:$C$115,0) -> 58 | B25: 금오이노베이션 | C25: =SUM(D25:L25) -> 240000 | D25: =SUMIFS(Master!$L$2:$L$1254,Master!$G$2:$G$1254,분류!D$21,Master!$E$2:$E$1254,분류!$B25) -> 0 | E25: =SUMIFS(Master!$L$2:$L$1254,Master!$G$2:$G$1254,분류!E$21,Master!$E$2:$E$1254,분류!$B25) -> 0 | F25: =SUMIFS(Master!$L$2:$L$1254,Master!$G$2:$G$1254,분류!F$21,Master!$E$2:$E$1254,분류!$B25) -> 0 | G25: =SUMIFS(Master!$L$2:$L$1254,Master!$G$2:$G$1254,분류!G$21,Master!$E$2:$E$1254,분류!$B25) -> 0 | H25: =SUMIFS(Master!$L$2:$L$1254,Master!$G$2:$G$1254,분류!H$21,Master!$E$2:$E$1254,분류!$B25) -> 0 | I25: =SUMIFS(Master!$L$2:$L$1254,Master!$G$2:$G$1254,분류!I$21,Master!$E$2:$E$1254,분류!$B25) -> 240000 | J25: =SUMIFS(Master!$L$2:$L$1254,Master!$G$2:$G$1254,분류!J$21,Master!$E$2:$E$1254,분류!$B25) -> 0 | K25: =SUMIFS(Master!$L$2:$L$1254,Master!$G$2:$G$1254,분류!K$21,Master!$E$2:$E$1254,분류!$B25) -> 0 | L25: =SUMIFS(Master!$L$2:$L$1254,Master!$G$2:$G$1254,분류!L$21,Master!$E$2:$E$1254,분류!$B25) -> 0
A26: =RANK(C26,$C$23:$C$115,0) -> 65 | B26: 네오프랜드 | C26: =SUM(D26:L26) -> 0 | D26: =SUMIFS(Master!$L$2:$L$1254,Master!$G$2:$G$1254,분류!D$21,Master!$E$2:$E$1254,분류!$B26) -> 0 | E26: =SUMIFS(Master!$L$2:$L$1254,Master!$G$2:$G$1254,분류!E$21,Master!$E$2:$E$1254,분류!$B26) -> 0 | F26: =SUMIFS(Master!$L$2:$L$1254,Master!$G$2:$G$1254,분류!F$21,Master!$E$2:$E$1254,분류!$B26) -> 0 | G26: =SUMIFS(Master!$L$2:$L$1254,Master!$G$2:$G$1254,분류!G$21,Master!$E$2:$E$1254,분류!$B26) -> 0 | H26: =SUMIFS(Master!$L$2:$L$1254,Master!$G$2:$G$1254,분류!H$21,Master!$E$2:$E$1254,분류!$B26) -> 0 | I26: =SUMIFS(Master!$L$2:$L$1254,Master!$G$2:$G$1254,분류!I$21,Master!$E$2:$E$1254,분류!$B26) -> 0 | J26: =SUMIFS(Master!$L$2:$L$1254,Master!$G$2:$G$1254,분류!J$21,Master!$E$2:$E$1254,분류!$B26) -> 0 | K26: =SUMIFS(Master!$L$2:$L$1254,Master!$G$2:$G$1254,분류!K$21,Master!$E$2:$E$1254,분류!$B26) -> 0 | L26: =SUMIFS(Master!$L$2:$L$1254,Master!$G$2:$G$1254,분류!L$21,Master!$E$2:$E$1254,분류!$B26) -> 0
A27: =RANK(C27,$C$23:$C$115,0) -> 8 | B27: 다솜테크 | C27: =SUM(D27:L27) -> 40065000 | D27: =SUMIFS(Master!$L$2:$L$1254,Master!$G$2:$G$1254,분류!D$21,Master!$E$2:$E$1254,분류!$B27) -> 36675000 | E27: =SUMIFS(Master!$L$2:$L$1254,Master!$G$2:$G$1254,분류!E$21,Master!$E$2:$E$1254,분류!$B27) -> 3390000 | F27: =SUMIFS(Master!$L$2:$L$1254,Master!$G$2:$G$1254,분류!F$21,Master!$E$2:$E$1254,분류!$B27) -> 0 | G27: =SUMIFS(Master!$L$2:$L$1254,Master!$G$2:$G$1254,분류!G$21,Master!$E$2:$E$1254,분류!$B27) -> 0 | H27: =SUMIFS(Master!$L$2:$L$1254,Master!$G$2:$G$1254,분류!H$21,Master!$E$2:$E$1254,분류!$B27) -> 0 | I27: =SUMIFS(Master!$L$2:$L$1254,Master!$G$2:$G$1254,분류!I$21,Master!$E$2:$E$1254,분류!$B27) -> 0 | J27: =SUMIFS(Master!$L$2:$L$1254,Master!$G$2:$G$1254,분류!J$21,Master!$E$2:$E$1254,분류!$B27) -> 0 | K27: =SUMIFS(Master!$L$2:$L$1254,Master!$G$2:$G$1254,분류!K$21,Master!$E$2:$E$1254,분류!$B27) -> 0 | L27: =SUMIFS(Master!$L$2:$L$1254,Master!$G$2:$G$1254,분류!L$21,Master!$E$2:$E$1254,분류!$B27) -> 0
A28: =RANK(C28,$C$23:$C$115,0) -> 43 | B28: 다원씨앤에스 | C28: =SUM(D28:L28) -> 1200000 | D28: =SUMIFS(Master!$L$2:$L$1254,Master!$G$2:$G$1254,분류!D$21,Master!$E$2:$E$1254,분류!$B28) -> 0 | E28: =SUMIFS(Master!$L$2:$L$1254,Master!$G$2:$G$1254,분류!E$21,Master!$E$2:$E$1254,분류!$B28) -> 1200000 | F28: =SUMIFS(Master!$L$2:$L$1254,Master!$G$2:$G$1254,분류!F$21,Master!$E$2:$E$1254,분류!$B28) -> 0 | G28: =SUMIFS(Master!$L$2:$L$1254,Master!$G$2:$G$1254,분류!G$21,Master!$E$2:$E$1254,분류!$B28) -> 0 | H28: =SUMIFS(Master!$L$2:$L$1254,Master!$G$2:$G$1254,분류!H$21,Master!$E$2:$E$1254,분류!$B28) -> 0 | I28: =SUMIFS(Master!$L$2:$L$1254,Master!$G$2:$G$1254,분류!I$21,Master!$E$2:$E$1254,분류!$B28) -> 0 | J28: =SUMIFS(Master!$L$2:$L$1254,Master!$G$2:$G$1254,분류!J$21,Master!$E$2:$E$1254,분류!$B28) -> 0 | K28: =SUMIFS(Master!$L$2:$L$1254,Master!$G$2:$G$1254,분류!K$21,Master!$E$2:$E$1254,분류!$B28) -> 0 | L28: =SUMIFS(Master!$L$2:$L$1254,Master!$G$2:$G$1254,분류!L$21,Master!$E$2:$E$1254,분류!$B28) -> 0
A29: =RANK(C29,$C$23:$C$115,0) -> 65 | B29: 단군소프트 | C29: =SUM(D29:L29) -> 0 | D29: =SUMIFS(Master!$L$2:$L$1254,Master!$G$2:$G$1254,분류!D$21,Master!$E$2:$E$1254,분류!$B29) -> 0 | E29: =SUMIFS(Master!$L$2:$L$1254,Master!$G$2:$G$1254,분류!E$21,Master!$E$2:$E$1254,분류!$B29) -> 0 | F29: =SUMIFS(Master!$L$2:$L$1254,Master!$G$2:$G$1254,분류!F$21,Master!$E$2:$E$1254,분류!$B29) -> 0 | G29: =SUMIFS(Master!$L$2:$L$1254,Master!$G$2:$G$1254,분류!G$21,Master!$E$2:$E$1254,분류!$B29) -> 0 | H29: =SUMIFS(Master!$L$2:$L$1254,Master!$G$2:$G$1254,분류!H$21,Master!$E$2:$E$1254,분류!$B29) -> 0 | I29: =SUMIFS(Master!$L$2:$L$1254,Master!$G$2:$G$1254,분류!I$21,Master!$E$2:$E$1254,분류!$B29) -> 0 | J29: =SUMIFS(Master!$L$2:$L$1254,Master!$G$2:$G$1254,분류!J$21,Master!$E$2:$E$1254,분류!$B29) -> 0 | K29: =SUMIFS(Master!$L$2:$L$1254,Master!$G$2:$G$1254,분류!K$21,Master!$E$2:$E$1254,분류!$B29) -> 0 | L29: =SUMIFS(Master!$L$2:$L$1254,Master!$G$2:$G$1254,분류!L$21,Master!$E$2:$E$1254,분류!$B29) -> 0
A30: =RANK(C30,$C$23:$C$115,0) -> 60 | B30: 더좋은샘물 | C30: =SUM(D30:L30) -> 120000 | D30: =SUMIFS(Master!$L$2:$L$1254,Master!$G$2:$G$1254,분류!D$21,Master!$E$2:$E$1254,분류!$B30) -> 0 | E30: =SUMIFS(Master!$L$2:$L$1254,Master!$G$2:$G$1254,분류!E$21,Master!$E$2:$E$1254,분류!$B30) -> 0 | F30: =SUMIFS(Master!$L$2:$L$1254,Master!$G$2:$G$1254,분류!F$21,Master!$E$2:$E$1254,분류!$B30) -> 0 | G30: =SUMIFS(Master!$L$2:$L$1254,Master!$G$2:$G$1254,분류!G$21,Master!$E$2:$E$1254,분류!$B30) -> 0 | H30: =SUMIFS(Master!$L$2:$L$1254,Master!$G$2:$G$1254,분류!H$21,Master!$E$2:$E$1254,분류!$B30) -> 0 | I30: =SUMIFS(Master!$L$2:$L$1254,Master!$G$2:$G$1254,분류!I$21,Master!$E$2:$E$1254,분류!$B30) -> 120000 | J30: =SUMIFS(Master!$L$2:$L$1254,Master!$G$2:$G$1254,분류!J$21,Master!$E$2:$E$1254,분류!$B30) -> 0 | K30: =SUMIFS(Master!$L$2:$L$1254,Master!$G$2:$G$1254,분류!K$21,Master!$E$2:$E$1254,분류!$B30) -> 0 | L30: =SUMIFS(Master!$L$2:$L$1254,Master!$G$2:$G$1254,분류!L$21,Master!$E$2:$E$1254,분류!$B30) -> 0
A31: =RANK(C31,$C$23:$C$115,0) -> 22 | B31: 더파트 | C31: =SUM(D31:L31) -> 4860000 | D31: =SUMIFS(Master!$L$2:$L$1254,Master!$G$2:$G$1254,분류!D$21,Master!$E$2:$E$1254,분류!$B31) -> 0 | E31: =SUMIFS(Master!$L$2:$L$1254,Master!$G$2:$G$1254,분류!E$21,Master!$E$2:$E$1254,분류!$B31) -> 4860000 | F31: =SUMIFS(Master!$L$2:$L$1254,Master!$G$2:$G$1254,분류!F$21,Master!$E$2:$E$1254,분류!$B31) -> 0 | G31: =SUMIFS(Master!$L$2:$L$1254,Master!$G$2:$G$1254,분류!G$21,Master!$E$2:$E$1254,분류!$B31) -> 0 | H31: =SUMIFS(Master!$L$2:$L$1254,Master!$G$2:$G$1254,분류!H$21,Master!$E$2:$E$1254,분류!$B31) -> 0 | I31: =SUMIFS(Master!$L$2:$L$1254,Master!$G$2:$G$1254,분류!I$21,Master!$E$2:$E$1254,분류!$B31) -> 0 | J31: =SUMIFS(Master!$L$2:$L$1254,Master!$G$2:$G$1254,분류!J$21,Master!$E$2:$E$1254,분류!$B31) -> 0 | K31: =SUMIFS(Master!$L$2:$L$1254,Master!$G$2:$G$1254,분류!K$21,Master!$E$2:$E$1254,분류!$B31) -> 0 | L31: =SUMIFS(Master!$L$2:$L$1254,Master!$G$2:$G$1254,분류!L$21,Master!$E$2:$E$1254,분류!$B31) -> 0
A32: =RANK(C32,$C$23:$C$115,0) -> 17 | B32: 디씨에스에스테크놀러지코리아 | C32: =SUM(D32:L32) -> 9020080 | D32: =SUMIFS(Master!$L$2:$L$1254,Master!$G$2:$G$1254,분류!D$21,Master!$E$2:$E$1254,분류!$B32) -> 200000 | E32: =SUMIFS(Master!$L$2:$L$1254,Master!$G$2:$G$1254,분류!E$21,Master!$E$2:$E$1254,분류!$B32) -> 8820080 | F32: =SUMIFS(Master!$L$2:$L$1254,Master!$G$2:$G$1254,분류!F$21,Master!$E$2:$E$1254,분류!$B32) -> 0 | G32: =SUMIFS(Master!$L$2:$L$1254,Master!$G$2:$G$1254,분류!G$21,Master!$E$2:$E$1254,분류!$B32) -> 0 | H32: =SUMIFS(Master!$L$2:$L$1254,Master!$G$2:$G$1254,분류!H$21,Master!$E$2:$E$1254,분류!$B32) -> 0 | I32: =SUMIFS(Master!$L$2:$L$1254,Master!$G$2:$G$1254,분류!I$21,Master!$E$2:$E$1254,분류!$B32) -> 0 | J32: =SUMIFS(Master!$L$2:$L$1254,Master!$G$2:$G$1254,분류!J$21,Master!$E$2:$E$1254,분류!$B32) -> 0 | K32: =SUMIFS(Master!$L$2:$L$1254,Master!$G$2:$G$1254,분류!K$21,Master!$E$2:$E$1254,분류!$B32) -> 0 | L32: =SUMIFS(Master!$L$2:$L$1254,Master!$G$2:$G$1254,분류!L$21,Master!$E$2:$E$1254,분류!$B32) -> 0
A33: =RANK(C33,$C$23:$C$115,0) -> 59 | B33: 디에스티인터내셔널 | C33: =SUM(D33:L33) -> 200000 | D33: =SUMIFS(Master!$L$2:$L$1254,Master!$G$2:$G$1254,분류!D$21,Master!$E$2:$E$1254,분류!$B33) -> 0 | E33: =SUMIFS(Master!$L$2:$L$1254,Master!$G$2:$G$1254,분류!E$21,Master!$E$2:$E$1254,분류!$B33) -> 200000 | F33: =SUMIFS(Master!$L$2:$L$1254,Master!$G$2:$G$1254,분류!F$21,Master!$E$2:$E$1254,분류!$B33) -> 0 | G33: =SUMIFS(Master!$L$2:$L$1254,Master!$G$2:$G$1254,분류!G$21,Master!$E$2:$E$1254,분류!$B33) -> 0 | H33: =SUMIFS(Master!$L$2:$L$1254,Master!$G$2:$G$1254,분류!H$21,Master!$E$2:$E$1254,분류!$B33) -> 0 | I33: =SUMIFS(Master!$L$2:$L$1254,Master!$G$2:$G$1254,분류!I$21,Master!$E$2:$E$1254,분류!$B33) -> 0 | J33: =SUMIFS(Master!$L$2:$L$1254,Master!$G$2:$G$1254,분류!J$21,Master!$E$2:$E$1254,분류!$B33) -> 0 | K33: =SUMIFS(Master!$L$2:$L$1254,Master!$G$2:$G$1254,분류!K$21,Master!$E$2:$E$1254,분류!$B33) -> 0 | L33: =SUMIFS(Master!$L$2:$L$1254,Master!$G$2:$G$1254,분류!L$21,Master!$E$2:$E$1254,분류!$B33) -> 0
A34: =RANK(C34,$C$23:$C$115,0) -> 53 | B34: 디지알코리아 | C34: =SUM(D34:L34) -> 310000 | D34: =SUMIFS(Master!$L$2:$L$1254,Master!$G$2:$G$1254,분류!D$21,Master!$E$2:$E$1254,분류!$B34) -> 310000 | E34: =SUMIFS(Master!$L$2:$L$1254,Master!$G$2:$G$1254,분류!E$21,Master!$E$2:$E$1254,분류!$B34) -> 0 | F34: =SUMIFS(Master!$L$2:$L$1254,Master!$G$2:$G$1254,분류!F$21,Master!$E$2:$E$1254,분류!$B34) -> 0 | G34: =SUMIFS(Master!$L$2:$L$1254,Master!$G$2:$G$1254,분류!G$21,Master!$E$2:$E$1254,분류!$B34) -> 0 | H34: =SUMIFS(Master!$L$2:$L$1254,Master!$G$2:$G$1254,분류!H$21,Master!$E$2:$E$1254,분류!$B34) -> 0 | I34: =SUMIFS(Master!$L$2:$L$1254,Master!$G$2:$G$1254,분류!I$21,Master!$E$2:$E$1254,분류!$B34) -> 0 | J34: =SUMIFS(Master!$L$2:$L$1254,Master!$G$2:$G$1254,분류!J$21,Master!$E$2:$E$1254,분류!$B34) -> 0 | K34: =SUMIFS(Master!$L$2:$L$1254,Master!$G$2:$G$1254,분류!K$21,Master!$E$2:$E$1254,분류!$B34) -> 0 | L34: =SUMIFS(Master!$L$2:$L$1254,Master!$G$2:$G$1254,분류!L$21,Master!$E$2:$E$1254,분류!$B34) -> 0
... A115: =RANK(C115,$C$23:$C$115,0) -> 65 | B115: 휴넷 | C115: =SUM(D115:L115) -> 0 | D115: =SUMIFS(Master!$L$2:$L$1254,Master!$G$2:$G$1254,분류!D$21,Master!$E$2:$E$1254,분류!$B115) -> 0 | E115: =SUMIFS(Master!$L$2:$L$1254,Master!$G$2:$G$1254,분류!E$21,Master!$E$2:$E$1254,분류!$B115) -> 0 | F115: =SUMIFS(Master!$L$2:$L$1254,Master!$G$2:$G$1254,분류!F$21,Master!$E$2:$E$1254,분류!$B115) -> 0 | G115: =SUMIFS(Master!$L$2:$L$1254,Master!$G$2:$G$1254,분류!G$21,Master!$E$2:$E$1254,분류!$B115) -> 0 | H115: =SUMIFS(Master!$L$2:$L$1254,Master!$G$2:$G$1254,분류!H$21,Master!$E$2:$E$1254,분류!$B115) -> 0 | I115: =SUMIFS(Master!$L$2:$L$1254,Master!$G$2:$G$1254,분류!I$21,Master!$E$2:$E$1254,분류!$B115) -> 0 | J115: =SUMIFS(Master!$L$2:$L$1254,Master!$G$2:$G$1254,분류!J$21,Master!$E$2:$E$1254,분류!$B115) -> 0 | K115: =SUMIFS(Master!$L$2:$L$1254,Master!$G$2:$G$1254,분류!K$21,Master!$E$2:$E$1254,분류!$B115) -> 0 | L115: =SUMIFS(Master!$L$2:$L$1254,Master!$G$2:$G$1254,분류!L$21,Master!$E$2:$E$1254,분류!$B115) -> 0
B116: 법인카드 | C116: =SUM(D116:L116) -> 5387063.8 | D116: ='현금,법인카드'!L45 -> 5387063.8
B117: 현금 | C117: =SUM(D117:L117) -> 0 | D117: ='현금,법인카드'!L10 -> 0
A145: =RANK(C145,$C$23:$C$115,0) -> 65 | B145: 금성스펀지 | C145: =SUM(D145:L145) -> 0 | D145: =SUMIFS(Master!$L$2:$L$1254,Master!$G$2:$G$1254,분류!D$21,Master!$E$2:$E$1254,분류!$B145) -> 0 | E145: =SUMIFS(Master!$L$2:$L$1254,Master!$G$2:$G$1254,분류!E$21,Master!$E$2:$E$1254,분류!$B145) -> 0 | F145: =SUMIFS(Master!$L$2:$L$1254,Master!$G$2:$G$1254,분류!F$21,Master!$E$2:$E$1254,분류!$B145) -> 0 | G145: =SUMIFS(Master!$L$2:$L$1254,Master!$G$2:$G$1254,분류!G$21,Master!$E$2:$E$1254,분류!$B145) -> 0 | H145: =SUMIFS(Master!$L$2:$L$1254,Master!$G$2:$G$1254,분류!H$21,Master!$E$2:$E$1254,분류!$B145) -> 0 | I145: =SUMIFS(Master!$L$2:$L$1254,Master!$G$2:$G$1254,분류!I$21,Master!$E$2:$E$1254,분류!$B145) -> 0 | J145: =SUMIFS(Master!$L$2:$L$1254,Master!$G$2:$G$1254,분류!J$21,Master!$E$2:$E$1254,분류!$B145) -> 0 | K145: =SUMIFS(Master!$L$2:$L$1254,Master!$G$2:$G$1254,분류!K$21,Master!$E$2:$E$1254,분류!$B145) -> 0 | L145: =SUMIFS(Master!$L$2:$L$1254,Master!$G$2:$G$1254,분류!L$21,Master!$E$2:$E$1254,분류!$B145) -> 0
A146: =RANK(C146,$C$23:$C$115,0) -> 65 | B146: 나로아이엔씨 | C146: =SUM(D146:L146) -> 0 | D146: =SUMIFS(Master!$L$2:$L$1254,Master!$G$2:$G$1254,분류!D$21,Master!$E$2:$E$1254,분류!$B146) -> 0 | E146: =SUMIFS(Master!$L$2:$L$1254,Master!$G$2:$G$1254,분류!E$21,Master!$E$2:$E$1254,분류!$B146) -> 0 | F146: =SUMIFS(Master!$L$2:$L$1254,Master!$G$2:$G$1254,분류!F$21,Master!$E$2:$E$1254,분류!$B146) -> 0 | G146: =SUMIFS(Master!$L$2:$L$1254,Master!$G$2:$G$1254,분류!G$21,Master!$E$2:$E$1254,분류!$B146) -> 0 | H146: =SUMIFS(Master!$L$2:$L$1254,Master!$G$2:$G$1254,분류!H$21,Master!$E$2:$E$1254,분류!$B146) -> 0 | I146: =SUMIFS(Master!$L$2:$L$1254,Master!$G$2:$G$1254,분류!I$21,Master!$E$2:$E$1254,분류!$B146) -> 0 | J146: =SUMIFS(Master!$L$2:$L$1254,Master!$G$2:$G$1254,분류!J$21,Master!$E$2:$E$1254,분류!$B146) -> 0 | K146: =SUMIFS(Master!$L$2:$L$1254,Master!$G$2:$G$1254,분류!K$21,Master!$E$2:$E$1254,분류!$B146) -> 0 | L146: =SUMIFS(Master!$L$2:$L$1254,Master!$G$2:$G$1254,분류!L$21,Master!$E$2:$E$1254,분류!$B146) -> 0
A147: =RANK(C147,$C$23:$C$115,0) -> 65 | B147: 닷넷소프트 | C147: =SUM(D147:L147) -> 0 | D147: =SUMIFS(Master!$L$2:$L$1254,Master!$G$2:$G$1254,분류!D$21,Master!$E$2:$E$1254,분류!$B147) -> 0 | E147: =SUMIFS(Master!$L$2:$L$1254,Master!$G$2:$G$1254,분류!E$21,Master!$E$2:$E$1254,분류!$B147) -> 0 | F147: =SUMIFS(Master!$L$2:$L$1254,Master!$G$2:$G$1254,분류!F$21,Master!$E$2:$E$1254,분류!$B147) -> 0 | G147: =SUMIFS(Master!$L$2:$L$1254,Master!$G$2:$G$1254,분류!G$21,Master!$E$2:$E$1254,분류!$B147) -> 0 | H147: =SUMIFS(Master!$L$2:$L$1254,Master!$G$2:$G$1254,분류!H$21,Master!$E$2:$E$1254,분류!$B147) -> 0 | I147: =SUMIFS(Master!$L$2:$L$1254,Master!$G$2:$G$1254,분류!I$21,Master!$E$2:$E$1254,분류!$B147) -> 0 | J147: =SUMIFS(Master!$L$2:$L$1254,Master!$G$2:$G$1254,분류!J$21,Master!$E$2:$E$1254,분류!$B147) -> 0 | K147: =SUMIFS(Master!$L$2:$L$1254,Master!$G$2:$G$1254,분류!K$21,Master!$E$2:$E$1254,분류!$B147) -> 0 | L147: =SUMIFS(Master!$L$2:$L$1254,Master!$G$2:$G$1254,분류!L$21,Master!$E$2:$E$1254,분류!$B147) -> 0
A148: =RANK(C148,$C$23:$C$115,0) -> 65 | B148: 대원씨티에스 | C148: =SUM(D148:L148) -> 0 | D148: =SUMIFS(Master!$L$2:$L$1254,Master!$G$2:$G$1254,분류!D$21,Master!$E$2:$E$1254,분류!$B148) -> 0 | E148: =SUMIFS(Master!$L$2:$L$1254,Master!$G$2:$G$1254,분류!E$21,Master!$E$2:$E$1254,분류!$B148) -> 0 | F148: =SUMIFS(Master!$L$2:$L$1254,Master!$G$2:$G$1254,분류!F$21,Master!$E$2:$E$1254,분류!$B148) -> 0 | G148: =SUMIFS(Master!$L$2:$L$1254,Master!$G$2:$G$1254,분류!G$21,Master!$E$2:$E$1254,분류!$B148) -> 0 | H148: =SUMIFS(Master!$L$2:$L$1254,Master!$G$2:$G$1254,분류!H$21,Master!$E$2:$E$1254,분류!$B148) -> 0 | I148: =SUMIFS(Master!$L$2:$L$1254,Master!$G$2:$G$1254,분류!I$21,Master!$E$2:$E$1254,분류!$B148) -> 0 | J148: =SUMIFS(Master!$L$2:$L$1254,Master!$G$2:$G$1254,분류!J$21,Master!$E$2:$E$1254,분류!$B148) -> 0 | K148: =SUMIFS(Master!$L$2:$L$1254,Master!$G$2:$G$1254,분류!K$21,Master!$E$2:$E$1254,분류!$B148) -> 0 | L148: =SUMIFS(Master!$L$2:$L$1254,Master!$G$2:$G$1254,분류!L$21,Master!$E$2:$E$1254,분류!$B148) -> 0
A149: =RANK(C149,$C$23:$C$115,0) -> 65 | B149: 도우정보 | C149: =SUM(D149:L149) -> 0 | D149: =SUMIFS(Master!$L$2:$L$1254,Master!$G$2:$G$1254,분류!D$21,Master!$E$2:$E$1254,분류!$B149) -> 0 | E149: =SUMIFS(Master!$L$2:$L$1254,Master!$G$2:$G$1254,분류!E$21,Master!$E$2:$E$1254,분류!$B149) -> 0 | F149: =SUMIFS(Master!$L$2:$L$1254,Master!$G$2:$G$1254,분류!F$21,Master!$E$2:$E$1254,분류!$B149) -> 0 | G149: =SUMIFS(Master!$L$2:$L$1254,Master!$G$2:$G$1254,분류!G$21,Master!$E$2:$E$1254,분류!$B149) -> 0 | H149: =SUMIFS(Master!$L$2:$L$1254,Master!$G$2:$G$1254,분류!H$21,Master!$E$2:$E$1254,분류!$B149) -> 0 | I149: =SUMIFS(Master!$L$2:$L$1254,Master!$G$2:$G$1254,분류!I$21,Master!$E$2:$E$1254,분류!$B149) -> 0 | J149: =SUMIFS(Master!$L$2:$L$1254,Master!$G$2:$G$1254,분류!J$21,Master!$E$2:$E$1254,분류!$B149) -> 0 | K149: =SUMIFS(Master!$L$2:$L$1254,Master!$G$2:$G$1254,분류!K$21,Master!$E$2:$E$1254,분류!$B149) -> 0 | L149: =SUMIFS(Master!$L$2:$L$1254,Master!$G$2:$G$1254,분류!L$21,Master!$E$2:$E$1254,분류!$B149) -> 0
A150: =RANK(C150,$C$23:$C$115,0) -> 65 | B150: 디앤디컴 | C150: =SUM(D150:L150) -> 0 | D150: =SUMIFS(Master!$L$2:$L$1254,Master!$G$2:$G$1254,분류!D$21,Master!$E$2:$E$1254,분류!$B150) -> 0 | E150: =SUMIFS(Master!$L$2:$L$1254,Master!$G$2:$G$1254,분류!E$21,Master!$E$2:$E$1254,분류!$B150) -> 0 | F150: =SUMIFS(Master!$L$2:$L$1254,Master!$G$2:$G$1254,분류!F$21,Master!$E$2:$E$1254,분류!$B150) -> 0 | G150: =SUMIFS(Master!$L$2:$L$1254,Master!$G$2:$G$1254,분류!G$21,Master!$E$2:$E$1254,분류!$B150) -> 0 | H150: =SUMIFS(Master!$L$2:$L$1254,Master!$G$2:$G$1254,분류!H$21,Master!$E$2:$E$1254,분류!$B150) -> 0 | I150: =SUMIFS(Master!$L$2:$L$1254,Master!$G$2:$G$1254,분류!I$21,Master!$E$2:$E$1254,분류!$B150) -> 0 | J150: =SUMIFS(Master!$L$2:$L$1254,Master!$G$2:$G$1254,분류!J$21,Master!$E$2:$E$1254,분류!$B150) -> 0 | K150: =SUMIFS(Master!$L$2:$L$1254,Master!$G$2:$G$1254,분류!K$21,Master!$E$2:$E$1254,분류!$B150) -> 0 | L150: =SUMIFS(Master!$L$2:$L$1254,Master!$G$2:$G$1254,분류!L$21,Master!$E$2:$E$1254,분류!$B150) -> 0
A151: =RANK(C151,$C$23:$C$115,0) -> 65 | B151: 디에이치 | C151: =SUM(D151:L151) -> 0 | D151: =SUMIFS(Master!$L$2:$L$1254,Master!$G$2:$G$1254,분류!D$21,Master!$E$2:$E$1254,분류!$B151) -> 0 | E151: =SUMIFS(Master!$L$2:$L$1254,Master!$G$2:$G$1254,분류!E$21,Master!$E$2:$E$1254,분류!$B151) -> 0 | F151: =SUMIFS(Master!$L$2:$L$1254,Master!$G$2:$G$1254,분류!F$21,Master!$E$2:$E$1254,분류!$B151) -> 0 | G151: =SUMIFS(Master!$L$2:$L$1254,Master!$G$2:$G$1254,분류!G$21,Master!$E$2:$E$1254,분류!$B151) -> 0 | H151: =SUMIFS(Master!$L$2:$L$1254,Master!$G$2:$G$1254,분류!H$21,Master!$E$2:$E$1254,분류!$B151) -> 0 | I151: =SUMIFS(Master!$L$2:$L$1254,Master!$G$2:$G$1254,분류!I$21,Master!$E$2:$E$1254,분류!$B151) -> 0 | J151: =SUMIFS(Master!$L$2:$L$1254,Master!$G$2:$G$1254,분류!J$21,Master!$E$2:$E$1254,분류!$B151) -> 0 | K151: =SUMIFS(Master!$L$2:$L$1254,Master!$G$2:$G$1254,분류!K$21,Master!$E$2:$E$1254,분류!$B151) -> 0 | L151: =SUMIFS(Master!$L$2:$L$1254,Master!$G$2:$G$1254,분류!L$21,Master!$E$2:$E$1254,분류!$B151) -> 0
A152: =RANK(C152,$C$23:$C$115,0) -> 65 | B152: 마스타항운 | C152: =SUM(D152:L152) -> 0 | D152: =SUMIFS(Master!$L$2:$L$1254,Master!$G$2:$G$1254,분류!D$21,Master!$E$2:$E$1254,분류!$B152) -> 0 | E152: =SUMIFS(Master!$L$2:$L$1254,Master!$G$2:$G$1254,분류!E$21,Master!$E$2:$E$1254,분류!$B152) -> 0 | F152: =SUMIFS(Master!$L$2:$L$1254,Master!$G$2:$G$1254,분류!F$21,Master!$E$2:$E$1254,분류!$B152) -> 0 | G152: =SUMIFS(Master!$L$2:$L$1254,Master!$G$2:$G$1254,분류!G$21,Master!$E$2:$E$1254,분류!$B152) -> 0 | H152: =SUMIFS(Master!$L$2:$L$1254,Master!$G$2:$G$1254,분류!H$21,Master!$E$2:$E$1254,분류!$B152) -> 0 | I152: =SUMIFS(Master!$L$2:$L$1254,Master!$G$2:$G$1254,분류!I$21,Master!$E$2:$E$1254,분류!$B152) -> 0 | J152: =SUMIFS(Master!$L$2:$L$1254,Master!$G$2:$G$1254,분류!J$21,Master!$E$2:$E$1254,분류!$B152) -> 0 | K152: =SUMIFS(Master!$L$2:$L$1254,Master!$G$2:$G$1254,분류!K$21,Master!$E$2:$E$1254,분류!$B152) -> 0 | L152: =SUMIFS(Master!$L$2:$L$1254,Master!$G$2:$G$1254,분류!L$21,Master!$E$2:$E$1254,분류!$B152) -> 0
A153: =RANK(C153,$C$23:$C$115,0) -> 65 | B153: 무겸 | C153: =SUM(D153:L153) -> 0 | D153: =SUMIFS(Master!$L$2:$L$1254,Master!$G$2:$G$1254,분류!D$21,Master!$E$2:$E$1254,분류!$B153) -> 0 | E153: =SUMIFS(Master!$L$2:$L$1254,Master!$G$2:$G$1254,분류!E$21,Master!$E$2:$E$1254,분류!$B153) -> 0 | F153: =SUMIFS(Master!$L$2:$L$1254,Master!$G$2:$G$1254,분류!F$21,Master!$E$2:$E$1254,분류!$B153) -> 0 | G153: =SUMIFS(Master!$L$2:$L$1254,Master!$G$2:$G$1254,분류!G$21,Master!$E$2:$E$1254,분류!$B153) -> 0 | H153: =SUMIFS(Master!$L$2:$L$1254,Master!$G$2:$G$1254,분류!H$21,Master!$E$2:$E$1254,분류!$B153) -> 0 | I153: =SUMIFS(Master!$L$2:$L$1254,Master!$G$2:$G$1254,분류!I$21,Master!$E$2:$E$1254,분류!$B153) -> 0 | J153: =SUMIFS(Master!$L$2:$L$1254,Master!$G$2:$G$1254,분류!J$21,Master!$E$2:$E$1254,분류!$B153) -> 0 | K153: =SUMIFS(Master!$L$2:$L$1254,Master!$G$2:$G$1254,분류!K$21,Master!$E$2:$E$1254,분류!$B153) -> 0 | L153: =SUMIFS(Master!$L$2:$L$1254,Master!$G$2:$G$1254,분류!L$21,Master!$E$2:$E$1254,분류!$B153) -> 0
A154: =RANK(C154,$C$23:$C$115,0) -> 65 | B154: 바인드솔루션 | C154: =SUM(D154:L154) -> 0 | D154: =SUMIFS(Master!$L$2:$L$1254,Master!$G$2:$G$1254,분류!D$21,Master!$E$2:$E$1254,분류!$B154) -> 0 | E154: =SUMIFS(Master!$L$2:$L$1254,Master!$G$2:$G$1254,분류!E$21,Master!$E$2:$E$1254,분류!$B154) -> 0 | F154: =SUMIFS(Master!$L$2:$L$1254,Master!$G$2:$G$1254,분류!F$21,Master!$E$2:$E$1254,분류!$B154) -> 0 | G154: =SUMIFS(Master!$L$2:$L$1254,Master!$G$2:$G$1254,분류!G$21,Master!$E$2:$E$1254,분류!$B154) -> 0 | H154: =SUMIFS(Master!$L$2:$L$1254,Master!$G$2:$G$1254,분류!H$21,Master!$E$2:$E$1254,분류!$B154) -> 0 | I154: =SUMIFS(Master!$L$2:$L$1254,Master!$G$2:$G$1254,분류!I$21,Master!$E$2:$E$1254,분류!$B154) -> 0 | J154: =SUMIFS(Master!$L$2:$L$1254,Master!$G$2:$G$1254,분류!J$21,Master!$E$2:$E$1254,분류!$B154) -> 0 | K154: =SUMIFS(Master!$L$2:$L$1254,Master!$G$2:$G$1254,분류!K$21,Master!$E$2:$E$1254,분류!$B154) -> 0 | L154: =SUMIFS(Master!$L$2:$L$1254,Master!$G$2:$G$1254,분류!L$21,Master!$E$2:$E$1254,분류!$B154) -> 0
A155: =RANK(C155,$C$23:$C$115,0) -> 65 | B155: 보이스아이 | C155: =SUM(D155:L155) -> 0 | D155: =SUMIFS(Master!$L$2:$L$1254,Master!$G$2:$G$1254,분류!D$21,Master!$E$2:$E$1254,분류!$B155) -> 0 | E155: =SUMIFS(Master!$L$2:$L$1254,Master!$G$2:$G$1254,분류!E$21,Master!$E$2:$E$1254,분류!$B155) -> 0 | F155: =SUMIFS(Master!$L$2:$L$1254,Master!$G$2:$G$1254,분류!F$21,Master!$E$2:$E$1254,분류!$B155) -> 0 | G155: =SUMIFS(Master!$L$2:$L$1254,Master!$G$2:$G$1254,분류!G$21,Master!$E$2:$E$1254,분류!$B155) -> 0 | H155: =SUMIFS(Master!$L$2:$L$1254,Master!$G$2:$G$1254,분류!H$21,Master!$E$2:$E$1254,분류!$B155) -> 0 | I155: =SUMIFS(Master!$L$2:$L$1254,Master!$G$2:$G$1254,분류!I$21,Master!$E$2:$E$1254,분류!$B155) -> 0 | J155: =SUMIFS(Master!$L$2:$L$1254,Master!$G$2:$G$1254,분류!J$21,Master!$E$2:$E$1254,분류!$B155) -> 0 | K155: =SUMIFS(Master!$L$2:$L$1254,Master!$G$2:$G$1254,분류!K$21,Master!$E$2:$E$1254,분류!$B155) -> 0 | L155: =SUMIFS(Master!$L$2:$L$1254,Master!$G$2:$G$1254,분류!L$21,Master!$E$2:$E$1254,분류!$B155) -> 0
A156: =RANK(C156,$C$23:$C$115,0) -> 65 | B156: 비젼아이티 | C156: =SUM(D156:L156) -> 0 | D156: =SUMIFS(Master!$L$2:$L$1254,Master!$G$2:$G$1254,분류!D$21,Master!$E$2:$E$1254,분류!$B156) -> 0 | E156: =SUMIFS(Master!$L$2:$L$1254,Master!$G$2:$G$1254,분류!E$21,Master!$E$2:$E$1254,분류!$B156) -> 0 | F156: =SUMIFS(Master!$L$2:$L$1254,Master!$G$2:$G$1254,분류!F$21,Master!$E$2:$E$1254,분류!$B156) -> 0 | G156: =SUMIFS(Master!$L$2:$L$1254,Master!$G$2:$G$1254,분류!G$21,Master!$E$2:$E$1254,분류!$B156) -> 0 | H156: =SUMIFS(Master!$L$2:$L$1254,Master!$G$2:$G$1254,분류!H$21,Master!$E$2:$E$1254,분류!$B156) -> 0 | I156: =SUMIFS(Master!$L$2:$L$1254,Master!$G$2:$G$1254,분류!I$21,Master!$E$2:$E$1254,분류!$B156) -> 0 | J156: =SUMIFS(Master!$L$2:$L$1254,Master!$G$2:$G$1254,분류!J$21,Master!$E$2:$E$1254,분류!$B156) -> 0 | K156: =SUMIFS(Master!$L$2:$L$1254,Master!$G$2:$G$1254,분류!K$21,Master!$E$2:$E$1254,분류!$B156) -> 0 | L156: =SUMIFS(Master!$L$2:$L$1254,Master!$G$2:$G$1254,분류!L$21,Master!$E$2:$E$1254,분류!$B156) -> 0
... A178: =RANK(C178,$C$23:$C$115,0) -> 65 | B178: 투아이시스 | C178: =SUM(D178:L178) -> 0 | D178: =SUMIFS(Master!$L$2:$L$1254,Master!$G$2:$G$1254,분류!D$21,Master!$E$2:$E$1254,분류!$B178) -> 0 | E178: =SUMIFS(Master!$L$2:$L$1254,Master!$G$2:$G$1254,분류!E$21,Master!$E$2:$E$1254,분류!$B178) -> 0 | F178: =SUMIFS(Master!$L$2:$L$1254,Master!$G$2:$G$1254,분류!F$21,Master!$E$2:$E$1254,분류!$B178) -> 0 | G178: =SUMIFS(Master!$L$2:$L$1254,Master!$G$2:$G$1254,분류!G$21,Master!$E$2:$E$1254,분류!$B178) -> 0 | H178: =SUMIFS(Master!$L$2:$L$1254,Master!$G$2:$G$1254,분류!H$21,Master!$E$2:$E$1254,분류!$B178) -> 0 | I178: =SUMIFS(Master!$L$2:$L$1254,Master!$G$2:$G$1254,분류!I$21,Master!$E$2:$E$1254,분류!$B178) -> 0 | J178: =SUMIFS(Master!$L$2:$L$1254,Master!$G$2:$G$1254,분류!J$21,Master!$E$2:$E$1254,분류!$B178) -> 0 | K178: =SUMIFS(Master!$L$2:$L$1254,Master!$G$2:$G$1254,분류!K$21,Master!$E$2:$E$1254,분류!$B178) -> 0 | L178: =SUMIFS(Master!$L$2:$L$1254,Master!$G$2:$G$1254,분류!L$21,Master!$E$2:$E$1254,분류!$B178) -> 0

Sheet 1월
B1: ="["&YEAR(D5)&"년 "&MONTH(D5)&"월 매입]" -> [2025년 1월 매입]
M2: x 비과세 0 영세 | O2: 완료 | Q2: 트루스케일
B3: 품의코드 | C3: Vendor 코드 | D3: 계산서 | E3: 매입처 | F3: 매출처 | G3: 구분 | H3: MA : 청구구분 상품 : PN | I3: 품목 | J3: 수량 | K3: 매입 | O3: 결제 | P3: 영업 담당자 | Q3: 매출처 세금계산서 | R3: 비고
K4: 단가 | L4: 공금가액 | M4: VAT | N4: 합계금액
A5: . | B5: X | D5: 45658 | E5: 에스케이쉴더스 금천지점 | G5: 일반경비 | H5: 지급수수료 | I5: 보안용역 월정료 1월분 | J5: 1 | K5: 71000 | L5: =J5*K5 -> 71000 | M5: =L5*10% -> 7100 | N5: =SUM(L5:M5) -> 78100 | O5: 자동이체(1/11) | P5: 정지우 | Q5: X
A6: . | B6: LI-24005 | D6: 45658 | E6: 한국아이씨에스 | F6: 해안종합건축사사무소 | G6: MA | H6: 월간-IBM | I6: 1월 유지정비료 - 8/12회 | J6: 1 | K6: 436400 | L6: =J6*K6 -> 436400 | M6: 43640 | N6: =SUM(L6:M6) -> 480040 | O6: 완료(25/1/24) | P6: 천범석 | Q6: 45658
A7: . | B7: SM-24007 | D7: 45658 | E7: 한국아이씨에스 | F7: 연세의료원 | G7: MA | H7: 월간-IBM | I7: 1월 유지정비료 - 12/12회 | J7: 1 | K7: 288000 | L7: =J7*K7 -> 288000 | M7: 28800 | N7: =SUM(L7:M7) -> 316800 | O7: 완료(25/1/24) | P7: 이예지 | Q7: 45677
A8: . | B8: LI-24006 | D8: 45658 | E8: 한국아이씨에스 | F8: 보해양조 | G8: MA | H8: 월간-IBM | I8: 1월 유지정비료 - 6/11회 | J8: 1 | K8: 277600 | L8: =J8*K8 -> 277600 | M8: 27760 | N8: =SUM(L8:M8) -> 305360 | O8: 완료(25/1/24) | P8: 천범석 | Q8: 45682
A9: . | B9: IK-24006 | D9: 45659 | E9: 한국아이씨에스 | F9: 광양항서부터미널 | G9: MA | H9: 월간-IBM | I9: 1월 유지정비료 - 9/24회 | J9: 1 | K9: 3239404 | L9: =J9*K9 -> 3239404 | M9: 323940 | N9: =SUM(L9:M9) -> 3563344 | O9: 완료(2/28) | P9: 홍승민 | Q9: 45688
A10: . | B10: LI-24008 | D10: 45659 | E10: 한국아이씨에스 | F10: 쿠팡 | G10: MA | H10: 월간-IBM | I10: 1월 유지정비료 - 6/13회 | J10: 1 | K10: 205780 | L10: 205780 | M10: 20578 | N10: =SUM(L10:M10) -> 226358 | O10: 완료(2/28) | P10: 천범석 | Q10: 45491 | R10: 매출연간
A11: . | B11: LI-24003 | D11: 45659 | E11: 한국아이씨에스 | F11: 지엔콤 | G11: MA | H11: 월간-IBM | I11: 전주교육대학교 1월 유지정비료 - 9/12회 | J11: 1 | K11: 305280 | L11: =J11*K11 -> 305280 | M11: 30528 | N11: =SUM(L11:M11) -> 335808 | O11: 완료(2/28) | P11: 천범석 | Q11: 45688
A12: . | B12: IK-23021 | D12: 45659 | E12: 한국아이씨에스 | F12: 투아이시스 | G12: MA | H12: 월간-IBM | I12: 1월 유지정비료 - 11/12회 | J12: 1 | K12: 93445 | L12: =J12*K12 -> 93445 | M12: 9344 | N12: =SUM(L12:M12) -> 102789 | O12: 완료(2/28) | P12: 천범석 | Q12: 45380 | R12: 매출연간
A13: . | B13: SM-25003 | D13: 45659 | E13: 한국아이씨에스 | F13: CGV 통합 | G13: MA | H13: 월간-IBM | I13: 1월 유지정비료 - 1/12회 | J13: 1 | K13: 2812500 | L13: =J13*K13 -> 2812500 | M13: 281250 | N13: =SUM(L13:M13) -> 3093750 | O13: 완료(2/28) | P13: 이예지 | Q13: 45666 | R13: 매출연간
A14: . | B14: IK-23016 | D14: 45659 | E14: 한국아이씨에스 | F14: 케이정보기술 | G14: MA | H14: 월간-IBM | I14: 청주시청 1월 유지정비료 - 1/20회 추가 | J14: 1 | K14: 1123962 | L14: =J14*K14 -> 1123962 | M14: 112396 | N14: =SUM(L14:M14) -> 1236358 | O14: 완료(2/28) | P14: 천범석 | Q14: 45658
A15: . | B15: IK-22025 | D15: 45659 | E15: 한국아이씨에스 | F15: 디에스피 | G15: MA | H15: 월간-IBM | I15: 엘지생활건강 청주공장 1월 유지정비료 - 12/12회 | J15: 1 | K15: 532212 | L15: =J15*K15 -> 532212 | M15: 53221 | N15: =SUM(L15:M15) -> 585433 | O15: 완료(2/28) | P15: 천범석 | Q15: 45658
A16: . | B16: IK-23013 | D16: 45659 | E16: 한국아이씨에스 | F16: 로보츠 | G16: MA | H16: 월간-IBM | I16: 도시바일렉 1월 유지정비료 - 7/12회 | J16: 1 | K16: 66498 | L16: =J16*K16 -> 66498 | M16: 6649 | N16: =SUM(L16:M16) -> 73147 | O16: 완료(2/28) | P16: 천범석 | Q16: 45688
A17: . | B17: LI-24007 | D17: 45659 | E17: 한국아이씨에스 | F17: 유더블유에스 | G17: MA | H17: 월간-IBM | I17: 두원정공 1월 유지정비료 - 6/11회 | J17: 1 | K17: 80160 | L17: 80160 | M17: 8016 | N17: =SUM(L17:M17) -> 88176 | O17: 완료(2/28) | P17: 천범석 | Q17: 45688
A18: . | B18: IK-23014 | D18: 45659 | E18: 한국아이씨에스 | F18: 서비스링크 | G18: MA | H18: 월간-IBM | I18: 세원정공 1월 유지정비료 - 7/12회 | J18: 1 | K18: 198018 | L18: =J18*K18 -> 198018 | M18: 19801 | N18: =SUM(L18:M18) -> 217819 | O18: 완료(2/28) | P18: 천범석 | Q18: 45658
A19: . | B19: SM-21021 | D19: 45659 | E19: 한국아이씨에스 | F19: 법무법인바른 | G19: MA | H19: 월간-IBM | I19: 1월 유지정비료 - 5/13회 | J19: 1 | K19: 84811 | L19: =J19*K19 -> 84811 | M19: 8481 | N19: =SUM(L19:M19) -> 93292 | O19: 완료(2/28) | P19: 천범석 | Q19: 45682
A20: . | B20: IK-24011 | D20: 45659 | E20: 한국아이씨에스 | F20: 로보츠 | G20: MA | H20: 월간-IBM | I20: 키오시아(도시바) 1월 유지정비료 - 2/12회 | J20: 1 | K20: 133875 | L20: =J20*K20 -> 133875 | M20: 13387 | N20: =SUM(L20:M20) -> 147262 | O20: 완료(2/28) | P20: 천범석 | Q20: 45688
A21: . | B21: SM-25011 | D21: 45659 | E21: 한국아이씨에스 | F21: 유니포인트 | G21: MA | H21: 월간-IBM | I21: 한미약품/한미사이언스 1월 유지정비료 - 1/12회 | J21: 1 | K21: 11623397 | L21: =J21*K21 -> 11623397 | M21: 1162339 | N21: =SUM(L21:M21) -> 12785736 | O21: 완료(2/28) | P21: 천범석 | Q21: 45681
A22: . | B22: IK-24002 | D22: 45659 | E22: 한국아이씨에스 | F22: 리온아이티 | G22: MA | H22: 월간-IBM | I22: 교세라 1월 유지정비료 - 12/36회 | J22: 1 | K22: 70422 | L22: =J22*K22 -> 70422 | M22: 7042 | N22: =SUM(L22:M22) -> 77464 | O22: 완료(2/28) | P22: 천범석 | Q22: 45688
A23: . | B23: SM-24021 | D23: 45659 | E23: 한국아이씨에스 | F23: 에이캐피탈 | G23: MA | H23: 월간-IBM | I23: 1월 유지정비료 - 5/12회 | J23: 1 | K23: 691782 | L23: =J23*K23 -> 691782 | M23: 69178 | N23: =SUM(L23:M23) -> 760960 | O23: 완료(2/28) | P23: 천범석 | Q23: 45693
A24: . | B24: LI-24004 | D24: 45659 | E24: 한국아이씨에스 | F24: 한국메탈 | G24: MA | H24: 월간-IBM | I24: 1월유지정비료 - 9/32회 | J24: 1 | K24: 316682 | L24: =J24*K24 -> 316682 | M24: 31668 | N24: =SUM(L24:M24) -> 348350 | O24: 완료(2/28) | P24: 천범석 | Q24: 45658
A25: . | B25: SB-24036 | D25: 45659 | E25: 한국아이씨에스 | F25: 나라정보 | G25: MA | H25: 월간-IBM | I25: 부국철강 1월 유지정비료 - 9/32 회 | J25: 1 | K25: 190849 | L25: =J25*K25 -> 190849 | M25: 19084 | N25: =SUM(L25:M25) -> 209933 | O25: 완료(2/28) | P25: 천범석 | Q25: 45688
A26: . | B26: LI-24009 | D26: 45659 | E26: 한국아이씨에스 | F26: 아이리스인포테크 | G26: MA | H26: 월간-IBM | I26: 프레이저플레이스 1월 유지정비료 - 6/12회 | J26: 1 | K26: 95200 | L26: =J26*K26 -> 95200 | M26: 9520 | N26: =SUM(L26:M26) -> 104720 | O26: 완료(2/28) | P26: 천범석 | Q26: 45625 | R26: 매출분기
A27: . | B27: IK-24014 | D27: 45659 | E27: 한국아이씨에스 | F27: 로보츠 | G27: MA | H27: 월간-IBM | I27: 와이케이케이 1월 유지정비료 - 1/12회 | J27: 1 | K27: 79496 | L27: =J27*K27 -> 79496 | M27: 7949 | N27: =SUM(L27:M27) -> 87445 | O27: 완료(2/28) | P27: 천범석 | Q27: 45682
A28: . | B28: IK-22023 | D28: 45659 | E28: 한국아이씨에스 | F28: 리온아이티 | G28: MA | H28: 월간-IBM | I28: 성원제강 1월 유지정비료 - 22/36회 | J28: 1 | K28: 159761 | L28: =J28*K28 -> 159761 | M28: 15976 | N28: =SUM(L28:M28) -> 175737 | O28: 완료(2/28) | P28: 천범석 | Q28: 45688
A29: . | B29: LI-24006 | D29: 45659 | E29: 한국아이씨에스 | F29: 보해양조 | G29: MA | H29: 월간-IBM | I29: 1월 유지정비료 - 7/12회 | J29: 1 | K29: 142800 | L29: =J29*K29 -> 142800 | M29: 14280 | N29: =SUM(L29:M29) -> 157080 | O29: 완료(2/28) | P29: 천범석 | Q29: 45682
A30: . | B30: IK-24005 | D30: 45659 | E30: 한국아이씨에스 | F30: 엔콤 | G30: MA | H30: 월간-IBM | I30: 전북도시가스 1월 유지정비료 - 10/12회 | J30: 1 | K30: 1263250 | L30: =J30*K30 -> 1263250 | M30: 126325 | N30: =SUM(L30:M30) -> 1389575 | O30: 완료(2/28) | P30: 천범석 | Q30: 45688
A31: . | B31: IK-22022 | D31: 45659 | E31: 한국아이씨에스 | F31: 리온아이티 | G31: MA | H31: 월간-IBM | I31: 한일전기 1월 유지정비료 - 25/36회 | J31: 1 | K31: 309047 | L31: =J31*K31 -> 309047 | M31: 30904 | N31: =SUM(L31:M31) -> 339951 | O31: 완료(2/28) | P31: 천범석 | Q31: 45658 | R31: 매출분기
A32: . | B32: IK-24013 | D32: 45659 | E32: 한국아이씨에스 | F32: 레드텍 | G32: MA | H32: 월간-IBM | I32: 대한상공회의소 1월 유지정비료 - 3/12회 | J32: 1 | K32: 94111 | L32: =J32*K32 -> 94111 | M32: 9411 | N32: =SUM(L32:M32) -> 103522 | O32: 완료(2/28) | P32: 천범석 | Q32: 45658
A33: . | B33: IK-22021 | D33: 45659 | E33: 한국아이씨에스 | F33: 리온아이티 | G33: MA | H33: 월간-IBM | I33: 문배철강 1월 유지정비료 - 22/36회 | J33: 1 | K33: 212293 | L33: =J33*K33 -> 212293 | M33: 21229 | N33: =SUM(L33:M33) -> 233522 | O33: 완료(2/28) | P33: 천범석 | Q33: 45688
A34: . | B34: Y241205-01 | D34: 45659 | E34: 컴퓨존 | F34: 삼표피앤씨 | G34: 상품 | H34: 랜카드 | I34: ipTIME U1000 PLUS 유선랜카드 | J34: 1 | K34: 13545 | L34: =J34*K34 -> 13545 | M34: 1355 | N34: =SUM(L34:M34) -> 14900 | O34: 완료(1/2) | P34: 홍승민 | Q34: 45649
A35: . | B35: SM-25010 | D35: 45659 | E35: 프로미스 | F35: 유니포인트 | G35: MA | H35: 분기 | I35: 한미약품, 한미사이언스 유지보수 25년 1Q | J35: 1 | K35: 8000000 | L35: =J35*K35 -> 8000000 | M35: =L35*10% -> 800000 | N35: =SUM(L35:M35) -> 8800000 | O35: 완료(1/15) | P35: 이예지 | Q35: 45688
A36: . | B36: Y241209-03 | D36: 45659 | E36: 프로미스 | F36: 더힘 | G36: 상품 | H36: 기술지원 | I36: 우물단 TR630 설치지원 | J36: 1 | K36: 3000000 | L36: =J36*K36 -> 3000000 | M36: =L36*10% -> 300000 | N36: =SUM(L36:M36) -> 3300000 | O36: 완료(1/15) | P36: 홍승민 | Q36: 45645
A37: . | B37: S | D37: 45659 | E37: 프로미스 | F37: 티엔플러스 | G37: 상품 | H37: 기술지원 | I37: 계양 복지센터 케이코 설치지원 | J37: 1 | K37: 800000 | L37: =J37*K37 -> 800000 | M37: =L37*10% -> 80000 | N37: =SUM(L37:M37) -> 880000 | O37: 완료(1/15) | P37: 이예지 | Q37: 45650
A38: . | B38: S241223 | D38: 45659 | E38: 프로미스 | F38: 다솜테크 | G38: 상품 | H38: 기술지원 | I38: SSD 설치지원 | J38: 1 | K38: 1700000 | L38: =J38*K38 -> 1700000 | M38: =L38*10% -> 170000 | N38: =SUM(L38:M38) -> 1870000 | O38: 완료(1/15) | P38: 이예지 | Q38: 45657
A39: . | B39: SB-24011 | D39: 45659 | E39: 프로미스 | F39: 비온시 | G39: MA | H39: 연간 | I39: 24년 국립농업과학원 기술지원 | J39: 1 | K39: 3400000 | L39: =J39*K39 -> 3400000 | M39: =L39*10% -> 340000 | N39: =SUM(L39:M39) -> 3740000 | O39: 완료(1/15) | P39: 천범석 | Q39: 24/2/15~25/1/15
A40: . | B40: SB-24063 | D40: 45659 | E40: 프로미스 | F40: 다솜테크 | G40: MA | H40: 연간 | I40: E1컨테이너터미널 기술지원비 | J40: 1 | K40: 1000000 | L40: =J40*K40 -> 1000000 | M40: =L40*10% -> 100000 | N40: =SUM(L40:M40) -> 1100000 | O40: 완료(1/15) | P40: 천범석 | Q40: 1/31~12/31
A41: . | B41: SM-25001 | D41: 45659 | E41: 프로미스 | F41: 로스만스/브리티쉬 | G41: MA | H41: 연간 | I41: BAT 서울 사천 연간 기술지원 | J41: 1 | K41: 2500000 | L41: =J41*K41 -> 2500000 | M41: =L41*10% -> 250000 | N41: =SUM(L41:M41) -> 2750000 | O41: 완료(1/15) | P41: 천범석 | Q41: 1/31~12/31
A42: . | B42: S | D42: 45659 | E42: 프로미스 | F42: 매사 | G42: 상품 | H42: Battery | I42: FS8600 CTRL Battery | J42: 1 | K42: 550000 | L42: =J42*K42 -> 550000 | M42: =L42*10% -> 55000 | N42: =SUM(L42:M42) -> 605000 | O42: 완료(1/15) | P42: 이예지 | Q42: 45596
A43: . | B43: H240426-02 | D43: 45659 | E43: 프로미스 | F43: 에스엔정보 | G43: 상품 | H43: 9RZ268-150 | I43: 1TB 7.2K 6G SFF SAS | J43: 1 | K43: 130000 | L43: =J43*K43 -> 130000 | M43: =L43*10% -> 13000 | N43: =SUM(L43:M43) -> 143000 | O43: 완료(1/15) | P43: 천범석 | Q43: 45408
A44: . | B44: H240701-01 | D44: 45659 | E44: 프로미스 | F44: 티에스씨인포 | G44: 상품 | H44: POWER | I44: 750W R520 620 R720 | J44: 1 | K44: 70000 | L44: =J44*K44 -> 70000 | M44: =L44*10% -> 7000 | N44: =SUM(L44:M44) -> 77000 | O44: 완료(1/15) | P44: 천범석 | Q44: 45504
A45: . | B45: SB-23016 | D45: 45659 | E45: 프로미스 | F45: 케이씨에스 | G45: MA | H45: 반기 | I45: 항공우주산업HW (25.01.01~06.30) 6,7/9회 | J45: 1 | K45: 2400000 | L45: =J45*K45 -> 2400000 | M45: =L45*10% -> 240000 | N45: =SUM(L45:M45) -> 2640000 | O45: 완료(1/15) | P45: 천범석 | Q45: 3/31,6/30
A46: . | B46: SB-23016 | D46: 45659 | E46: 프로미스 | F46: 케이씨에스 | G46: MA | H46: 반기 | I46: 항공우주산업HW (25.07.01~12.31)8,9/9회 | J46: 1 | K46: 2400000 | L46: =J46*K46 -> 2400000 | M46: =L46*10% -> 240000 | N46: =SUM(L46:M46) -> 2640000 | O46: 완료(1/15) | P46: 천범석 | Q46: 9/30,12/30
A47: . | B47: SM-24007 | D47: 45659 | E47: 프로미스 | F47: 연세의료원 | G47: MA | H47: 분기 | I47: 기술지원료 1분기 | J47: 1 | K47: 2100000 | L47: =J47*K47 -> 2100000 | M47: =L47*10% -> 210000 | N47: =SUM(L47:M47) -> 2310000 | O47: 완료(1/15) | P47: 이예지 | Q47: 2/20,3/20,4/20
A48: . | B48: SM-24013 | D48: 45659 | E48: 프로미스 | F48: 비즈윈 | G48: MA | H48: 연간 | I48: 소비자보호원 25년 연간 | J48: 1 | K48: 1440000 | L48: =J48*K48 -> 1440000 | M48: =L48*10% -> 144000 | N48: =SUM(L48:M48) -> 1584000 | O48: 완료(1/15) | P48: 천범석 | Q48: 1/31~12/31
A49: . | B49: LI-24004 | D49: 45659 | E49: 프로미스 | F49: 한국메탈 | G49: MA | H49: 연간 | I49: 25년 연간 기술지원 | J49: 1 | K49: 1200000 | L49: =J49*K49 -> 1200000 | M49: =L49*10% -> 120000 | N49: =SUM(L49:M49) -> 1320000 | O49: 완료(1/15) | P49: 천범석 | Q49: 1/1~12/1
A50: . | B50: SM-23031 | D50: 45659 | E50: 프로미스 | F50: 온피아 | G50: MA | H50: 분기 | I50: 삼표DB세이퍼 기술지원(25년 1~7월) | J50: 1 | K50: 1750000 | L50: =J50*K50 -> 1750000 | M50: =L50*10% -> 175000 | N50: =SUM(L50:M50) -> 1925000 | O50: 완료(1/15) | P50: 이예지 | Q50: 1/31~7/31
A51: . | B51: H241223-02 | D51: 45659 | E51: 이비웨이브 | F51: CGV용산아이파크몰 | G51: 상품 | H51: HDD | I51: 4TB 7.2K 6G SAS 3.5inch Midline Hard Drive | J51: 8 | K51: 80000 | L51: =J51*K51 -> 640000 | M51: =L51*10% -> 64000 | N51: =SUM(L51:M51) -> 704000 | O51: 완료(3/31) | P51: 천범석 | Q51: 45649
A52: . | B52: H250102-01 | D52: 45659 | E52: 이비웨이브 | F52: 아이엠티에스아이 | G52: 상품 | H52: 01AF542 | I52: Processor VRM 2B4E For 8231-E1C, E1D, E2D, 8268-E1D, 8246-L1C | J52: 1 | K52: 400000 | L52: =J52*K52 -> 400000 | M52: =L52*10% -> 40000 | N52: =SUM(L52:M52) -> 440000 | O52: 완료(3/31) | P52: 천범석 | Q52: 45672
A53: . | B53: X | D53: 45660 | E53: 에스케이브로드밴드 | G53: 일반경비 | H53: 통신비 | I53: 통신료 | J53: 1 | K53: 13839 | L53: =J53*K53 -> 13839 | M53: 1383 | N53: =SUM(L53:M53) -> 15222 | O53: 자동이체(1/31) | P53: 정지우 | Q53: X
A54: . | B54: SM-24020 | D54: 45663 | E54: 로보츠 | F54: 와이케이케이한국 | G54: MA | H54: 월간 | I54: BoardSystem 유지보수 - 1월 (4/12회) | J54: 1 | K54: 1060000 | L54: =J54*K54 -> 1060000 | M54: =L54*10% -> 106000 | N54: =SUM(L54:M54) -> 1166000 | O54: 완료(2/28) | P54: 이예지 | Q54: 45662
A55: . | B55: IK-24012 | D55: 45663 | E55: 한국아이씨에스 | F55: 인정보 | G55: MA | H55: 월간-IBM | I55: 대구텍 1월 유지정비료 - 1/6회 | J55: 1 | K55: 862260 | L55: =J55*K55 -> 862260 | M55: =L55*10% -> 86226 | N55: =SUM(L55:M55) -> 948486 | O55: 완료(2/28) | P55: 천범석 | Q55: 45663
A56: . | B56: H250106-01 | D56: 45663 | E56: 이비웨이브 | F56: 아이엠티에스아이 | G56: 상품 | H56: 69Y2926 | I56: Controller Battery for DS3512/DS3524 | J56: 1 | K56: 250000 | L56: =J56*K56 -> 250000 | M56: =L56*10% -> 25000 | N56: =SUM(L56:M56) -> 275000 | O56: 완료(3/31) | P56: 천범석 | Q56: 45672
A57: . | B57: H250106-02 | D57: 45663 | E57: 이비웨이브 | F57: 티에스씨인포 | G57: 상품 | H57: 1KPX8 | I57: DELL R740 SYSTEM BOARD = JMK61 | J57: 1 | K57: 750000 | L57: =J57*K57 -> 750000 | M57: =L57*10% -> 75000 | N57: =SUM(L57:M57) -> 825000 | O57: 완료(3/31) | P57: 천범석 | Q57: 45681
A58: . | B58: Y250107-01 | D58: 45664 | E58: 컴퓨존 | F58: 라온피플 | G58: 상품 | H58: 모니터 | I58: LG 27MR400 | J58: 1 | K58: 150000 | L58: =J58*K58 -> 150000 | M58: =L58*10% -> 15000 | N58: =SUM(L58:M58) -> 165000 | O58: 완료(1/7) | P58: 홍승민 | Q58: 45673
A59: . | B59: H250117-02 | D59: 45664 | E59: 스토리지케이투 | F59: 에이캐피탈 | G59: 상품 | H59: 00V7590 | I59: IBM LTO6/B | J59: 100 | K59: =53000/1.1 -> 48181.818 | L59: 4818182 | M59: 481818 | N59: =SUM(L59:M59) -> 5300000 | O59: 완료(2/28) | P59: 천범석 | Q59: 45677
A60: . | B60: S | D60: 45665 | E60: 로보츠 | G60: MA | H60: 기술지원 | I60: 보안취약점 1차 기술지원 | J60: 1 | K60: 10000000 | L60: =J60*K60 -> 10000000 | M60: =L60*10% -> 1000000 | N60: =SUM(L60:M60) -> 11000000 | O60: 완료(3/25) | P60: 이예지 | Q60: 45657 | S60: 정리
A61: . | B61: H241107 | D61: 45665 | E61: 알앤큐시스템 | F61: 로스만스파이스트비브이 | G61: MA | H61: 기술지원 | I61: Vulnerability Remediation 서울 (2025.01.01~2025.12.31) | J61: 1 | K61: 26000000 | L61: =J61*K61 -> 26000000 | M61: =L61*10% -> 2600000 | N61: =SUM(L61:M61) -> 28600000 | O61: 완료(1/24) | P61: 천범석 | Q61: 45590
A62: . | B62: X | D62: 45665 | E62: 컴퓨존 | G62: 상품 | H62: 케이블 | I62: 전원케이블 50EA | J62: 1 | K62: 90455 | L62: =J62*K62 -> 90455 | M62: 9045 | N62: =SUM(L62:M62) -> 99500 | O62: 완료(1/8) | P62: 이지훈 | Q62: X
B63: S | D63: 45666 | E63: 로보츠 | F63: 와이케이케이코리아 서울 | G63: 상품 | H63: 노트북 | I63: LG전자 노트북 15U50S-G.AP7TL | J63: 1 | K63: 1490000 | L63: =J63*K63 -> 1490000 | M63: =L63*10% -> 149000 | N63: =SUM(L63:M63) -> 1639000 | O63: 완료(2/28) | P63: 이예지 | Q63: 45666
A64: . | B64: SM-23012 | D64: 45667 | E64: 엘림넷 | F64: 택스홈앤아웃 본사 | G64: MA | H64: 월간 | I64: e-NETner 외 1건 | J64: 1 | K64: 155200 | L64: =J64*K64 -> 155200 | M64: 15520 | N64: =SUBTOTAL(9,L64:M64) -> 170720 | O64: 완료(1/26법카) | P64: 이예지 | Q64: 45658
A65: . | B65: SM-23012 | D65: 45667 | E65: 엘림넷 | F65: 택스홈앤아웃 본사 | G65: MA | H65: 월간 | I65: 전용회선료 외 1건 | J65: 1 | K65: 213400 | L65: =J65*K65 -> 213400 | M65: 21340 | N65: =SUBTOTAL(9,L65:M65) -> 234740 | O65: 완료(1/26법카) | P65: 이예지 | Q65: 45658
A66: . | B66: SM-23013 | D66: 45667 | E66: 엘림넷 | F66: 하이엔드택스 강남지점(압구정) | G66: MA | H66: 월간 | I66: e-NETner 외 1건 | J66: 1 | K66: 77600 | L66: =J66*K66 -> 77600 | M66: 7760 | N66: =SUBTOTAL(9,L66:M66) -> 85360 | O66: 완료(1/26법카) | P66: 이예지 | Q66: 45658
A67: . | B67: SM-23013 | D67: 45667 | E67: 엘림넷 | F67: 하이엔드택스 강남지점(압구정) | G67: MA | H67: 월간 | I67: 전용회선료 외 1건 | J67: 1 | K67: 145500 | L67: =J67*K67 -> 145500 | M67: 14550 | N67: =SUBTOTAL(9,L67:M67) -> 160050 | O67: 완료(1/26법카) | P67: 이예지 | Q67: 45658
A68: . | B68: H250110-01 | D68: 45667 | E68: 이비웨이브 | F68: 티에스씨인포 | G68: 상품 | H68: 061XPF | I68: DELL 146GB 15K 6G SFF SAS HDD | J68: 2 | K68: 80000 | L68: =J68*K68 -> 160000 | M68: =L68*10% -> 16000 | N68: =SUM(L68:M68) -> 176000 | O68: 완료(3/31) | P68: 천범석 | Q68: 45681
A69: . | B69: Y250113-01 | D69: 45670 | E69: 컴퓨존 | F69: 라온피플 | G69: 상품 | H69: 키보드&마우스 | I69: 로지텍 K120 NEW+ 마우스 M90 세트 외 케이블류 | J69: 1 | K69: =217300/1.1 -> 197545.45 | L69: =J69*K69 -> 197545.45 | M69: 19755 | N69: =SUM(L69:M69) -> 217300.45 | O69: 완료(1/13) | P69: 홍승민 | Q69: 45673
A70: . | B70: H250113-01 | D70: 45670 | E70: 이비웨이브 | F70: 티에스씨인포 | G70: 상품 | H70: 44X3212 | I70: IBM V7000 Storage 600GB 10K 2.5inch HDD 44X3212/90Y7652 | J70: 2 | K70: 120000 | L70: =J70*K70 -> 240000 | M70: =L70*10% -> 24000 | N70: =SUM(L70:M70) -> 264000 | O70: 완료(3/31) | P70: 천범석 | Q70: 45681
A71: . | B71: S | D71: 45671 | E71: 로보츠 | F71: 와이케이케이한국 평택 | G71: 상품 | H71: 노트북 | I71: 엘지노트북 외 | J71: 1 | K71: 2227000 | L71: =J71*K71 -> 2227000 | M71: =L71*10% -> 222700 | N71: =SUM(L71:M71) -> 2449700 | O71: 완료(2/28) | P71: 이예지 | Q71: 45702
A72: . | B72: S | D72: 45671 | E72: 프로미스 | G72: 상품 | H72: 기술지원 | I72: 보안취약 작업(DELL) #1 | J72: 1 | K72: 15000000 | L72: =J72*K72 -> 15000000 | M72: =L72*10% -> 1500000 | N72: =SUM(L72:M72) -> 16500000 | O72: 완료(1/15) | P72: 이예지 | Q72: X | S72: 정리
A73: . | B73: H250114-01 | D73: 45671 | E73: 위퍼스트 | F73: 다솜테크 | G73: 상품 | H73: 4XG7A38077 | I73: 4XG7A38077 SR650 Intel Xeon Gold 6246R 16C 205W 3.4GHz Processor w/o FAN | J73: 1 | K73: 1950000 | L73: =J73*K73 -> 1950000 | M73: =L73*10% -> 195000 | N73: =SUM(L73:M73) -> 2145000 | O73: 완료(2/28) | P73: 천범석 | Q73: 45681
A74: . | B74: Y250114-02 | D74: 45671 | E74: 컴퓨존 | F74: 삼표피앤씨 | G74: 상품 | H74: HDD | I74: 2TB 2.5" SATA SSD 외 | J74: 1 | K74: =164000/1.1 -> 149090.91 | L74: =J74*K74 -> 149090.91 | M74: =L74*10% -> 14909.091 | N74: =SUM(L74:M74) -> 164000 | O74: 완료(1/14) | P74: 홍승민 | Q74: 45679
A75: . | B75: SM-20017 | D75: 45672 | E75: 에스엔에이 | F75: 해안종합건축사사무소 | G75: MA | H75: 기술지원 | I75: HP 1630 유지보수 1월 - 8/12회 | J75: 1 | K75: 200000 | L75: =J75*K75 -> 200000 | M75: =L75*10% -> 20000 | N75: =SUM(L75:M75) -> 220000 | O75: 완료(3/31) | P75: 천범석 | Q75: 45658
A76: . | B76: H250115-01 | D76: 45672 | E76: 이비웨이브 | F76: 우리SIT | G76: 상품 | H76: AJ763A | I76: HPE 82E 8Gb 2-port PCIe Fibre Channel Host Bus Adapter | J76: 2 | K76: 100000 | L76: =J76*K76 -> 200000 | M76: =L76*10% -> 20000 | N76: =SUM(L76:M76) -> 220000 | O76: 완료(3/31) | P76: 천범석 | Q76: 45681
A77: . | B77: H250117-01 | D77: 45673 | E77: 위퍼스트 | F77: 매사 | G77: 상품 | H77: 54C33 | I77: DELL Controller Battery FS8600(중고) | J77: 1 | K77: 550000 | L77: =J77*K77 -> 550000 | M77: =L77*10% -> 55000 | N77: =SUM(L77:M77) -> 605000 | O77: 완료(2/28) | P77: 천범석 | Q77: 45678
A78: . | B78: H250116-01 | D78: 45673 | E78: 이비웨이브 | F78: 디에이치라이팅 | G78: 상품 | H78: 765873-001 | I78: 2TB 7.2K 12G SAS 2.5inch Enterprise Hard Drive | J78: 3 | K78: 200000 | L78: =J78*K78 -> 600000 | M78: =L78*10% -> 60000 | N78: =SUM(L78:M78) -> 660000 | O78: 완료(3/31) | P78: 천범석 | Q78: 45677
A79: . | B79: H250117-03 | D79: 45674 | E79: 이비웨이브 | F79: 에이캐피탈 | G79: MA | H79: 90Y8927 | I79: IBM 146GB 15K SFF SAS G2HS HDD 7915 06AWPVD | J79: 1 | K79: 80000 | L79: =J79*K79 -> 80000 | M79: =L79*10% -> 8000 | N79: =SUM(L79:M79) -> 88000 | O79: 완료(3/31) | P79: 천범석 | Q79: MA
A80: . | B80: Y250117-01 | D80: 45674 | E80: 컴퓨존 | F80: 에스엠티정보기술 | G80: 상품 | H80: OS | I80: Windows Server 2022 Standard (DSP/16core/64bit/CAL미포함16 core) | J80: 1 | K80: 1096609 | L80: =J80*K80 -> 1096609 | M80: 109661 | N80: =SUM(L80:M80) -> 1206270 | O80: 완료(1/17) | P80: 홍승민 | Q80: 45715
A81: . | B81: SM-23023 | D81: 45677 | E81: 이올테크 | F81: 중앙유통단지관리운영회 | G81: MA | H81: 월간 | I81: 1월 유지정비료 - 16/36회 | J81: 1 | K81: 370000 | L81: =J81*K81 -> 370000 | M81: =L81*10% -> 37000 | N81: =SUM(L81:M81) -> 407000 | O81: 완료(1/24) | P81: 천범석 | Q81: 45677
B82: Y250116-01 | D82: 45677 | E82: 위퍼스트 | F82: 제트컨버터 | G82: 상품 | H82: 서버 | I82: HPE DL360Gen10 | J82: 1 | K82: 4400000 | L82: =J82*K82 -> 4400000 | M82: =L82*10% -> 440000 | N82: =SUM(L82:M82) -> 4840000 | O82: 완료(2/28) | P82: 홍승민 | Q82: 45715
A83: . | B83: D250121-01 | D83: 45677 | E83: 이비웨이브 | F83: 고영테크놀러지 | G83: 상품 | H83: M393B2G70QH0-CK0 | I83: 16GB PC3-12800R(2Rx4) Memory Dimm | J83: 6 | K83: 40000 | L83: =J83*K83 -> 240000 | M83: =L83*10% -> 24000 | N83: =SUM(L83:M83) -> 264000 | O83: 완료(3/31) | P83: 이지훈 | Q83: 45701
A84: . | B84: X | D84: 45678 | E84: 아이엠캐피탈 | G84: 일반경비 | H84: 차량유지비 | I84: 법인차량(262무2108) 리스료898,500 선납렌탈료 551,270 -32/37회차 | J84: 1 | K84: 1449770 | L84: 1695350 | M84: X | N84: =SUM(L84:M84) -> 1695350 | O84: 자동이체1,144,080 (1/21) 선납551,270 (22/4/21) | P84: 정지우 | Q84: X | R84: 비과세
A85: . | B85: X | E85: 아이엠캐피탈 | G85: 일반경비 | H85: 차량유지비 | I85: 법인차량(262무2108) 자동차세 | J85: 1 | K85: 245580
A86: . | B86: H250118-01 | D86: 45678 | E86: 에스엔에이 | F86: 넷매니아 | G86: 상품 | H86: POWER | I86: POWER SUPPLY for DELL ME4024 | J86: 1 | K86: 800000 | L86: =J86*K86 -> 800000 | M86: =L86*10% -> 80000 | N86: =SUM(L86:M86) -> 880000 | O86: 완료(3/31) | P86: 천범석 | Q86: 45675
A87: . | B87: D250121-02 | D87: 45679 | E87: 컴퓨존 | F87: 고영테크놀러지 | G87: 상품 | H87: 조립PC | I87: 조립PC | J87: 1 | K87: 6212655 | L87: =J87*K87 -> 6212655 | M87: 621265 | N87: =SUM(L87:M87) -> 6833920 | O87: 완료(1/22) | P87: 이지훈 | Q87: 45701
A88: . | B88: D250121-01 | D88: 45679 | E88: 위퍼스트 | F88: 고영테크놀러지 | G88: 상품 | H88: CPU | I88: E5-2470V2 10C 2.4GHz | J88: 1 | K88: 90000 | L88: =J88*K88 -> 90000 | M88: =L88*10% -> 9000 | N88: =SUM(L88:M88) -> 99000 | O88: 완료(2/28) | P88: 이지훈 | Q88: 45701
A89: . | B89: SM-23031 | D89: 45679 | E89: 신세계아이앤씨 | F89: 온피아 | G89: MA | H89: 월간 | I89: 삼표 DB접근제어 유지보수 1월 - 6/12회 | J89: 1 | K89: 600000 | L89: =J89*K89 -> 600000 | M89: =L89*10% -> 60000 | N89: =SUM(L89:M89) -> 660000 | O89: 완료(2/28) | P89: 이예지 | Q89: 45681
A90: . | B90: SM-24025 | D90: 45680 | E90: 제이에스정보시스템 | F90: 소프트아이텍(건국대병원) | G90: MA | H90: 월간 | I90: 2024년 NCSC 사이버센터 고도화 사업 1월 유지정비료-3/5회 | J90: 1 | K90: 500000 | L90: =J90*K90 -> 500000 | M90: =L90*10% -> 50000 | N90: =SUM(L90:M90) -> 550000 | O90: 완료(3/31) | P90: 천범석 | Q90: 45636 | R90: 매출연간
B91: H250123-01 | D91: 45680 | E91: 이비웨이브 | F91: 티에스씨인포 | G91: 상품 | H91: 85Y6185 | I91: 300GB 15K 6G SAS 2.5inch Hard Drive | J91: 3 | K91: 80000 | L91: =J91*K91 -> 240000 | M91: =L91*10% -> 24000 | N91: =SUM(L91:M91) -> 264000 | O91: 완료(3/31) | P91: 천범석 | Q91: 45715
A92: . | B92: IK-24001 | D92: 45681 | E92: 알앤큐시스템 | F92: 로스만스/브리티쉬 | G92: MA | H92: 월간 | I92: BAT 통합 유지보수 1월분 - 1/12회 | J92: 1 | K92: 4950000 | L92: =J92*K92 -> 4950000 | M92: =L92*10% -> 495000 | N92: =SUM(L92:M92) -> 5445000 | O92: 완료(4/23) | P92: 천범석 | Q92: 45681
A93: . | B93: X | D93: 45681 | E93: 청소의신 | G93: 일반경비 | H93: 지급수수료 | I93: 1월 청소비 | J93: 1 | K93: 160000 | L93: =J93*K93 -> 160000 | M93: =L93*10% -> 16000 | N93: =SUM(L93:M93) -> 176000 | O93: 완료(1/24) | P93: 정지우 | Q93: X
A94: . | B94: X | D94: 45681 | E94: 비와이씨하이시티입주사대표회 | G94: 일반경비 | H94: 여비교통비 | I94: 대표님,천범석,엔지니어팀 2월 주차비 | J94: 1 | K94: 272727 | L94: =J94*K94 -> 272727 | M94: 27273 | N94: =SUM(L94:M94) -> 300000 | O94: 완료(1/24) | P94: 정지우 | Q94: X | R94: 부가세불공
A95: . | B95: SB-25014 | D95: 45681 | E95: 다솜테크 | F95: 와이젠정보기술 | G95: MA | H95: 월간 | I95: 안국약품 1월 기술지원료 - 1회 | J95: 1 | K95: 250000 | L95: =J95*K95 -> 250000 | M95: =L95*10% -> 25000 | N95: =SUM(L95:M95) -> 275000 | O95: 완료(3/31) | P95: 천범석 | Q95: 45716
A96: . | B96: X | D96: 45681 | E96: 삼표산업 | G96: 상품 | H96: 기타 | I96: 매각장비건 | J96: 1 | K96: 3790000 | L96: =J96*K96 -> 3790000 | M96: =L96*10% -> 379000 | N96: =SUM(L96:M96) -> 4169000 | O96: 완료(2/28) | P96: 이예지 | Q96: X
A97: . | B97: SM-24007 | D97: 45681 | E97: 다원씨앤에스 | F97: 연세의료원 | G97: MA | H97: 월간 | I97: 1월분 SIOS Lifekeeper 유지보수료 - 12/12회 | J97: 1 | K97: 200000 | L97: =J97*K97 -> 200000 | M97: =L97*10% -> 20000 | N97: =SUM(L97:M97) -> 220000 | O97: 완료(2/28) | P97: 이예지 | Q97: 45677
A98: . | B98: X | D98: 45682 | E98: 케이카 | G98: 일반경비 | H98: 차량유지비 | I98: 1월 차량렌트(xm3 4429)-25/37회 | J98: 1 | K98: =371000/1.1 -> 337272.73 | L98: 437273 | M98: 43727 | N98: =SUM(L98:M98) -> 481000 | O98: 자동이체(1/26) | P98: 정지우 | Q98: X | R98: 부가세불공
A99: . | B99: X | E99: 케이카 | G99: 일반경비 | H99: 차량유지비 | I99: 1월 선급금(xm3 4429)-25/37회 | J99: 1 | K99: 100000 | O99: 선납(22/12/29) | P99: 정지우 | Q99: X
A100: . | B100: X | D100: 45682 | E100: 롯데렌탈 | G100: 일반경비 | H100: 차량유지비 | I100: 1월 차량렌트(그랜저 8552)-34/49회 | J100: 1 | K100: 342614 | L100: =J100*K100 -> 342614 | M100: 34261 | N100: =SUM(L100:M100) -> 376875 | O100: 자동이체(1/31) | P100: 정지우 | Q100: X | R100: 부가세불공
...

Sheet 2월
B1: ="["&YEAR(D5)&"년 "&MONTH(D5)&"월 매입]" -> [2025년 2월 매입]
M2: x 비과세 0 영세 | O2: 완료 | Q2: 트루스케일
B3: 품의코드 | C3: Vendor 코드 | D3: 계산서 | E3: 매입처 | F3: 매출처 | G3: 구분 | H3: MA : 청구구분 상품 : PN | I3: 품목 | J3: 수량 | K3: 매입 | O3: 결제 | P3: 영업 담당자 | Q3: 매출처 세금계산서 | R3: 비고
K4: 단가 | L4: 공금가액 | M4: VAT | N4: 합계금액
A5: . | B5: X | D5: 45689 | E5: 에스케이쉴더스 금천지점 | G5: 일반경비 | H5: 지급수수료 | I5: 보안용역 월정료 2월분 | J5: 1 | K5: 71000 | L5: =J5*K5 -> 71000 | M5: =L5*10% -> 7100 | N5: =SUM(L5:M5) -> 78100 | O5: 자동이체(2/11) | P5: 정지우 | Q5: X
A6: . | B6: LI-24005 | D6: 45689 | E6: 한국아이씨에스 | F6: 해안종합건축사사무소 | G6: MA | H6: 월간-IBM | I6: 2월 유지정비료 - 9/12회 | J6: 1 | K6: 436400 | L6: =J6*K6 -> 436400 | M6: =L6*10% -> 43640 | N6: =SUM(L6:M6) -> 480040 | O6: 완료(3/31) | P6: 천범석 | Q6: 45689
A7: . | B7: LI-24006 | D7: 45689 | E7: 한국아이씨에스 | F7: 보해양조 | G7: MA | H7: 월간-IBM | I7: 2월 유지정비료 - 7/11회 | J7: 1 | K7: 277600 | L7: =J7*K7 -> 277600 | M7: =L7*10% -> 27760 | N7: =SUM(L7:M7) -> 305360 | O7: 완료(3/31) | P7: 천범석 | Q7: 45713
A8: . | B8: Y250203-01 | D8: 45691 | E8: 컴퓨존 | F8: 에스엠티정보기술 | G8: 상품 | H8: OS | I8: Windows Server 2022 Standard (DSP/16core/64bit/CAL미포함16 core) | J8: 1 | K8: 1096609 | L8: =J8*K8 -> 1096609 | M8: 109661 | N8: =SUM(L8:M8) -> 1206270 | O8: 완료(2/3) | P8: 홍승민 | Q8: 45715
A9: . | B9: IK-23021 | D9: 45691 | E9: 한국아이씨에스 | F9: 투아이시스 | G9: MA | H9: 월간-IBM | I9: 2월 유지정비료 - 12/12회 | J9: 1 | K9: 93456 | L9: =J9*K9 -> 93456 | M9: 9345 | N9: =SUM(L9:M9) -> 102801 | O9: 완료(3/31) | P9: 천범석 | Q9: 45380 | R9: 매출연간
A10: . | B10: IK-24006 | D10: 45691 | E10: 한국아이씨에스 | F10: 광양항서부터미널 | G10: MA | H10: 월간-IBM | I10: 2월 유지정비료 - 10/24회 | J10: 1 | K10: 3239404 | L10: =J10*K10 -> 3239404 | M10: 323940 | N10: =SUM(L10:M10) -> 3563344 | O10: 완료(3/31) | P10: 홍승민 | Q10: 45716
A11: . | B11: LI-24008 | D11: 45691 | E11: 한국아이씨에스 | F11: 쿠팡 | G11: MA | H11: 월간-IBM | I11: 2월 유지정비료 - 7/13회 | J11: 1 | K11: 205780 | L11: 205780 | M11: 20578 | N11: =SUM(L11:M11) -> 226358 | O11: 완료(3/31) | P11: 천범석 | Q11: 45491 | R11: 매출연간
A12: . | B12: IK-24012 | D12: 45691 | E12: 한국아이씨에스 | F12: 인정보 | G12: MA | H12: 월간-IBM | I12: 대구텍 2월 유지정비료 - 2/6회 | J12: 1 | K12: 990000 | L12: =J12*K12 -> 990000 | M12: =L12*10% -> 99000 | N12: =SUM(L12:M12) -> 1089000 | O12: 완료(3/31) | P12: 천범석 | Q12: 45689
A13: . | B13: LI-24003 | D13: 45691 | E13: 한국아이씨에스 | F13: 지엔콤 | G13: MA | H13: 월간-IBM | I13: 전주교육대학교 2월 유지정비료 - 10/12회 | J13: 1 | K13: 305280 | L13: =J13*K13 -> 305280 | M13: 30528 | N13: =SUM(L13:M13) -> 335808 | O13: 완료(3/31) | P13: 천범석 | Q13: 45716
A14: . | B14: IK-23016 | D14: 45691 | E14: 한국아이씨에스 | F14: 케이정보기술 | G14: MA | H14: 월간-IBM | I14: 청주시청 2월 유지정비료 - 18/36회 | J14: 1 | K14: 259896 | L14: =J14*K14 -> 259896 | M14: 25989 | N14: =SUM(L14:M14) -> 285885 | O14: 완료(3/31) | P14: 천범석 | Q14: 45689
A15: . | B15: IK-23013 | D15: 45691 | E15: 한국아이씨에스 | F15: 로보츠 | G15: MA | H15: 월간-IBM | I15: 도시바일렉 2월 유지정비료 - 8/12회 | J15: 1 | K15: 66498 | L15: =J15*K15 -> 66498 | M15: 6649 | N15: =SUM(L15:M15) -> 73147 | O15: 완료(3/31) | P15: 천범석 | Q15: 45716
A16: . | B16: LI-24007 | D16: 45691 | E16: 한국아이씨에스 | F16: 유더블유에스 | G16: MA | H16: 월간-IBM | I16: 두원정공 2월 유지정비료 - 7/11회 | J16: 1 | K16: 80160 | L16: 80160 | M16: 8016 | N16: =SUM(L16:M16) -> 88176 | O16: 완료(3/31) | P16: 천범석 | Q16: 45716
A17: . | B17: IK-23014 | D17: 45691 | E17: 한국아이씨에스 | F17: 서비스링크 | G17: MA | H17: 월간-IBM | I17: 세원정공 2월 유지정비료 - 8/12회 | J17: 1 | K17: 198018 | L17: =J17*K17 -> 198018 | M17: 19801 | N17: =SUM(L17:M17) -> 217819 | O17: 완료(3/31) | P17: 천범석 | Q17: 45689
A18: . | B18: SM-21021 | D18: 45691 | E18: 한국아이씨에스 | F18: 법무법인바른 | G18: MA | H18: 월간-IBM | I18: 2월 유지정비료 - 6/13회 | J18: 1 | K18: 84811 | L18: =J18*K18 -> 84811 | M18: 8481 | N18: =SUM(L18:M18) -> 93292 | O18: 완료(3/31) | P18: 천범석 | Q18: 45713
A19: . | B19: IK-24011 | D19: 45691 | E19: 한국아이씨에스 | F19: 로보츠 | G19: MA | H19: 월간-IBM | I19: 키오시아(도시바) 2월 유지정비료 - 3/12회 | J19: 1 | K19: 133875 | L19: =J19*K19 -> 133875 | M19: 13387 | N19: =SUM(L19:M19) -> 147262 | O19: 완료(3/31) | P19: 천범석 | Q19: 45716
A20: . | B20: SM-25011 | D20: 45691 | E20: 한국아이씨에스 | F20: 유니포인트 | G20: MA | H20: 월간-IBM | I20: 한미약품/한미사이언스 2월 유지정비료 - 2/12회 | J20: 1 | K20: 11623397 | L20: =J20*K20 -> 11623397 | M20: 1162339 | N20: =SUM(L20:M20) -> 12785736 | O20: 완료(3/31) | P20: 천범석 | Q20: 45713
A21: . | B21: IK-22025 | D21: 45691 | E21: 한국아이씨에스 | F21: 디에스피 | G21: MA | H21: 월간-IBM | I21: 엘지생활건강 청주공장 2월 유지정비료 - 1/12회 | J21: 1 | K21: 564192 | L21: =J21*K21 -> 564192 | M21: 56419 | N21: =SUM(L21:M21) -> 620611 | O21: 완료(3/31) | P21: 천범석 | Q21: 45689
A22: . | B22: SM-25003 | D22: 45691 | E22: 한국아이씨에스 | F22: CGV 통합 | G22: MA | H22: 월간-IBM | I22: 2월 유지정비료 - 2/12회 | J22: 1 | K22: 2812500 | L22: =J22*K22 -> 2812500 | M22: 281250 | N22: =SUM(L22:M22) -> 3093750 | O22: 완료(3/31) | P22: 이예지 | Q22: 45666 | R22: 매출연간
A23: . | B23: IK-23016 | D23: 45691 | E23: 한국아이씨에스 | F23: 케이정보기술 | G23: MA | H23: 월간-IBM | I23: 청주시청 2월 유지정비료 - 2/20회 추가 | J23: 1 | K23: 1123962 | L23: =J23*K23 -> 1123962 | M23: 112396 | N23: =SUM(L23:M23) -> 1236358 | O23: 완료(3/31) | P23: 천범석 | Q23: 45689
A24: . | B24: SM-24021 | D24: 45691 | E24: 한국아이씨에스 | F24: 에이캐피탈 | G24: MA | H24: 월간-IBM | I24: 2월 유지정비료 - 6/12회 | J24: 1 | K24: 691782 | L24: =J24*K24 -> 691782 | M24: 69178 | N24: =SUM(L24:M24) -> 760960 | O24: 완료(3/31) | P24: 천범석 | Q24: 45721
A25: . | B25: IK-24014 | D25: 45691 | E25: 한국아이씨에스 | F25: 로보츠 | G25: MA | H25: 월간-IBM | I25: 와이케이케이 2월 유지정비료 - 2/12회 | J25: 1 | K25: 79496 | L25: =J25*K25 -> 79496 | M25: 7949 | N25: =SUM(L25:M25) -> 87445 | O25: 완료(3/31) | P25: 천범석 | Q25: 45713
A26: . | B26: IK-22023 | D26: 45691 | E26: 한국아이씨에스 | F26: 리온아이티 | G26: MA | H26: 월간-IBM | I26: 성원제강 2월 유지정비료 - 23/36회 | J26: 1 | K26: 159761 | L26: =J26*K26 -> 159761 | M26: 15976 | N26: =SUM(L26:M26) -> 175737 | O26: 완료(3/31) | P26: 천범석 | Q26: 45716
A27: . | B27: IK-24002 | D27: 45691 | E27: 한국아이씨에스 | F27: 리온아이티 | G27: MA | H27: 월간-IBM | I27: 교세라 2월 유지정비료 - 13/36회 | J27: 1 | K27: 70422 | L27: =J27*K27 -> 70422 | M27: 7042 | N27: =SUM(L27:M27) -> 77464 | O27: 완료(3/31) | P27: 천범석 | Q27: 45716 | R27: 매출연간
A28: . | B28: LI-24009 | D28: 45691 | E28: 한국아이씨에스 | F28: 아이리스인포테크 | G28: MA | H28: 월간-IBM | I28: 프레이저플레이스 2월 유지정비료 - 7/12회 | J28: 1 | K28: 95200 | L28: =J28*K28 -> 95200 | M28: =L28*10% -> 9520 | N28: =SUM(L28:M28) -> 104720 | O28: 완료(3/31) | P28: 천범석 | Q28: 45716 | R28: 매출분기
A29: . | B29: LI-24006 | D29: 45691 | E29: 한국아이씨에스 | F29: 보해양조 | G29: MA | H29: 월간-IBM | I29: 2월 유지정비료 - 8/12회 | J29: 1 | K29: 142800 | L29: =J29*K29 -> 142800 | M29: =L29*10% -> 14280 | N29: =SUM(L29:M29) -> 157080 | O29: 완료(3/31) | P29: 천범석 | Q29: 45713
A30: . | B30: IK-24005 | D30: 45691 | E30: 한국아이씨에스 | F30: 엔콤 | G30: MA | H30: 월간-IBM | I30: 전북도시가스 2월 유지정비료 - 11/12회 | J30: 1 | K30: 1263250 | L30: =J30*K30 -> 1263250 | M30: 126325 | N30: =SUM(L30:M30) -> 1389575 | O30: 완료(3/31) | P30: 천범석 | Q30: 45716
A31: . | B31: IK-22022 | D31: 45691 | E31: 한국아이씨에스 | F31: 리온아이티 | G31: MA | H31: 월간-IBM | I31: 한일전기 2월 유지정비료 - 26/36회 | J31: 1 | K31: 309047 | L31: =J31*K31 -> 309047 | M31: 30904 | N31: =SUM(L31:M31) -> 339951 | O31: 완료(3/31) | P31: 천범석 | Q31: 45658 | R31: 매출분기
A32: . | B32: IK-22021 | D32: 45691 | E32: 한국아이씨에스 | F32: 리온아이티 | G32: MA | H32: 월간-IBM | I32: 문배철강 2월 유지정비료 - 23/36회 | J32: 1 | K32: 212293 | L32: =J32*K32 -> 212293 | M32: 21229 | N32: =SUM(L32:M32) -> 233522 | O32: 완료(3/31) | P32: 천범석 | Q32: 45716
A33: . | B33: IK-24013 | D33: 45691 | E33: 한국아이씨에스 | F33: 레드텍 | G33: MA | H33: 월간-IBM | I33: 대한상공회의소 2월 유지정비료 - 4/12회 | J33: 1 | K33: 145780 | L33: =J33*K33 -> 145780 | M33: 14578 | N33: =SUM(L33:M33) -> 160358 | O33: 완료(3/31) | P33: 천범석 | Q33: 45689
A34: . | B34: LI-24004 | D34: 45691 | E34: 한국아이씨에스 | F34: 한국메탈 | G34: MA | H34: 월간-IBM | I34: 2월유지정비료 - 10/32회 | J34: 1 | K34: 316682 | L34: =J34*K34 -> 316682 | M34: 31668 | N34: =SUM(L34:M34) -> 348350 | O34: 완료(3/31) | P34: 천범석 | Q34: 45689
A35: . | B35: SB-24036 | D35: 45691 | E35: 한국아이씨에스 | F35: 나라정보 | G35: MA | H35: 월간-IBM | I35: 부국철강 2월 유지정비료 - 10/32 회 | J35: 1 | K35: 190849 | L35: =J35*K35 -> 190849 | M35: 19084 | N35: =SUM(L35:M35) -> 209933 | O35: 완료(3/31) | P35: 천범석 | Q35: 45716
A36: . | B36: S | D36: 45691 | E36: 프로미스 | G36: 상품 | H36: 기술지원 | I36: 보안취약 작업(LENOVO) #2 | J36: 1 | K36: 15000000 | L36: =J36*K36 -> 15000000 | M36: =L36*10% -> 1500000 | N36: =SUM(L36:M36) -> 16500000 | O36: 완료(2/28) | P36: 이예지 | Q36: 45643 | S36: 정리
A37: . | B37: S241223 | D37: 45691 | E37: 프로미스 | F37: 다솜테크 | G37: 상품 | H37: 기술지원 | I37: dell 서버 기술지원 | J37: 1 | K37: 600000 | L37: =J37*K37 -> 600000 | M37: =L37*10% -> 60000 | N37: =SUM(L37:M37) -> 660000 | O37: 완료(2/28) | P37: 이예지 | Q37: 45657
A38: . | B38: H250203-01 | D38: 45691 | E38: 이비웨이브 | F38: 티에스씨인포 | G38: 상품 | H38: 80P3162 | I38: 73GB U320 15K 80Pin SCSI Hard Drive | J38: 1 | K38: 120000 | L38: =J38*K38 -> 120000 | M38: =L38*10% -> 12000 | N38: =SUM(L38:M38) -> 132000 | O38: 완료(4/30) | P38: 천범석 | Q38: 45716
A39: . | B39: X | D39: 45691 | E39: 에스케이브로드밴드 | G39: 일반경비 | H39: 통신비 | I39: 통신료 | J39: 1 | K39: 12956 | L39: =J39*K39 -> 12956 | M39: 1295 | N39: =SUM(L39:M39) -> 14251 | O39: 자동이체(2/28) | P39: 정지우 | Q39: X
A40: . | B40: S | D40: 45693 | E40: 로보츠 | G40: MA | H40: 기술지원 | I40: 보안취약점 2차 기술지원 | J40: 1 | K40: 10000000 | L40: =J40*K40 -> 10000000 | M40: =L40*10% -> 1000000 | N40: =SUM(L40:M40) -> 11000000 | O40: 완료(3/25) | P40: 이예지 | Q40: 45657 | S40: 정리
A41: . | B41: SM-24020 | D41: 45693 | E41: 로보츠 | F41: 와이케이케이한국 | G41: MA | H41: 월간 | I41: BoardSystem 유지보수 - 2월 (5/12회) | J41: 1 | K41: 1060000 | L41: =J41*K41 -> 1060000 | M41: =L41*10% -> 106000 | N41: =SUM(L41:M41) -> 1166000 | O41: 완료(3/25) | P41: 이예지 | Q41: 45693
A42: . | B42: H250206-01 | D42: 45694 | E42: 이비웨이브 | F42: 티에스씨인포 | G42: 상품 | H42: 46M0918 | I42: SERVERAID M5014 RAID CONTROLLER | J42: 1 | K42: 60000 | L42: 380000 | M42: =L42*10% -> 38000 | N42: =SUM(L42:M42) -> 418000 | O42: 완료(4/30) | P42: 천범석 | Q42: 45716
A43: . | B43: H250206-02 | E43: 이비웨이브 | F43: 티에스씨인포 | G43: 상품 | H43: 46M0854 | I43: SERVERAID M5025 SAS/SATA CONTROLLER | J43: 1 | K43: 120000
A44: . | B44: H250206-03 | E44: 이비웨이브 | F44: 티에스씨인포 | G44: 상품 | H44: 81Y4451 | I44: IBM Serveraid M5000 Battery Kit | J44: 2 | K44: 100000
A45: . | B45: H250207-01 | D45: 45695 | E45: 이비웨이브 | F45: 티에스씨인포 | G45: 상품 | H45: 01LJ786 | I45: IBM 900GB 10K RPM 12Gbps 2.5" SAS HDD | J45: 1 | K45: 150000 | L45: =J45*K45 -> 150000 | M45: =L45*10% -> 15000 | N45: =SUM(L45:M45) -> 165000 | O45: 완료(4/30) | P45: 천범석 | Q45: 45716
A46: . | B46: H250210-01 | D46: 45698 | E46: 이비웨이브 | F46: 인코어 | G46: 상품 | H46: 1P7DP | I46: 2TB 7.2K 6G SAS 3.5inch Hard Drive | J46: 1 | K46: 120000 | L46: =J46*K46 -> 120000 | M46: =L46*10% -> 12000 | N46: =SUM(L46:M46) -> 132000 | O46: 완료(4/30) | P46: 천범석 | Q46: 45713
A47: . | B47: X | D47: 45698 | E47: 컴퓨존 | G47: 일반경비 | H47: 소모품 | I47: 보조배터리10000M 외 | J47: 1 | K47: 25782 | L47: =J47*K47 -> 25782 | M47: 2578 | N47: =SUM(L47:M47) -> 28360 | O47: 완료(2/10) | P47: 이예지 | Q47: X
A48: . | B48: S | D48: 45698 | E48: 로보츠 | F48: 와이케이케이한국 | G48: 상품 | H48: 노트북 | I48: LG전자 노트북 15U50S-G.AP7TL | J48: 1 | K48: 1490000 | L48: =J48*K48 -> 1490000 | M48: =L48*10% -> 149000 | N48: =SUM(L48:M48) -> 1639000 | O48: 완료(3/25) | P48: 이예지 | Q48: 45698
A49: . | B49: SM-23012 | D49: 45698 | E49: 엘림넷 | F49: 택스홈앤아웃 본사 | G49: MA | H49: 월간 | I49: e-NETner 외 1건 | J49: 1 | K49: 155200 | L49: =J49*K49 -> 155200 | M49: 15520 | N49: =SUBTOTAL(9,L49:M49) -> 170720 | O49: 완료(2/26법카) | P49: 이예지 | Q49: 45689
A50: . | B50: SM-23012 | D50: 45698 | E50: 엘림넷 | F50: 택스홈앤아웃 본사 | G50: MA | H50: 월간 | I50: 전용회선료 외 1건 | J50: 1 | K50: 213400 | L50: =J50*K50 -> 213400 | M50: 21340 | N50: =SUBTOTAL(9,L50:M50) -> 234740 | O50: 완료(2/26법카) | P50: 이예지 | Q50: 45689
A51: . | B51: SM-23013 | D51: 45698 | E51: 엘림넷 | F51: 하이엔드택스 강남지점(압구정) | G51: MA | H51: 월간 | I51: e-NETner 외 1건 | J51: 1 | K51: 77600 | L51: =J51*K51 -> 77600 | M51: 7760 | N51: =SUBTOTAL(9,L51:M51) -> 85360 | O51: 완료(2/26법카) | P51: 이예지 | Q51: 45689
A52: . | B52: SM-23013 | D52: 45698 | E52: 엘림넷 | F52: 하이엔드택스 강남지점(압구정) | G52: MA | H52: 월간 | I52: 전용회선료 외 1건 | J52: 1 | K52: 145500 | L52: =J52*K52 -> 145500 | M52: 14550 | N52: =SUBTOTAL(9,L52:M52) -> 160050 | O52: 완료(2/26법카) | P52: 이예지 | Q52: 45689
A53: . | B53: H250210-02 | D53: 45699 | E53: 컴퓨존 | F53: 하이엔드택스 양재지점 | G53: 상품 | H53: UPS BATTERY | I53: APC UPS 2200 BATTERY | J53: 1 | K53: 572364 | L53: =J53*K53 -> 572364 | M53: 57236 | N53: =SUM(L53:M53) -> 629600 | O53: 완료(2/11) | P53: 천범석 | Q53: 2/13신한카드
A54: . | B54: H250211-01 | D54: 45699 | E54: 이비웨이브 | F54: 티에스씨인포 | G54: 상품 | H54: 44X3212 | I54: IBM V7000 Storage 600GB 10K 2.5inch HDD 44X3212/90Y7652 | J54: 1 | K54: 150000 | L54: =J54*K54 -> 150000 | M54: =L54*10% -> 15000 | N54: =SUM(L54:M54) -> 165000 | O54: 완료(4/30) | P54: 천범석 | Q54: 45716
A55: . | B55: X | D55: 45700 | E55: 컴퓨존 | G55: 일반경비 | H55: 소모품 | I55: (수정 2/10) 도킹형 C타입 2In1 고속 보조배터리 | J55: 1 | K55: -9845 | L55: =J55*K55 -> -9845 | M55: -985 | N55: =SUM(L55:M55) -> -10830 | O55: 환불(2/11) | P55: 이예지 | Q55: X
A56: . | B56: H250212-01 | D56: 45700 | E56: 이비웨이브 | F56: 티에스씨인포 | G56: 상품 | H56: 01KR355 | I56: Lenovo 32GB PC4-23400V DDR4-2933 2RX4 ECC RDIMM Server Memory | J56: 1 | K56: 190000 | L56: =J56*K56 -> 190000 | M56: =L56*10% -> 19000 | N56: =SUM(L56:M56) -> 209000 | O56: 완료(4/30) | P56: 천범석 | Q56: 45716
B57: SM-25008 | D57: 45701 | E57: 한국아이씨에스 | F57: 유니포인트 | G57: MA | H57: 월간-IBM | I57: 스마트로 1~2월 유지정비료 - 1~2/12회 | J57: 1 | K57: 2421068 | L57: =J57*K57 -> 2421068 | M57: 242106 | N57: =SUM(L57:M57) -> 2663174 | O57: 완료(3/31) | P57: 천범석 | Q57: 1/31,2/24
A58: . | B58: H250213-02 | D58: 45701 | E58: 컴퓨존 | F58: 브리티쉬아메리칸토바코 | G58: 상품 | H58: USB Blocker | I58: [LINDY] 보안 커텍터, 추가구매용 USB 블록, LINDY-40460 10개 [레드/5 SET] / LINDY-40463 [오렌지/21 SET] | J58: 26 | K58: 27036 | L58: 702945 | M58: 70295 | N58: =SUM(L58:M58) -> 773240 | O58: 완료(2/13) | P58: 천범석 | Q58: 45706
A59: . | B59: X | D59: 45701 | E59: 헬프유 | G59: 일반경비 | H59: 소모품 | I59: 원격지원 프로그램 - 헬프유 1+2계정 - 1년 | J59: 1 | K59: 270000 | L59: =J59*K59 -> 270000 | M59: =L59*10% -> 27000 | N59: =SUM(L59:M59) -> 297000 | O59: 완료(2/13) | P59: 정지우 | Q59: X
A60: . | B60: SM-20017 | D60: 45703 | E60: 에스엔에이 | F60: 해안종합건축사사무소 | G60: MA | H60: 기술지원 | I60: HP 1630 유지보수 2월 - 9/12회 | J60: 1 | K60: 200000 | L60: =J60*K60 -> 200000 | M60: =L60*10% -> 20000 | N60: =SUM(L60:M60) -> 220000 | O60: 완료(4/30) | P60: 천범석 | Q60: 45689
A61: . | B61: SM-23031 | D61: 45706 | E61: 신세계아이앤씨 | F61: 온피아 | G61: MA | H61: 월간 | I61: 삼표 DB접근제어 유지보수 2월 - 7/12회 | J61: 1 | K61: 600000 | L61: =J61*K61 -> 600000 | M61: =L61*10% -> 60000 | N61: =SUM(L61:M61) -> 660000 | O61: 완료(3/31) | P61: 이예지 | Q61: 45716
A62: . | B62: X | D62: 45706 | E62: 컴퓨존 | G62: 상품 | H62: 공유기 | I62: ipTIME A604SE | J62: 1 | K62: 19545 | L62: =J62*K62 -> 19545 | M62: 1955 | N62: =SUM(L62:M62) -> 21500 | O62: 완료(2/18) | P62: 이예지 | Q62: X
A63: . | B63: H250219-01 | D63: 45707 | E63: 이비웨이브 | F63: 강북21세기병원 | G63: 상품 | H63: 293048-B21 | I63: 60x38mm Hot-Plug Fan Proliant DL380G4 | J63: 2 | K63: 40000 | L63: =J63*K63 -> 80000 | M63: =L63*10% -> 8000 | N63: =SUM(L63:M63) -> 88000 | O63: 완료(4/30) | P63: 천범석 | Q63: 45713
A64: . | B64: Y250220-01 | D64: 45708 | E64: 컴퓨존 | F64: 라온피플 | G64: 상품 | H64: 케이블 | I64: DisplayPort 1.2 to HDMI 1.4 변환케이블 1.8m | J64: 20 | K64: =2080/1.1 -> 1890.9091 | L64: 37818 | M64: 3782 | N64: =SUM(L64:M64) -> 41600 | O64: 완료(2/20) | P64: 홍승민 | Q64: 무상지원
A65: . | B65: SM-23023 | D65: 45708 | E65: 이올테크 | F65: 중앙유통단지관리운영회 | G65: MA | H65: 월간 | I65: 2월 유지정비료 - 17/36회 | J65: 1 | K65: 370000 | L65: =J65*K65 -> 370000 | M65: =L65*10% -> 37000 | N65: =SUM(L65:M65) -> 407000 | O65: 완료(2/28) | P65: 천범석 | Q65: 45708
A66: . | B66: D250217-01 | D66: 45708 | E66: 위퍼스트 | F66: 아이엘에스 | G66: 상품 | H66: 00YG670 | I66: Lenovo 6TB 7.2K SAS 3.5" HDD For DS4200[Used] | J66: 4 | K66: 280000 | L66: =J66*K66 -> 1120000 | M66: =L66*10% -> 112000 | N66: =SUM(L66:M66) -> 1232000 | O66: 완료(3/31) | P66: 이지훈 | Q66: 45716
A67: . | B67: X | D67: 45709 | E67: 아이엠캐피탈 | G67: 일반경비 | H67: 차량유지비 | I67: 법인차량(262무2108) 리스료898,500 선납렌탈료 551,270 -33/37회차 | J67: 1 | K67: 1449770 | L67: 1449770 | M67: X | N67: =SUM(L67:M67) -> 1449770 | O67: 자동이체898,500 (2/21) 선납551,270 (22/4/21) | P67: 정지우 | Q67: X | R67: 비과세
A68: . | B68: Y250123-01 Y250218-01 Y250305-02 Y250310-01 | D68: 45709 | E68: 이룸에스앤앤 | F68: 온피아 온피아 온피아 온피아 | G68: 상품 | H68: 서버 | I68: Lenovo ThinkSystem SR250v2 | J68: 4 | K68: 2950000 | L68: =J68*K68 -> 11800000 | M68: =L68*10% -> 1180000 | N68: =SUM(L68:M68) -> 12980000 | O68: 완료(4/30) | P68: 홍승민 | Q68: 2025-02-28 2025-02-28 2025-03-31 2025-03-31
A69: . | B69: X | D69: 45713 | E69: 케이카 | G69: 일반경비 | H69: 차량유지비 | I69: 2월 차량렌트(xm3 4429)-26/37회 | J69: 1 | K69: =371000/1.1 -> 337272.73 | L69: 437273 | M69: 43727 | N69: =SUM(L69:M69) -> 481000 | O69: 자동이체(2/25) | P69: 정지우 | Q69: X | R69: 부가세불공
A70: . | B70: X | E70: 케이카 | G70: 일반경비 | H70: 차량유지비 | I70: 2월 선급금(xm3 4429)-26/37회 | J70: 1 | K70: 100000 | O70: 선납(22/12/29) | P70: 정지우 | Q70: X
A71: . | B71: X | D71: 45713 | E71: 롯데렌탈 | G71: 일반경비 | H71: 차량유지비 | I71: 2월 차량렌트(그랜저 8552)-35/49회 | J71: 1 | K71: 342614 | L71: =J71*K71 -> 342614 | M71: 34261 | N71: =SUM(L71:M71) -> 376875 | O71: 자동이체(2/25) | P71: 정지우 | Q71: X | R71: 부가세불공
A72: . | B72: X | D72: 45713 | E72: 롯데렌탈 | G72: 일반경비 | H72: 차량유지비 | I72: 2월 선급금(그랜저 8552)-35/49회 | J72: 1 | K72: 234659 | L72: =J72*K72 -> 234659 | M72: 23466 | N72: =SUM(L72:M72) -> 258125 | O72: 선납(22/4/5) | P72: 정지우 | Q72: X | R72: 부가세불공
A73: . | B73: X | D73: 45713 | E73: 롯데렌탈 | G73: 일반경비 | H73: 차량유지비 | I73: 2월 차량렌트(G80 3061)-35/49회 | J73: 1 | K73: 488069 | L73: =J73*K73 -> 488069 | M73: 48806 | N73: =SUM(L73:M73) -> 536875 | O73: 자동이체(2/25) | P73: 정지우 | Q73: X | R73: 부가세불공
A74: . | B74: X | D74: 45713 | E74: 롯데렌탈 | G74: 일반경비 | H74: 차량유지비 | I74: 2월 선급금(G80 3061)-35/49회 | J74: 1 | K74: 307386 | L74: =J74*K74 -> 307386 | M74: 30739 | N74: =SUM(L74:M74) -> 338125 | O74: 선납(22/4/5) | P74: 정지우 | Q74: X | R74: 부가세불공
A75: . | B75: X | D75: 45713 | E75: 비와이씨하이시티입주사대표회 | G75: 일반경비 | H75: 여비교통비 | I75: 대표님,천범석,엔지니어팀 3월 주차비 | J75: 1 | K75: 272727 | L75: =J75*K75 -> 272727 | M75: 27273 | N75: =SUM(L75:M75) -> 300000 | O75: 완료(2/25) | P75: 정지우 | Q75: X | R75: 부가세불공
A76: . | B76: X | D76: 45713 | E76: 청소의신 | G76: 일반경비 | H76: 지급수수료 | I76: 2월 청소비 | J76: 1 | K76: 160000 | L76: =J76*K76 -> 160000 | M76: =L76*10% -> 16000 | N76: =SUM(L76:M76) -> 176000 | O76: 완료(2/28) | P76: 정지우 | Q76: X
A77: . | B77: SM-24007 | D77: 45713 | E77: 다원씨앤에스 | F77: 연세의료원 | G77: MA | H77: 월간 | I77: 2월분 SIOS Lifekeeper 유지보수료 - 1/12회 | J77: 1 | K77: 200000 | L77: =J77*K77 -> 200000 | M77: =L77*10% -> 20000 | N77: =SUM(L77:M77) -> 220000 | O77: 완료(3/31) | P77: 이예지 | Q77: 45708
A78: . | B78: IK-24001 | D78: 45714 | E78: 알앤큐시스템 | F78: 로스만스/브리티쉬 | G78: MA | H78: 월간 | I78: BAT 통합 유지보수 2월분 - 2/12회 | J78: 1 | K78: 4950000 | L78: =J78*K78 -> 4950000 | M78: =L78*10% -> 495000 | N78: =SUM(L78:M78) -> 5445000 | O78: 완료(5/15) | P78: 천범석 | Q78: 45716
A79: . | B79: SM-24025 | D79: 45714 | E79: 제이에스정보시스템 | F79: 소프트아이텍(건국대병원) | G79: MA | H79: 월간 | I79: 2024년 NCSC 사이버센터 고도화 사업 2월 유지정비료-4/5회 | J79: 1 | K79: 500000 | L79: =J79*K79 -> 500000 | M79: =L79*10% -> 50000 | N79: =SUM(L79:M79) -> 550000 | O79: 완료(4/30) | P79: 천범석 | Q79: 45636 | R79: 매출연간
A80: . | B80: X | D80: 45714 | E80: 더좋은샘물 | G80: 일반경비 | H80: 복리후생비 | I80: 생수 | J80: 4 | K80: 6000 | L80: =J80*K80 -> 24000 | M80: =L80*10% -> 2400 | N80: =SUM(L80:M80) -> 26400 | O80: 완료(3/10) | P80: 정지우 | Q80: X
A81: . | B81: H250227-03 | D81: 45715 | E81: 컴퓨존 | F81: 브리티쉬아메리칸토바코 | G81: 상품 | H81: USB Blocker | I81: [LINDY] 보안 커텍터, 추가구매용 USB 블록, LINDY-40460 20개 [레드/10 SET] / LINDY-40463 [오렌지/10 SET] 외 | J81: 1 | K81: 1081455 | L81: =J81*K81 -> 1081455 | M81: 108145 | N81: =SUM(L81:M81) -> 1189600 | O81: 완료(2/27) | P81: 천범석 | Q81: 45727
B82: X | D82: 45715 | E82: 법무법인원 | G82: 일반경비 | H82: 지급수수료 | I82: 대표이사 주소변경 등기수수료 | J82: 1 | K82: 100000 | L82: =J82*K82 -> 100000 | M82: =L82*10% -> 10000 | N82: =SUM(L82:M82) -> 110000 | O82: 완료(2/28) | P82: 정지우 | Q82: X
A83: . | B83: H250227-02 | D83: 45715 | E83: 이비웨이브 | F83: 포테크 | G83: 상품 | H83: 785410-001 | I83: HP 300GB 12G SAS 10K 2.5 SC ENT HDD | J83: 1 | K83: 100000 | L83: =J83*K83 -> 100000 | M83: =L83*10% -> 10000 | N83: =SUM(L83:M83) -> 110000 | O83: 완료(4/30) | P83: 천범석 | Q83: 45716
A84: . | B84: SM-24024 | D84: 45716 | E84: 디씨에스에스테크놀러지코리아 | F84: 강북21세기병원 | G84: MA | H84: 월간-DCSS | I84: 2월 유지정비료 - 3/12회 | J84: 1 | K84: 20600 | L84: 1302080 | M84: =L84*10% -> 130208 | N84: =SUM(L84:M84) -> 1432288 | O84: 완료(3/31) | P84: 천범석 | Q84: 45713
A85: . | B85: IK-24011 | E85: 디씨에스에스테크놀러지코리아 | F85: 로보츠 | G85: MA | H85: 월간-DCSS | I85: 키오시아 2월 유지정비료 - 3/12회 | J85: 1 | K85: 70180 | P85: 천범석 | Q85: 45713
A86: . | B86: SM-24021 | E86: 디씨에스에스테크놀러지코리아 | F86: 에이캐피탈 | G86: MA | H86: 월간-DCSS | I86: 2월 유지정비료 - 3/9회 | J86: 1 | K86: 352900 | P86: 이예지 | Q86: 45721
A87: . | B87: SM-24007 | E87: 디씨에스에스테크놀러지코리아 | F87: 연세의료원 | G87: MA | H87: 월간-DCSS | I87: 2월 유지정비료 - 1/12회 | J87: 1 | K87: 80000 | P87: 이예지 | Q87: 45708
A88: . | B88: SM-25002 | E88: 디씨에스에스테크놀러지코리아 | F88: 지비에쓰시스템 | G88: MA | H88: 월간-DCSS | I88: 현대하이카 2월 유지정비료 - 1/11회 | J88: 1 | K88: 66000 | P88: 천범석 | Q88: 45747
A89: . | B89: SM-25006 | E89: 디씨에스에스테크놀러지코리아 | F89: 장금상선 | G89: MA | H89: 월간-DCSS | I89: 2월 유지정비료 - 1/11회 | J89: 1 | K89: 44000 | P89: 홍승민 | Q89: 45716
A90: . | B90: SM-25010 | E90: 디씨에스에스테크놀러지코리아 | F90: 유니포인트 | G90: MA | H90: 월간-DCSS | I90: 한미약품 2월 유지정비료 - 1/11회 | J90: 1 | K90: 292200 | P90: 이예지 | Q90: 45716
A91: . | B91: SM-25011 | E91: 디씨에스에스테크놀러지코리아 | F91: 유니포인트 | G91: MA | H91: 월간-DCSS | I91: 교보문고 2월 유지정비료 - 1/11회 | J91: 1 | K91: 376200 | P91: 이예지 | Q91: 45716
A92: . | B92: D250224-01 | D92: 45716 | E92: 디씨에스에스테크놀러지코리아 | F92: 리더스시스템즈 | G92: 상품 | H92: 01LJ207 | I92: IBM 32GB DDR4 DIMM For Elastic Storage System | J92: 1 | K92: 200000 | L92: =J92*K92 -> 200000 | M92: =L92*10% -> 20000 | N92: =SUM(L92:M92) -> 220000 | O92: 완료(3/31) | P92: 이지훈 | Q92: 45721
A93: . | B93: SB-25014 | D93: 45716 | E93: 다솜테크 | F93: 와이젠정보기술 | G93: MA | H93: 월간 | I93: 안국약품 2월 기술지원료 - 2회 | J93: 1 | K93: 250000 | L93: =J93*K93 -> 250000 | M93: =L93*10% -> 25000 | N93: =SUM(L93:M93) -> 275000 | O93: 완료(4/30) | P93: 천범석 | Q93: 45716
A94: . | B94: H241101-001 | D94: 45716 | E94: 다솜테크 | F94: 케이엠디엠(대한지방행정공제회) | G94: MA | H94: 4XB7A14101 | I94: Lenovo ThinkSystem DE Series 8TB 7.2K 3.5" HDD 2U12 | J94: 1 | K94: 475000 | L94: 950000 | M94: =L94*10% -> 95000 | N94: =SUM(L94:M94) -> 1045000 | O94: 완료(4/30) | P94: 천범석 | Q94: 45565
A95: . | B95: H250213-01 | E95: 다솜테크 | F95: 케이엠디엠(대한지방행정공제회) | G95: MA | H95: 4XB7A14101 | I95: Lenovo ThinkSystem DE Series 8TB 7.2K 3.5" HDD 2U12 | J95: 1 | K95: 475000 | P95: 천범석 | Q95: 45565
A96: . | B96: SM-24003 | D96: 45716 | E96: 현성솔루션 | F96: 삼표산업 | G96: MA | H96: 월간 | I96: 파이오링크 L4 2월 유지정비료 - 2회 | J96: 1 | K96: 100000 | L96: =J96*K96 -> 100000 | M96: =L96*10% -> 10000 | N96: =SUM(L96:M96) -> 110000 | O96: 완료(3/31) | P96: 홍승민 | Q96: 45716
A97: . | B97: SM-23025 | D97: 45716 | E97: 현성솔루션 | F97: 한국교과서협회 | G97: MA | H97: 월간 | I97: 메일호스팅 2월 - 7/12회 | J97: 1 | K97: 595000 | L97: =J97*K97 -> 595000 | M97: =L97*10% -> 59500 | N97: =SUM(L97:M97) -> 654500 | O97: 완료(3/31) | P97: 천범석 | Q97: 45716
A98: . | B98: SM-23026 | D98: 45716 | E98: 현성솔루션 | F98: 한국교과서협회 | G98: MA | H98: 월간 | I98: 2월 유지정비료 - 7/12회 | J98: 1 | K98: 840000 | L98: =J98*K98 -> 840000 | M98: =L98*10% -> 84000 | N98: =SUM(L98:M98) -> 924000 | O98: 완료(3/31) | P98: 천범석 | Q98: 45716
A99: . | B99: SM-24003 | D99: 45716 | E99: 프라테르 | F99: 삼표산업 | G99: MA | H99: 월간 | I99: 2월 오라클 유지정비료 - 2/12회 | J99: 1 | K99: 672000 | L99: 699300 | M99: =L99*10% -> 69930 | N99: =SUM(L99:M99) -> 769230 | O99: 완료(3/31) | P99: 홍승민 | Q99: 45716
A100: . | B100: SM-24003 | E100: 프라테르 | F100: 삼표산업 | G100: MA | H100: 월간 | I100: 1월 오라클 유지정비료 - 1/12회 부족분 | J100: 1 | K100: 27300 | P100: 홍승민 | Q100: 45681
...

Sheet 3월
B1: ="["&YEAR(D5)&"년 "&MONTH(D5)&"월 매입]" -> [2025년 3월 매입]
M2: x 비과세 0 영세 | O2: 완료 | Q2: 트루스케일
B3: 품의코드 | C3: Vendor 코드 | D3: 계산서 | E3: 매입처 | F3: 매출처 | G3: 구분 | H3: MA : 청구구분 상품 : PN | I3: 품목 | J3: 수량 | K3: 매입 | O3: 결제 | P3: 영업 담당자 | Q3: 매출처 세금계산서 | R3: 비고
K4: 단가 | L4: 공금가액 | M4: VAT | N4: 합계금액
A5: . | B5: X | D5: 45717 | E5: 에스케이쉴더스 금천지점 | G5: 일반경비 | H5: 지급수수료 | I5: 보안용역 월정료 3월분 | J5: 1 | K5: 71000 | L5: =J5*K5 -> 71000 | M5: =L5*10% -> 7100 | N5: =SUM(L5:M5) -> 78100 | O5: 자동이체(3/11) | P5: 정지우 | Q5: X
A6: . | B6: LI-24005 | D6: 45717 | E6: 한국아이씨에스 | F6: 해안종합건축사사무소 | G6: MA | H6: 월간-IBM | I6: 3월 유지정비료 - 10/12회 | J6: 1 | K6: 436400 | L6: =J6*K6 -> 436400 | M6: =L6*10% -> 43640 | N6: =SUM(L6:M6) -> 480040 | O6: 완료(3/31) | P6: 천범석 | Q6: 45717
A7: . | B7: LI-24006 | D7: 45717 | E7: 한국아이씨에스 | F7: 보해양조 | G7: MA | H7: 월간-IBM | I7: 3월 유지정비료 - 8/11회 | J7: 1 | K7: 277600 | L7: =J7*K7 -> 277600 | M7: =L7*10% -> 27760 | N7: =SUM(L7:M7) -> 305360 | O7: 완료(3/31) | P7: 천범석 | Q7: 45741
A8: . | B8: H250218-01 | D8: 45717 | E8: 이비웨이브 | F8: 우리에스아이티 | G8: 상품 | H8: 00AJ122 | I8: 500GB 7.2K 6G NL SAS 2.5inch Hard Drive | J8: 1 | K8: 150000 | L8: =J8*K8 -> 150000 | M8: =L8*10% -> 15000 | N8: =SUM(L8:M8) -> 165000 | O8: 완료(5/30) | P8: 천범석 | Q8: 45713
A9: . | B9: LI-24004 | D9: 45719 | E9: 한국아이씨에스 | F9: 한국메탈 | G9: MA | H9: 월간-IBM | I9: 3월유지정비료 - 11/32회 | J9: 1 | K9: 316682 | L9: =J9*K9 -> 316682 | M9: 31668 | N9: =SUM(L9:M9) -> 348350 | O9: 완료(4/30) | P9: 천범석 | Q9: 45717
A10: . | B10: SB-24036 | D10: 45719 | E10: 한국아이씨에스 | F10: 나라정보 | G10: MA | H10: 월간-IBM | I10: 부국철강 3월 유지정비료 - 11/32 회 | J10: 1 | K10: 190849 | L10: =J10*K10 -> 190849 | M10: 19084 | N10: =SUM(L10:M10) -> 209933 | O10: 완료(4/30) | P10: 천범석 | Q10: 45747
A11: . | B11: IK-22025 | D11: 45719 | E11: 한국아이씨에스 | F11: 디에스피 | G11: MA | H11: 월간-IBM | I11: 엘지생활건강 청주공장 3월 유지정비료 - 2/12회 | J11: 1 | K11: 564192 | L11: =J11*K11 -> 564192 | M11: 56419 | N11: =SUM(L11:M11) -> 620611 | O11: 완료(4/30) | P11: 천범석 | Q11: 45717
A12: . | B12: IK-25001 | D12: 45719 | E12: 한국아이씨에스 | F12: 투아이시스 | G12: MA | H12: 월간-IBM | I12: 3월 유지정비료 - 1/12회 | J12: 1 | K12: 93445 | L12: =J12*K12 -> 93445 | M12: 9344 | N12: =SUM(L12:M12) -> 102789 | O12: 완료(4/30) | P12: 천범석 | Q12: 45747 | R12: 매출연간
A13: . | B13: SM-24021 | D13: 45719 | E13: 한국아이씨에스 | F13: 에이캐피탈 | G13: MA | H13: 월간-IBM | I13: 3월 유지정비료 - 7/12회 | J13: 1 | K13: 691782 | L13: =J13*K13 -> 691782 | M13: 69178 | N13: =SUM(L13:M13) -> 760960 | O13: 완료(4/30) | P13: 천범석 | Q13: 45752
A14: . | B14: X | D14: 45719 | E14: 에스케이브로드밴드 | G14: 일반경비 | H14: 통신비 | I14: 통신료 | J14: 1 | K14: 14676 | L14: =J14*K14 -> 14676 | M14: 1467 | N14: =SUM(L14:M14) -> 16143 | O14: 자동이체(3/31) | P14: 정지우 | Q14: X
A15: . | B15: IK-24006 | D15: 45720 | E15: 한국아이씨에스 | F15: 광양항서부터미널 | G15: MA | H15: 월간-IBM | I15: 3월 유지정비료 - 11/24회 | J15: 1 | K15: 3239404 | L15: =J15*K15 -> 3239404 | M15: 323940 | N15: =SUM(L15:M15) -> 3563344 | O15: 완료(4/30) | P15: 홍승민 | Q15: 45747
A16: . | B16: LI-24008 | D16: 45720 | E16: 한국아이씨에스 | F16: 쿠팡 | G16: MA | H16: 월간-IBM | I16: 3월 유지정비료 - 8/13회 | J16: 1 | K16: 205780 | L16: =J16*K16 -> 205780 | M16: 20578 | N16: =SUM(L16:M16) -> 226358 | O16: 완료(4/30) | P16: 천범석 | Q16: 45491 | R16: 매출연간
A17: . | B17: SM-25008 | D17: 45720 | E17: 한국아이씨에스 | F17: 유니포인트 | G17: MA | H17: 월간-IBM | I17: 스마트로 3월 유지정비료 - 3/12회 | J17: 1 | K17: 1210534 | L17: =J17*K17 -> 1210534 | M17: 121053 | N17: =SUM(L17:M17) -> 1331587 | O17: 완료(4/30) | P17: 천범석 | Q17: 45747
A18: . | B18: SM-25003 | D18: 45720 | E18: 한국아이씨에스 | F18: CGV 통합 | G18: MA | H18: 월간-IBM | I18: 3월 유지정비료 - 3/12회 | J18: 1 | K18: 2812500 | L18: =J18*K18 -> 2812500 | M18: 281250 | N18: =SUM(L18:M18) -> 3093750 | O18: 완료(4/30) | P18: 이예지 | Q18: 45666 | R18: 매출연간
A19: . | B19: IK-23016 | D19: 45720 | E19: 한국아이씨에스 | F19: 케이정보기술 | G19: MA | H19: 월간-IBM | I19: 청주시청 3월 유지정비료 - 3/20회 추가 | J19: 1 | K19: 1123962 | L19: =J19*K19 -> 1123962 | M19: 112396 | N19: =SUM(L19:M19) -> 1236358 | O19: 완료(4/30) | P19: 천범석 | Q19: 45717
A20: . | B20: LI-24003 | D20: 45720 | E20: 한국아이씨에스 | F20: 지엔콤 | G20: MA | H20: 월간-IBM | I20: 전주교육대학교 3월 유지정비료 - 11/12회 | J20: 1 | K20: 305280 | L20: =J20*K20 -> 305280 | M20: 30528 | N20: =SUM(L20:M20) -> 335808 | O20: 완료(4/30) | P20: 천범석 | Q20: 45747
A21: . | B21: IK-23016 | D21: 45720 | E21: 한국아이씨에스 | F21: 케이정보기술 | G21: MA | H21: 월간-IBM | I21: 청주시청 3월 유지정비료 - 19/36회 | J21: 1 | K21: 259896 | L21: =J21*K21 -> 259896 | M21: 25989 | N21: =SUM(L21:M21) -> 285885 | O21: 완료(4/30) | P21: 천범석 | Q21: 45717
A22: . | B22: IK-23013 | D22: 45720 | E22: 한국아이씨에스 | F22: 로보츠 | G22: MA | H22: 월간-IBM | I22: 도시바일렉 3월 유지정비료 - 9/12회 | J22: 1 | K22: 66498 | L22: =J22*K22 -> 66498 | M22: 6649 | N22: =SUM(L22:M22) -> 73147 | O22: 완료(4/30) | P22: 천범석 | Q22: 45747
A23: . | B23: LI-24007 | D23: 45720 | E23: 한국아이씨에스 | F23: 유더블유에스 | G23: MA | H23: 월간-IBM | I23: 두원정공 3월 유지정비료 - 8/11회 | J23: 1 | K23: 80160 | L23: =J23*K23 -> 80160 | M23: 8016 | N23: =SUM(L23:M23) -> 88176 | O23: 완료(4/30) | P23: 천범석 | Q23: 45747
A24: . | B24: IK-23014 | D24: 45720 | E24: 한국아이씨에스 | F24: 서비스링크 | G24: MA | H24: 월간-IBM | I24: 세원정공 3월 유지정비료 - 9/12회 | J24: 1 | K24: 198018 | L24: =J24*K24 -> 198018 | M24: 19801 | N24: =SUM(L24:M24) -> 217819 | O24: 완료(4/30) | P24: 천범석 | Q24: 45717
A25: . | B25: SM-21021 | D25: 45720 | E25: 한국아이씨에스 | F25: 법무법인바른 | G25: MA | H25: 월간-IBM | I25: 3월 유지정비료 - 7/13회 | J25: 1 | K25: 84811 | L25: =J25*K25 -> 84811 | M25: 8481 | N25: =SUM(L25:M25) -> 93292 | O25: 완료(4/30) | P25: 천범석 | Q25: 45741
A26: . | B26: IK-24011 | D26: 45720 | E26: 한국아이씨에스 | F26: 로보츠 | G26: MA | H26: 월간-IBM | I26: 키오시아(도시바) 3월 유지정비료 - 4/12회 | J26: 1 | K26: 133875 | L26: =J26*K26 -> 133875 | M26: 13387 | N26: =SUM(L26:M26) -> 147262 | O26: 완료(4/30) | P26: 천범석 | Q26: 45747
A27: . | B27: SM-25011 | D27: 45720 | E27: 한국아이씨에스 | F27: 유니포인트 | G27: MA | H27: 월간-IBM | I27: 한미약품/한미사이언스 3월 유지정비료 - 3/12회 | J27: 1 | K27: 11623397 | L27: =J27*K27 -> 11623397 | M27: 1162339 | N27: =SUM(L27:M27) -> 12785736 | O27: 완료(4/30) | P27: 천범석 | Q27: 45741
A28: . | B28: IK-24012 | D28: 45720 | E28: 한국아이씨에스 | F28: 인정보 | G28: MA | H28: 월간-IBM | I28: 대구텍 3월 유지정비료 - 3/6회 | J28: 1 | K28: 990000 | L28: =J28*K28 -> 990000 | M28: =L28*10% -> 99000 | N28: =SUM(L28:M28) -> 1089000 | O28: 완료(4/30) | P28: 천범석 | Q28: 45717
A29: . | B29: IK-24005 | D29: 45720 | E29: 한국아이씨에스 | F29: 엔콤 | G29: MA | H29: 월간-IBM | I29: 전북도시가스 3월 유지정비료 - 12/12회 | J29: 1 | K29: 1263248 | L29: =J29*K29 -> 1263248 | M29: 126324 | N29: =SUM(L29:M29) -> 1389572 | O29: 완료(4/30) | P29: 천범석 | Q29: 45747
A30: . | B30: IK-22021 | D30: 45720 | E30: 한국아이씨에스 | F30: 리온아이티 | G30: MA | H30: 월간-IBM | I30: 문배철강 3월 유지정비료 - 24/36회 | J30: 1 | K30: 212293 | L30: =J30*K30 -> 212293 | M30: 21229 | N30: =SUM(L30:M30) -> 233522 | O30: 완료(4/30) | P30: 천범석 | Q30: 45747
A31: . | B31: IK-24013 | D31: 45720 | E31: 한국아이씨에스 | F31: 레드텍 | G31: MA | H31: 월간-IBM | I31: 대한상공회의소 3월 유지정비료 - 5/12회 | J31: 1 | K31: 145780 | L31: =J31*K31 -> 145780 | M31: 14578 | N31: =SUM(L31:M31) -> 160358 | O31: 완료(4/30) | P31: 천범석 | Q31: 45717
A32: . | B32: IK-22022 | D32: 45720 | E32: 한국아이씨에스 | F32: 리온아이티 | G32: MA | H32: 월간-IBM | I32: 한일전기 3월 유지정비료 - 27/36회 | J32: 1 | K32: 309047 | L32: =J32*K32 -> 309047 | M32: 30904 | N32: =SUM(L32:M32) -> 339951 | O32: 완료(4/30) | P32: 천범석 | Q32: 45658 | R32: 매출분기
A33: . | B33: LI-24006 | D33: 45720 | E33: 한국아이씨에스 | F33: 보해양조 | G33: MA | H33: 월간-IBM | I33: 3월 유지정비료 - 9/12회 | J33: 1 | K33: 142800 | L33: =J33*K33 -> 142800 | M33: =L33*10% -> 14280 | N33: =SUM(L33:M33) -> 157080 | O33: 완료(4/30) | P33: 천범석 | Q33: 45741
A34: . | B34: IK-24002 | D34: 45720 | E34: 한국아이씨에스 | F34: 리온아이티 | G34: MA | H34: 월간-IBM | I34: 교세라 3월 유지정비료 - 14/36회 | J34: 1 | K34: 70422 | L34: =J34*K34 -> 70422 | M34: 7042 | N34: =SUM(L34:M34) -> 77464 | O34: 완료(4/30) | P34: 천범석 | Q34: 45716 | R34: 매출연간
A35: . | B35: IK-22023 | D35: 45720 | E35: 한국아이씨에스 | F35: 리온아이티 | G35: MA | H35: 월간-IBM | I35: 성원제강 3월 유지정비료 - 24/36회 | J35: 1 | K35: 159761 | L35: =J35*K35 -> 159761 | M35: 15976 | N35: =SUM(L35:M35) -> 175737 | O35: 완료(4/30) | P35: 천범석 | Q35: 45747
A36: . | B36: IK-24014 | D36: 45720 | E36: 한국아이씨에스 | F36: 로보츠 | G36: MA | H36: 월간-IBM | I36: 와이케이케이 3월 유지정비료 - 3/12회 | J36: 1 | K36: 79496 | L36: =J36*K36 -> 79496 | M36: 7949 | N36: =SUM(L36:M36) -> 87445 | O36: 완료(4/30) | P36: 천범석 | Q36: 45741
A37: . | B37: LI-24009 | D37: 45720 | E37: 한국아이씨에스 | F37: 아이리스인포테크 | G37: MA | H37: 월간-IBM | I37: 프레이저플레이스 3월 유지정비료 - 8/12회 | J37: 1 | K37: 95200 | L37: =J37*K37 -> 95200 | M37: =L37*10% -> 9520 | N37: =SUM(L37:M37) -> 104720 | O37: 완료(4/30) | P37: 천범석 | Q37: 45716 | R37: 매출분기
A38: . | B38: SM-25008 SM-25009 | D38: 45720 | E38: 프로미스 | F38: 유니포인트 | G38: MA | H38: 분기 | I38: 스마트로 유지보수 25년 1Q | J38: 1 | K38: 14000000 | L38: =J38*K38 -> 14000000 | M38: =L38*10% -> 1400000 | N38: =SUM(L38:M38) -> 15400000 | O38: 완료(3/24) | P38: 이예지 | Q38: 1/24,2/28/,3/31
A39: . | B39: SM-23033 | D39: 45720 | E39: 프로미스 | F39: 강북21세기병원 | G39: MA | H39: 연간 | I39: 연간 24년(23.12~24.11) | J39: 1 | K39: 1200000 | L39: =J39*K39 -> 1200000 | M39: =L39*10% -> 120000 | N39: =SUM(L39:M39) -> 1320000 | O39: 완료(3/24) | P39: 천범석 | Q39: 23/12/25~ | R39: 매출월간
A40: . | B40: SB-24031 | D40: 45720 | E40: 프로미스 | F40: 데이타메트렉스 | G40: MA | H40: 반기 | I40: 하이마트 MA (24.12~25.5) - 반기 | J40: 1 | K40: 2160000 | L40: =J40*K40 -> 2160000 | M40: =L40*10% -> 216000 | N40: =SUM(L40:M40) -> 2376000 | O40: 완료(3/24) | P40: 천범석 | Q40: 12/27~ | R40: 매출월간
A41: . | B41: LI-24005 | D41: 45720 | E41: 프로미스 | F41: 해안건축사사무소 | G41: MA | H41: 연간 | I41: 연간(24.06.~25.05) | J41: 1 | K41: 6000000 | L41: =J41*K41 -> 6000000 | M41: =L41*10% -> 600000 | N41: =SUM(L41:M41) -> 6600000 | O41: 완료(3/24) | P41: 천범석 | Q41: 6/1~ | R41: 매출월간
A42: . | B42: SB-24041 | D42: 45720 | E42: 프로미스 | F42: 이비즈테크 | G42: MA | H42: 연간 | I42: 초록우산어린이재단 반기(24.7~25.6) | J42: 1 | K42: 1200000 | L42: =J42*K42 -> 1200000 | M42: =L42*10% -> 120000 | N42: =SUM(L42:M42) -> 1320000 | O42: 완료(3/24) | P42: 천범석 | Q42: 7/31~ | R42: 매출월간
A43: . | B43: SM-20023 | D43: 45720 | E43: 프로미스 | F43: 비씨엠정보통신 | G43: MA | H43: 연간 | I43: 꼬망스 연간 24년(24.9~25.8) | J43: 1 | K43: 1800000 | L43: =J43*K43 -> 1800000 | M43: =L43*10% -> 180000 | N43: =SUM(L43:M43) -> 1980000 | O43: 완료(3/24) | P43: 천범석 | Q43: 7/25~ | R43: 매출월간
A44: . | B44: SM-23015 | D44: 45720 | E44: 프로미스 | F44: 동원플라스틱 | G44: MA | H44: 반기 | I44: 유지정비료 (25.1 ~ 25.06) - 1Q, 2Q | J44: 1 | K44: 4800000 | L44: =J44*K44 -> 4800000 | M44: =L44*10% -> 480000 | N44: =SUM(L44:M44) -> 5280000 | O44: 완료(3/24) | P44: 이예지 | Q44: 1/1,2/1,3/1,4/1,5/1,6/1
A45: . | B45: SM-25005 | D45: 45720 | E45: 프로미스 | F45: 고영테크놀러지 | G45: MA | H45: 분기 | I45: 1분기 유지정비료 | J45: 1 | K45: 1500000 | L45: =J45*K45 -> 1500000 | M45: =L45*10% -> 150000 | N45: =SUM(L45:M45) -> 1650000 | O45: 완료(3/24) | P45: 홍승민 | Q45: 1/24,2/25,3/25
A46: . | B46: SM-25004 | D46: 45720 | E46: 프로미스 | F46: 삼표산업 | G46: MA | H46: 분기 | I46: 삼표 MA 25년 (25.01~25.06) - 반기 | J46: 1 | K46: 6000000 | L46: =J46*K46 -> 6000000 | M46: =L46*10% -> 600000 | N46: =SUM(L46:M46) -> 6600000 | O46: 완료(3/24) | P46: 홍승민 | Q46: 1/24,2/28/,3/31
A47: . | B47: S | D47: 45720 | E47: 프로미스 | F47: TYK | G47: 상품 | H47: 기술지원 | I47: 시스템 구축 컨설팅 기술지원 | J47: 1 | K47: 5070000 | L47: =J47*K47 -> 5070000 | M47: =L47*10% -> 507000 | N47: =SUM(L47:M47) -> 5577000 | O47: 완료(3/24) | P47: 이예지 | Q47: X
A48: . | B48: H250310 | D48: 45720 | E48: 프로미스 | F48: 유니포인트 | G48: 상품 | H48: 기술지원 | I48: 딜라이브 기술지원 | J48: 1 | K48: 330000 | L48: =J48*K48 -> 330000 | M48: =L48*10% -> 33000 | N48: =SUM(L48:M48) -> 363000 | O48: 완료(3/24) | P48: 이예지 | Q48: 45673
A49: . | B49: H250304-01 | D49: 45720 | E49: 이비웨이브 | F49: 한국정보기술 | G49: 상품 | H49: 870794-001 | I49: 600GB 15K 12G SAS 2.5inch Enterprise Hard Drive | J49: 1 | K49: 180000 | L49: =J49*K49 -> 180000 | M49: =L49*10% -> 18000 | N49: =SUM(L49:M49) -> 198000 | O49: 완료(5/30) | P49: 천범석 | Q49: 45737
A50: . | B50: S | D50: 45721 | E50: 로보츠 | G50: MA | H50: 기술지원 | I50: 보안취약점 3차 기술지원 | J50: 1 | K50: 10000000 | L50: =J50*K50 -> 10000000 | M50: =L50*10% -> 1000000 | N50: =SUM(L50:M50) -> 11000000 | O50: 완료(3/25) | P50: 이예지 | Q50: 45657 | S50: 정리
A51: . | B51: SM-24020 | D51: 45721 | E51: 로보츠 | F51: 와이케이케이한국 | G51: MA | H51: 월간 | I51: BoardSystem 유지보수 - 3월 (6/12회) | J51: 1 | K51: 1060000 | L51: =J51*K51 -> 1060000 | M51: =L51*10% -> 106000 | N51: =SUM(L51:M51) -> 1166000 | O51: 완료(4/30) | P51: 이예지 | Q51: 45721
A52: . | B52: D250305-01 | D52: 45721 | E52: 컴퓨존 | F52: 고영테크놀러지 | G52: 상품 | H52: 조립PC | I52: 조립PC | J52: 1 | K52: 3161791 | L52: =J52*K52 -> 3161791 | M52: 316179 | N52: =SUM(L52:M52) -> 3477970 | O52: 완료(3/5) | P52: 이지훈 | Q52: 45735
A53: . | B53: Y250306-01 | D53: 45722 | E53: 컴퓨존 | F53: 라온피플 | G53: 상품 | H53: 조립PC | I53: 조립PC | J53: 1 | K53: 3159164 | L53: =J53*K53 -> 3159164 | M53: 315916 | N53: =SUM(L53:M53) -> 3475080 | O53: 완료(3/6) | P53: 홍승민 | Q53: 45733
A54: . | B54: D250305-01 | D54: 45722 | E54: 리더스시스템즈 | F54: 고영테크놀러지 | G54: 상품 | H54: RTX4500 ADA | I54: [NVIDIA] RTX 4500 Ada Generation D6 24GB | J54: 1 | K54: 3714000 | L54: =J54*K54 -> 3714000 | M54: =L54*10% -> 371400 | N54: =SUM(L54:M54) -> 4085400 | O54: 완료(3/5) | P54: 이지훈 | Q54: 45735
A55: . | B55: H250306-01 | D55: 45722 | E55: 이비웨이브 | F55: 아이티엔 | G55: 상품 | H55: 42D0752 | I55: IBM 500GB 7200 NL SATA 2.5'' SFF Slim-HS HDD | J55: 1 | K55: 150000 | L55: =J55*K55 -> 150000 | M55: =L55*10% -> 15000 | N55: =SUM(L55:M55) -> 165000 | O55: 완료(5/30) | P55: 천범석 | Q55: 45737
A56: . | B56: SM-23012 | D56: 45726 | E56: 엘림넷 | F56: 택스홈앤아웃 본사 | G56: MA | H56: 월간 | I56: 전용회선료 외 1건 | J56: 1 | K56: 213400 | L56: =J56*K56 -> 213400 | M56: 21340 | N56: =SUBTOTAL(9,L56:M56) -> 234740 | O56: 완료(3/26법카) | P56: 이예지 | Q56: 45717
A57: . | B57: SM-23013 | D57: 45726 | E57: 엘림넷 | F57: 하이엔드택스 강남지점(압구정) | G57: MA | H57: 월간 | I57: e-NETner 외 1건 | J57: 1 | K57: 77600 | L57: =J57*K57 -> 77600 | M57: 7760 | N57: =SUBTOTAL(9,L57:M57) -> 85360 | O57: 완료(3/26법카) | P57: 이예지 | Q57: 45717
A58: . | B58: SM-23012 | D58: 45726 | E58: 엘림넷 | F58: 택스홈앤아웃 본사 | G58: MA | H58: 월간 | I58: e-NETner 외 1건 | J58: 1 | K58: 155200 | L58: =J58*K58 -> 155200 | M58: 15520 | N58: =SUBTOTAL(9,L58:M58) -> 170720 | O58: 완료(3/26법카) | P58: 이예지 | Q58: 45717
A59: . | B59: SM-23013 | D59: 45726 | E59: 엘림넷 | F59: 하이엔드택스 강남지점(압구정) | G59: MA | H59: 월간 | I59: 전용회선료 외 1건 | J59: 1 | K59: 145500 | L59: =J59*K59 -> 145500 | M59: 14550 | N59: =SUBTOTAL(9,L59:M59) -> 160050 | O59: 완료(3/26법카) | P59: 이예지 | Q59: 45717
A60: . | B60: SM-23031 | D60: 45727 | E60: 신세계아이앤씨 | F60: 온피아 | G60: MA | H60: 월간 | I60: 삼표 DB접근제어 유지보수 3월 - 8/12회 | J60: 1 | K60: 600000 | L60: =J60*K60 -> 600000 | M60: =L60*10% -> 60000 | N60: =SUM(L60:M60) -> 660000 | O60: 완료(4/30) | P60: 이예지 | Q60: 45747
A61: . | B61: H250311-01 | D61: 45727 | E61: 이비웨이브 | F61: 티에스씨인포 | G61: 상품 | H61: 69Y2926 | I61: Controller Battery for DS3512/DS3524 | J61: 1 | K61: 250000 | L61: =J61*K61 -> 250000 | M61: =L61*10% -> 25000 | N61: =SUM(L61:M61) -> 275000 | O61: 완료(5/30) | P61: 천범석 | Q61: 45747
A62: . | B62: H250313-01 | D62: 45728 | E62: 이비웨이브 | F62: 씨제이씨지브이 대학로 | G62: 상품 | H62: 42D0767 | I62: 2TB 7.2K 6Gbps NL SAS 3.5" HS HDD | J62: 8 | K62: 70000 | L62: =J62*K62 -> 560000 | M62: =L62*10% -> 56000 | N62: =SUM(L62:M62) -> 616000 | O62: 완료(5/30) | P62: 천범석 | Q62: 45737
A63: . | B63: X | D63: 45728 | E63: 중소기업은행 | G63: 일반경비 | H63: 지급수수료 | I63: 인증서(은행용)갱신 | J63: 1 | K63: 4000 | L63: =J63*K63 -> 4000 | M63: =L63*10% -> 400 | N63: =SUM(L63:M63) -> 4400 | O63: 완료(3/12) | P63: 정지우 | Q63: X
A64: . | B64: H250318-02 | D64: 45730 | E64: 테이아인포 | F64: 제이원아이티시스템 | G64: 상품 | H64: 기술지원 | I64: 스토리지 기술지원 | J64: 1 | K64: 500000 | L64: =J64*K64 -> 500000 | M64: =L64*10% -> 50000 | N64: =SUM(L64:M64) -> 550000 | O64: 완료(6/23) | P64: 이예지 | Q64: 45734
A65: . | B65: H250310 | D65: 45730 | E65: 컴퓨존 | F65: 유니포인트 | G65: 상품 | H65: 케이블 | I65: LC-LC OM3, 멀티 광점퍼코드 5M | J65: 32 | K65: =7750/1.1 -> 7045.4545 | L65: 225455 | M65: 22545 | N65: =SUM(L65:M65) -> 248000 | O65: 완료(3/14) | P65: 이예지 | Q65: 45673
A66: . | B66: SM-20017 | D66: 45731 | E66: 에스엔에이 | F66: 해안종합건축사사무소 | G66: MA | H66: 기술지원 | I66: HP 1630 유지보수 3월 - 10/12회 | J66: 1 | K66: 200000 | L66: =J66*K66 -> 200000 | M66: =L66*10% -> 20000 | N66: =SUM(L66:M66) -> 220000 | O66: 완료(5/30) | P66: 천범석 | Q66: 45717
A67: . | B67: S | D67: 45731 | E67: 프로미스 | G67: 상품 | H67: 기술지원 | I67: 보안취약 작업(HP) #3 | J67: 1 | K67: 10000000 | L67: =J67*K67 -> 10000000 | M67: =L67*10% -> 1000000 | N67: =SUM(L67:M67) -> 11000000 | O67: 완료(3/24) | P67: 이예지 | Q67: 45643
A68: . | B68: S | D68: 45733 | E68: 로보츠 | G68: 상품 | H68: PC | I68: LG 슬림PC 외 | J68: 1 | K68: 1499000 | L68: =J68*K68 -> 1499000 | M68: =L68*10% -> 149900 | N68: =SUM(L68:M68) -> 1648900 | O68: 완료(4/30) | P68: 이예지 | Q68: 45729
A69: . | B69: X | D69: 45733 | E69: 광명역자이타워관리단 | F69: 광명자이 A1811호 | G69: 일반경비 | H69: 건물관리 | I69: 2월분관리비 과세분 | J69: 1 | K69: 88110 | L69: =J69*K69 -> 88110 | M69: 8810 | N69: =SUM(L69:M69) -> 96920 | O69: 완료(3/31) | P69: 정지우 | Q69: X
A70: . | B70: X | D70: 45733 | E70: 광명역자이타워관리단 | F70: 광명자이 A1811호 | G70: 일반경비 | H70: 건물관리 | I70: 2월분관리비 면세분 | J70: 1 | K70: 8090 | L70: =J70*K70 -> 8090 | M70: X | N70: =SUM(L70:M70) -> 8090 | O70: 완료(3/31) | P70: 정지우 | Q70: X | R70: 비과세
A71: . | B71: Y250318-01 | D71: 45734 | E71: 컴퓨존 | F71: 리드피플 | G71: 상품 | H71: PC | I71: 조립PC | J71: 1 | K71: 2173245 | L71: =J71*K71 -> 2173245 | M71: 217325 | N71: =SUM(L71:M71) -> 2390570 | O71: 완료(3/18) | P71: 이예지 | Q71: 45749
A72: . | B72: SM-23023 | D72: 45736 | E72: 이올테크 | F72: 중앙유통단지관리운영회 | G72: MA | H72: 월간 | I72: 3월 유지정비료 - 18/36회 | J72: 1 | K72: 370000 | L72: =J72*K72 -> 370000 | M72: =L72*10% -> 37000 | N72: =SUM(L72:M72) -> 407000 | O72: 완료(3/31) | P72: 천범석 | Q72: 45736
A73: . | B73: X | D73: 45737 | E73: 아이엠캐피탈 | G73: 일반경비 | H73: 차량유지비 | I73: 법인차량(262무2108) 리스료898,500 선납렌탈료 551,270 -34/37회차 | J73: 1 | K73: 1449770 | L73: 1449770 | M73: X | N73: =SUM(L73:M73) -> 1449770 | O73: 자동이체898,500 (3/21) 선납551,270 (22/4/21) | P73: 정지우 | Q73: X | R73: 비과세
A74: . | B74: H250321-02 | D74: 45737 | E74: 컴퓨존 | F74: 브리티쉬아메리칸토바코 | G74: 상품 | H74: 커넥터 | I74: 보안키,커넥터 | J74: 1 | K74: 1070364 | L74: =J74*K74 -> 1070364 | M74: 107036 | N74: =SUM(L74:M74) -> 1177400 | O74: 완료(3/21) | P74: 천범석 | Q74: 45741
A75: . | B75: Y250523-01 | D75: 45740 | E75: 이룸에스앤앤 | F75: 온피아 | G75: 상품 | H75: 서버 | I75: SR250V2 | J75: 1 | K75: 2950000 | L75: =J75*K75 -> 2950000 | M75: =L75*10% -> 295000 | N75: =SUM(L75:M75) -> 3245000 | O75: 완료(5/30) | P75: 홍승민 | Q75: 45805
A76: . | B76: Y250311-01 | D76: 45740 | E76: 이룸에스앤앤 | F76: 온피아 | G76: 상품 | H76: 7ZT7A00482 | I76: ThinkSystem Broadcom 5720 1GbE RJ45 2-Port PCIe Ethernet Adapter | J76: 1 | K76: 112000 | L76: =J76*K76 -> 112000 | M76: =L76*10% -> 11200 | N76: =SUM(L76:M76) -> 123200 | O76: 완료(5/30) | P76: 홍승민 | Q76: 45747
A77: . | B77: H250324-01 | D77: 45740 | E77: 컴퓨존 | F77: CIT | G77: 상품 | H77: SDSSDE61-2T00-G25 | I77: [SanDisk] 외장SSD, E61 Extreme Portable SSD | J77: 1 | K77: 191764 | L77: =J77*K77 -> 191764 | M77: 19176 | N77: =SUM(L77:M77) -> 210940 | O77: 완료(3/24) | P77: 천범석 | Q77: 45741
A78: . | B78: H250324-03 | D78: 45740 | E78: 이비웨이브 | F78: 우리에스아이티 | G78: 상품 | H78: 43X0805 | I78: IBM 300GB 15K 3.5IN SAS HDD | J78: 1 | K78: 120000 | L78: =J78*K78 -> 120000 | M78: =L78*10% -> 12000 | N78: =SUM(L78:M78) -> 132000 | O78: 완료(5/30) | P78: 천범석 | Q78: 45747
A79: . | B79: X | D79: 45741 | E79: 케이카 | G79: 일반경비 | H79: 차량유지비 | I79: 3월 차량렌트(xm3 4429)-27/37회 | J79: 1 | K79: =371000/1.1 -> 337272.73 | L79: 437273 | M79: 43727 | N79: =SUM(L79:M79) -> 481000 | O79: 자동이체(3/25) | P79: 정지우 | Q79: X | R79: 부가세불공
A80: . | B80: X | E80: 케이카 | G80: 일반경비 | H80: 차량유지비 | I80: 3월 선급금(xm3 4429)-27/37회 | J80: 1 | K80: 100000 | O80: 선납(22/12/29) | P80: 정지우 | Q80: X
A81: . | B81: X | D81: 45741 | E81: 롯데렌탈 | G81: 일반경비 | H81: 차량유지비 | I81: 3월 차량렌트(그랜저 8552)-36/49회 | J81: 1 | K81: 342614 | L81: =J81*K81 -> 342614 | M81: 34261 | N81: =SUM(L81:M81) -> 376875 | O81: 자동이체(3/25) | P81: 정지우 | Q81: X | R81: 부가세불공
A82: . | B82: X | D82: 45741 | E82: 롯데렌탈 | G82: 일반경비 | H82: 차량유지비 | I82: 3월 선급금(그랜저 8552)-36/49회 | J82: 1 | K82: 234659 | L82: =J82*K82 -> 234659 | M82: 23466 | N82: =SUM(L82:M82) -> 258125 | O82: 선납(22/4/5) | P82: 정지우 | Q82: X | R82: 부가세불공
A83: . | B83: X | D83: 45741 | E83: 롯데렌탈 | G83: 일반경비 | H83: 차량유지비 | I83: 3월 차량렌트(G80 3061)-36/49회 | J83: 1 | K83: 488069 | L83: =J83*K83 -> 488069 | M83: 48806 | N83: =SUM(L83:M83) -> 536875 | O83: 자동이체(3/25) | P83: 정지우 | Q83: X | R83: 부가세불공
A84: . | B84: X | D84: 45741 | E84: 롯데렌탈 | G84: 일반경비 | H84: 차량유지비 | I84: 3월 선급금(G80 3061)-36/49회 | J84: 1 | K84: 307386 | L84: =J84*K84 -> 307386 | M84: 30739 | N84: =SUM(L84:M84) -> 338125 | O84: 선납(22/4/5) | P84: 정지우 | Q84: X | R84: 부가세불공
A85: . | B85: X | D85: 45741 | E85: 비와이씨하이시티입주사대표회 | G85: 일반경비 | H85: 여비교통비 | I85: 대표님,천범석,엔지니어팀 4월 주차비 | J85: 1 | K85: 272727 | L85: =J85*K85 -> 272727 | M85: 27273 | N85: =SUM(L85:M85) -> 300000 | O85: 완료(3/25) | P85: 정지우 | Q85: X | R85: 부가세불공
A86: . | B86: X | D86: 45741 | E86: 청소의신 | G86: 일반경비 | H86: 지급수수료 | I86: 3월 청소비 | J86: 1 | K86: 160000 | L86: =J86*K86 -> 160000 | M86: =L86*10% -> 16000 | N86: =SUM(L86:M86) -> 176000 | O86: 완료(3/31) | P86: 정지우 | Q86: X
A87: . | B87: H250401-03 | D87: 45741 | E87: 위퍼스트 | F87: 엘림넷 | G87: 상품 | H87: RAM | I87: S26361-F3781-E515 Fujitsu 8GB 1Rx4 PC3L-12800R ECC Server Memory(중고) | J87: 3 | K87: 170000 | L87: =J87*K87 -> 510000 | M87: =L87*10% -> 51000 | N87: =SUM(L87:M87) -> 561000 | O87: 완료(4/30) | P87: 천범석 | Q87: 45749
A88: . | B88: SM-24007 | D88: 45741 | E88: 다원씨앤에스 | F88: 연세의료원 | G88: MA | H88: 월간 | I88: 3월분 SIOS Lifekeeper 유지보수료 - 2/12회 | J88: 1 | K88: 200000 | L88: =J88*K88 -> 200000 | M88: =L88*10% -> 20000 | N88: =SUM(L88:M88) -> 220000 | O88: 완료(4/30) | P88: 이예지 | Q88: 45736
A89: . | B89: H250401-02 | D89: 45741 | E89: 에스엔에이 | F89: 엘림넷 | G89: 상품 | H89: 42D0786 | I89: IBM 2TB 7200 RPM SATA 3.5" HDD | J89: 1 | K89: 120000 | L89: =J89*K89 -> 120000 | M89: =L89*10% -> 12000 | N89: =SUM(L89:M89) -> 132000 | O89: 완료(5/30) | P89: 천범석 | Q89: 45749
A90: . | B90: SM-24025 | D90: 45743 | E90: 제이에스정보시스템 | F90: 소프트아이텍(건국대병원) | G90: MA | H90: 월간 | I90: 2024년 NCSC 사이버센터 고도화 사업 3월 유지정비료-5/5회 | J90: 1 | K90: 500000 | L90: =J90*K90 -> 500000 | M90: =L90*10% -> 50000 | N90: =SUM(L90:M90) -> 550000 | O90: 완료(5/30) | P90: 천범석 | Q90: 45636 | R90: 매출연간
A91: . | B91: X | D91: 45743 | E91: 더좋은샘물 | G91: 일반경비 | H91: 복리후생비 | I91: 생수 | J91: 4 | K91: 6000 | L91: =J91*K91 -> 24000 | M91: =L91*10% -> 2400 | N91: =SUM(L91:M91) -> 26400 | O91: 완료(4/10) | P91: 정지우 | Q91: X
A92: . | B92: IK-24001 | D92: 45743 | E92: 알앤큐시스템 | F92: 로스만스/브리티쉬 | G92: MA | H92: 월간 | I92: BAT 통합 유지보수 3월분 - 3/12회 | J92: 1 | K92: 4950000 | L92: =J92*K92 -> 4950000 | M92: =L92*10% -> 495000 | N92: =SUM(L92:M92) -> 5445000 | O92: 완료(6/16) | P92: 천범석 | Q92: 45747
A93: . | B93: D250327-01 | D93: 45744 | E93: 컴퓨존 | F93: 고영테크놀러지 | G93: 상품 | H93: PC | I93: 조립PC | J93: 1 | K93: =2261420/1.1 -> 2055836.4 | L93: =J93*K93 -> 2055836.4 | M93: =L93*10% -> 205583.64 | N93: =SUM(L93:M93) -> 2261420 | O93: 완료(3/27) | P93: 이지훈 | Q93: 45761
A94: . | B94: S | D94: 45744 | E94: 로보츠 | F94: 와이케이케이한국 | G94: 상품 | H94: 모니터 | I94: 삼성전자 24인치 모니터 LF24T452FQKXKR | J94: 1 | K94: 200000 | L94: =J94*K94 -> 200000 | M94: =L94*10% -> 20000 | N94: =SUM(L94:M94) -> 220000 | O94: 완료(4/30) | P94: 이예지 | Q94: 45742
A95: . | B95: H250328-01 | D95: 45744 | E95: 에스엔에이 | F95: 티에스씨인포 | G95: 상품 | H95: 44X3212 | I95: Controller for V7000G2 | J95: 1 | K95: 300000 | L95: =J95*K95 -> 300000 | M95: =L95*10% -> 30000 | N95: =SUM(L95:M95) -> 330000 | O95: 완료(5/30) | P95: 천범석 | Q95: 45747
A96: . | B96: H250328-02 | D96: 45744 | E96: 이비웨이브 | F96: 티에스씨인포 | G96: 상품 | H96: 00RY381 | I96: Controller for V7000G2 (No Battery) | J96: 1 | K96: 1150000 | L96: =J96*K96 -> 1150000 | M96: =L96*10% -> 115000 | N96: =SUM(L96:M96) -> 1265000 | O96: 완료(5/30) | P96: 천범석 | Q96: 45747
A97: . | B97: H250331-01 | D97: 45747 | E97: 컴퓨존 | F97: 브리티쉬아메리칸토바코 | G97: 상품 | H97: 커넥터 | I97: 보안키,커넥터 | J97: 8 | K97: =240420/8/1.1 -> 27320.455 | L97: 218564 | M97: 21856 | N97: =SUM(L97:M97) -> 240420 | O97: 완료(3/31) | P97: 천범석 | Q97: 45757
A98: . | B98: SM-24021 | D98: 45747 | E98: 에스엔에이 | F98: 에이캐피탈 | G98: MA | H98: 월간 | I98: 3월 파트 계약 - 7/12회 | J98: 1 | K98: 300000 | L98: =J98*K98 -> 300000 | M98: =L98*10% -> 30000 | N98: =SUM(L98:M98) -> 330000 | O98: 완료(5/30) | P98: 이예지 | Q98: 45752
A99: . | B99: SM-24003 | D99: 45747 | E99: 현성솔루션 | F99: 삼표산업 | G99: MA | H99: 월간 | I99: 파이오링크 L4 3월 유지정비료 - 3/12회 | J99: 1 | K99: 100000 | L99: =J99*K99 -> 100000 | M99: =L99*10% -> 10000 | N99: =SUM(L99:M99) -> 110000 | O99: 완료(4/30) | P99: 홍승민 | Q99: 45747
A100: . | B100: SM-23025 | D100: 45747 | E100: 현성솔루션 | F100: 한국교과서협회 | G100: MA | H100: 월간 | I100: 메일호스팅 3월 - 8/12회 | J100: 1 | K100: 595000 | L100: =J100*K100 -> 595000 | M100: =L100*10% -> 59500 | N100: =SUM(L100:M100) -> 654500 | O100: 완료(4/30) | P100: 천범석 | Q100: 45747
...

Sheet 4월
B1: ="["&YEAR(D5)&"년 "&MONTH(D5)&"월 매입]" -> [2025년 4월 매입]
M2: x 비과세 0 영세 | O2: 완료 | Q2: 트루스케일
B3: 품의코드 | C3: Vendor 코드 | D3: 계산서 | E3: 매입처 | F3: 매출처 | G3: 구분 | H3: MA : 청구구분 상품 : PN | I3: 품목 | J3: 수량 | K3: 매입 | O3: 결제 | P3: 영업 담당자 | Q3: 매출처 세금계산서 | R3: 비고
K4: 단가 | L4: 공금가액 | M4: VAT | N4: 합계금액
A5: . | B5: X | D5: 45748 | E5: 에스케이쉴더스 금천지점 | G5: 일반경비 | H5: 지급수수료 | I5: 보안용역 월정료 4월분 | J5: 1 | K5: 71000 | L5: =J5*K5 -> 71000 | M5: =L5*10% -> 7100 | N5: =SUM(L5:M5) -> 78100 | O5: 자동이체(4/11) | P5: 정지우 | Q5: X
A6: . | B6: S | D6: 45748 | E6: 로보츠 | F6: 와이케이케이한국 | G6: 상품 | H6: 스위치 | I6: HP Instant On 48port + 4SFP 외 | J6: 1 | K6: 7546000 | L6: =J6*K6 -> 7546000 | M6: =L6*10% -> 754600 | N6: =SUM(L6:M6) -> 8300600 | O6: 완료(5/30) | P6: 이예지 | Q6: 45748
A7: . | B7: LI-24005 | D7: 45748 | E7: 한국아이씨에스 | F7: 해안종합건축사사무소 | G7: MA | H7: 월간-IBM | I7: 4월 유지정비료 - 11/12회 | J7: 1 | K7: 436400 | L7: =J7*K7 -> 436400 | M7: =L7*10% -> 43640 | N7: =SUM(L7:M7) -> 480040 | O7: 완료(5/30) | P7: 천범석 | Q7: 45748
A8: . | B8: LI-24008 | D8: 45748 | E8: 한국아이씨에스 | F8: 쿠팡 | G8: MA | H8: 월간-IBM | I8: 4월 유지정비료 - 9/13회 | J8: 1 | K8: 205780 | L8: =J8*K8 -> 205780 | M8: 20578 | N8: =SUM(L8:M8) -> 226358 | O8: 완료(5/30) | P8: 천범석 | Q8: 45491 | R8: 매출연간
A9: . | B9: IK-22025 | D9: 45748 | E9: 한국아이씨에스 | F9: 디에스피 | G9: MA | H9: 월간-IBM | I9: 엘지생활건강 청주공장 4월 유지정비료 - 3/12회 | J9: 1 | K9: 564192 | L9: =J9*K9 -> 564192 | M9: 56419 | N9: =SUM(L9:M9) -> 620611 | O9: 완료(5/30) | P9: 천범석 | Q9: 45748
A10: . | B10: IK-25001 | D10: 45748 | E10: 한국아이씨에스 | F10: 투아이시스 | G10: MA | H10: 월간-IBM | I10: 4월 유지정비료 - 2/12회 | J10: 1 | K10: 93445 | L10: =J10*K10 -> 93445 | M10: 9344 | N10: =SUM(L10:M10) -> 102789 | O10: 완료(5/30) | P10: 천범석 | Q10: 45747 | R10: 매출연간
A11: . | B11: IK-24012 | D11: 45748 | E11: 한국아이씨에스 | F11: 인정보 | G11: MA | H11: 월간-IBM | I11: 대구텍 4월 유지정비료 - 4/6회 | J11: 1 | K11: 990000 | L11: =J11*K11 -> 990000 | M11: =L11*10% -> 99000 | N11: =SUM(L11:M11) -> 1089000 | O11: 완료(5/30) | P11: 천범석 | Q11: 45748
A12: . | B12: LI-24003 | D12: 45748 | E12: 한국아이씨에스 | F12: 지엔콤 | G12: MA | H12: 월간-IBM | I12: 전주교육대학교 4월 유지정비료 - 12/12회 | J12: 1 | K12: 305280 | L12: =J12*K12 -> 305280 | M12: 30528 | N12: =SUM(L12:M12) -> 335808 | O12: 완료(5/30) | P12: 천범석 | Q12: 45777
A13: . | B13: IK-23016 | D13: 45748 | E13: 한국아이씨에스 | F13: 케이정보기술 | G13: MA | H13: 월간-IBM | I13: 청주시청 4월 유지정비료 - 20/36회 | J13: 1 | K13: 259896 | L13: =J13*K13 -> 259896 | M13: 25989 | N13: =SUM(L13:M13) -> 285885 | O13: 완료(5/30) | P13: 천범석 | Q13: 45748
A14: . | B14: LI-24007 | D14: 45748 | E14: 한국아이씨에스 | F14: 유더블유에스 | G14: MA | H14: 월간-IBM | I14: 두원정공 4월 유지정비료 - 9/11회 | J14: 1 | K14: 80160 | L14: =J14*K14 -> 80160 | M14: 8016 | N14: =SUM(L14:M14) -> 88176 | O14: 완료(5/30) | P14: 천범석 | Q14: 45777
A15: . | B15: IK-23014 | D15: 45748 | E15: 한국아이씨에스 | F15: 서비스링크 | G15: MA | H15: 월간-IBM | I15: 세원정공 4월 유지정비료 - 10/12회 | J15: 1 | K15: 198018 | L15: =J15*K15 -> 198018 | M15: 19801 | N15: =SUM(L15:M15) -> 217819 | O15: 완료(5/30) | P15: 천범석 | Q15: 45748
A16: . | B16: SM-21021 | D16: 45748 | E16: 한국아이씨에스 | F16: 법무법인바른 | G16: MA | H16: 월간-IBM | I16: 4월 유지정비료 - 8/13회 | J16: 1 | K16: 84811 | L16: =J16*K16 -> 84811 | M16: 8481 | N16: =SUM(L16:M16) -> 93292 | O16: 완료(5/30) | P16: 천범석 | Q16: 45772
A17: . | B17: IK-24011 | D17: 45748 | E17: 한국아이씨에스 | F17: 로보츠 | G17: MA | H17: 월간-IBM | I17: 키오시아(도시바) 4월 유지정비료 - 5/12회 | J17: 1 | K17: 133875 | L17: =J17*K17 -> 133875 | M17: 13387 | N17: =SUM(L17:M17) -> 147262 | O17: 완료(5/30) | P17: 천범석 | Q17: 45777
A18: . | B18: IK-25003 | D18: 45748 | E18: 한국아이씨에스 | F18: 엔콤 | G18: MA | H18: 월간-IBM | I18: 전북도시가스 4월 유지정비료 - 1/12회 | J18: 1 | K18: 1352754 | L18: =J18*K18 -> 1352754 | M18: 135275 | N18: =SUM(L18:M18) -> 1488029 | O18: 완료(5/30) | P18: 천범석 | Q18: 45777
A19: . | B19: IK-23013 | D19: 45748 | E19: 한국아이씨에스 | F19: 로보츠 | G19: MA | H19: 월간-IBM | I19: 도시바일렉 4월 유지정비료 - 10/12회 | J19: 1 | K19: 66498 | L19: =J19*K19 -> 66498 | M19: 6649 | N19: =SUM(L19:M19) -> 73147 | O19: 완료(5/30) | P19: 천범석 | Q19: 45777
A20: . | B20: SM-25011 | D20: 45748 | E20: 한국아이씨에스 | F20: 유니포인트 | G20: MA | H20: 월간-IBM | I20: 한미약품/한미사이언스 4월 유지정비료 - 4/12회 | J20: 1 | K20: 11623397 | L20: =J20*K20 -> 11623397 | M20: 1162339 | N20: =SUM(L20:M20) -> 12785736 | O20: 완료(5/30) | P20: 천범석 | Q20: 45772
A21: . | B21: SM-25008 | D21: 45748 | E21: 한국아이씨에스 | F21: 유니포인트 | G21: MA | H21: 월간-IBM | I21: 스마트로 4월 유지정비료 - 4/12회 | J21: 1 | K21: 1210534 | L21: =J21*K21 -> 1210534 | M21: 121053 | N21: =SUM(L21:M21) -> 1331587 | O21: 완료(5/30) | P21: 천범석 | Q21: 45777
A22: . | B22: SM-25003 | D22: 45748 | E22: 한국아이씨에스 | F22: CGV 통합 | G22: MA | H22: 월간-IBM | I22: 4월 유지정비료 - 4/12회 | J22: 1 | K22: 2812500 | L22: =J22*K22 -> 2812500 | M22: 281250 | N22: =SUM(L22:M22) -> 3093750 | O22: 완료(5/30) | P22: 이예지 | Q22: 45666 | R22: 매출연간
A23: . | B23: IK-23016 | D23: 45748 | E23: 한국아이씨에스 | F23: 케이정보기술 | G23: MA | H23: 월간-IBM | I23: 청주시청 4월 유지정비료 - 4/20회 추가 | J23: 1 | K23: 1123962 | L23: =J23*K23 -> 1123962 | M23: 112396 | N23: =SUM(L23:M23) -> 1236358 | O23: 완료(5/30) | P23: 천범석 | Q23: 45748
A24: . | B24: IK-24014 | D24: 45748 | E24: 한국아이씨에스 | F24: 로보츠 | G24: MA | H24: 월간-IBM | I24: 와이케이케이 4월 유지정비료 - 4/12회 | J24: 1 | K24: 79496 | L24: =J24*K24 -> 79496 | M24: 7949 | N24: =SUM(L24:M24) -> 87445 | O24: 완료(5/30) | P24: 천범석 | Q24: 45772
A25: . | B25: IK-22023 | D25: 45748 | E25: 한국아이씨에스 | F25: 리온아이티 | G25: MA | H25: 월간-IBM | I25: 성원제강 4월 유지정비료 - 25/36회 | J25: 1 | K25: 159761 | L25: =J25*K25 -> 159761 | M25: 15976 | N25: =SUM(L25:M25) -> 175737 | O25: 완료(5/30) | P25: 천범석 | Q25: 45777
A26: . | B26: IK-24002 | D26: 45748 | E26: 한국아이씨에스 | F26: 리온아이티 | G26: MA | H26: 월간-IBM | I26: 교세라 4월 유지정비료 - 15/36회 | J26: 1 | K26: 70422 | L26: =J26*K26 -> 70422 | M26: 7042 | N26: =SUM(L26:M26) -> 77464 | O26: 완료(5/30) | P26: 천범석 | Q26: 45716 | R26: 매출연간
A27: . | B27: LI-24009 | D27: 45748 | E27: 한국아이씨에스 | F27: 아이리스인포테크 | G27: MA | H27: 월간-IBM | I27: 프레이저플레이스 4월 유지정비료 - 9/12회 | J27: 1 | K27: 95200 | L27: =J27*K27 -> 95200 | M27: =L27*10% -> 9520 | N27: =SUM(L27:M27) -> 104720 | O27: 완료(5/30) | P27: 천범석 | Q27: 45716 | R27: 매출분기
A28: . | B28: LI-24004 | D28: 45748 | E28: 한국아이씨에스 | F28: 한국메탈 | G28: MA | H28: 월간-IBM | I28: 4월유지정비료 - 12/32회 | J28: 1 | K28: 316682 | L28: =J28*K28 -> 316682 | M28: 31668 | N28: =SUM(L28:M28) -> 348350 | O28: 완료(5/30) | P28: 천범석 | Q28: 45748
A29: . | B29: SB-24036 | D29: 45748 | E29: 한국아이씨에스 | F29: 나라정보 | G29: MA | H29: 월간-IBM | I29: 부국철강 4월 유지정비료 - 12/32 회 | J29: 1 | K29: 190849 | L29: =J29*K29 -> 190849 | M29: 19084 | N29: =SUM(L29:M29) -> 209933 | O29: 완료(5/30) | P29: 천범석 | Q29: 45777
A30: . | B30: LI-24006 | D30: 45748 | E30: 한국아이씨에스 | F30: 보해양조 | G30: MA | H30: 월간-IBM | I30: 4월 유지정비료 - 10/12회 | J30: 1 | K30: 142800 | L30: =J30*K30 -> 142800 | M30: =L30*10% -> 14280 | N30: =SUM(L30:M30) -> 157080 | O30: 완료(5/30) | P30: 천범석 | Q30: 45772
A31: . | B31: IK-22022 | D31: 45748 | E31: 한국아이씨에스 | F31: 리온아이티 | G31: MA | H31: 월간-IBM | I31: 한일전기 4월 유지정비료 - 28/36회 | J31: 1 | K31: 309047 | L31: =J31*K31 -> 309047 | M31: 30904 | N31: =SUM(L31:M31) -> 339951 | O31: 완료(5/30) | P31: 천범석 | Q31: 45748 | R31: 매출분기
A32: . | B32: IK-24013 | D32: 45748 | E32: 한국아이씨에스 | F32: 레드텍 | G32: MA | H32: 월간-IBM | I32: 대한상공회의소 4월 유지정비료 - 6/12회 | J32: 1 | K32: 145780 | L32: =J32*K32 -> 145780 | M32: 14578 | N32: =SUM(L32:M32) -> 160358 | O32: 완료(5/30) | P32: 천범석 | Q32: 45748
A33: . | B33: IK-22021 | D33: 45748 | E33: 한국아이씨에스 | F33: 리온아이티 | G33: MA | H33: 월간-IBM | I33: 문배철강 4월 유지정비료 - 25/36회 | J33: 1 | K33: 212293 | L33: =J33*K33 -> 212293 | M33: 21229 | N33: =SUM(L33:M33) -> 233522 | O33: 완료(5/30) | P33: 천범석 | Q33: 45777
A34: . | B34: LI-24006 | D34: 45748 | E34: 한국아이씨에스 | F34: 보해양조 | G34: MA | H34: 월간-IBM | I34: 4월 유지정비료 - 9/11회 | J34: 1 | K34: 277600 | L34: =J34*K34 -> 277600 | M34: =L34*10% -> 27760 | N34: =SUM(L34:M34) -> 305360 | O34: 완료(5/30) | P34: 천범석 | Q34: 45772
A35: . | B35: SM-24021 | D35: 45748 | E35: 한국아이씨에스 | F35: 에이캐피탈 | G35: MA | H35: 월간-IBM | I35: 4월 유지정비료 - 8/12회 | J35: 1 | K35: 691782 | L35: =J35*K35 -> 691782 | M35: 69178 | N35: =SUM(L35:M35) -> 760960 | O35: 완료(5/30) | P35: 천범석 | Q35: 45782
A36: . | B36: IK-24006 | D36: 45748 | E36: 한국아이씨에스 | F36: 광양항서부터미널 | G36: MA | H36: 월간-IBM | I36: 4월 유지정비료 - 12/24회 | J36: 1 | K36: 3239414 | L36: =J36*K36 -> 3239414 | M36: 323941 | N36: =SUM(L36:M36) -> 3563355 | O36: 완료(5/30) | P36: 홍승민 | Q36: 45777
A37: . | B37: D250402-02 | D37: 45749 | E37: 컴퓨존 | F37: 고영테크놀러지 | G37: 상품 | H37: PC | I37: 조립 PC | J37: 1 | K37: =1772100/1.1 -> 1611000 | L37: =J37*K37 -> 1611000 | M37: =L37*10% -> 161100 | N37: =SUM(L37:M37) -> 1772100 | O37: 완료(4/2) | P37: 이지훈 | Q37: 45761
A38: . | B38: S | D38: 45750 | E38: 로보츠 | F38: 와이케이케이한국 | G38: 상품 | H38: PC | I38: [LG전자] 슬림타워 데스크탑 Z80LV.AP47B3E 외 | J38: 1 | K38: 2188000 | L38: =J38*K38 -> 2188000 | M38: =L38*10% -> 218800 | N38: =SUM(L38:M38) -> 2406800 | O38: 완료(5/30) | P38: 이예지 | Q38: 45750
A39: . | B39: Y250403-01 | D39: 45750 | E39: 컴퓨존 | F39: 라온피플 | G39: 상품 | H39: PC | I39: 조립 PC | J39: 1 | K39: 3332182 | L39: 4438491 | M39: 443849 | N39: =SUM(L39:M39) -> 4882340 | O39: 완료(4/3) | P39: 홍승민 | Q39: 45768
A40: . | B40: Y250403-02 | E40: 컴퓨존 | F40: 라온피플 | G40: 상품 | H40: POWER | I40: [마이크로닉스] Classic II 1050W 80PLUS GOLD 230V 외 | J40: 1 | K40: =1216940/1.1 -> 1106309.1
A41: . | B41: X | D41: 45750 | E41: 에스케이브로드밴드 | G41: 일반경비 | H41: 통신비 | I41: 통신료 | J41: 1 | K41: 13167 | L41: =J41*K41 -> 13167 | M41: 1316 | N41: =SUM(L41:M41) -> 14483 | O41: 자동이체(4/25) | P41: 정지우 | Q41: X
A42: . | B42: H250404-01 | D42: 45751 | E42: 이비웨이브 | F42: 티에스씨인포 | G42: 상품 | H42: 00E9961 | I42: IBM 1.2TB 10K SAS 6G | J42: 1 | K42: 340000 | L42: =J42*K42 -> 340000 | M42: =L42*10% -> 34000 | N42: =SUM(L42:M42) -> 374000 | O42: 완료(6/30) | P42: 천범석 | Q42: 45777
A43: . | B43: H250404-01 | D43: 45751 | E43: 이비웨이브 | F43: 티에스씨인포 | G43: 상품 | H43: 00E9961 | I43: IBM 1.2TB 10K SAS 6G | J43: 1 | K43: 340000 | L43: =J43*K43 -> 340000 | M43: =L43*10% -> 34000 | N43: =SUM(L43:M43) -> 374000 | O43: 완료(6/30) | P43: 천범석 | Q43: 45777
A44: . | B44: SM-24020 | D44: 45754 | E44: 로보츠 | F44: 와이케이케이한국 | G44: MA | H44: 월간 | I44: BoardSystem 유지보수 - 4월 (7/12회) | J44: 1 | K44: 1060000 | L44: =J44*K44 -> 1060000 | M44: =L44*10% -> 106000 | N44: =SUM(L44:M44) -> 1166000 | O44: 완료(5/30) | P44: 이예지 | Q44: 45754
A45: . | B45: Y250403-01 | D45: 45754 | E45: 컴퓨존 | F45: 라온피플 | G45: 상품 | H45: Case | I45: [Antec]P20CE ELITE 6Fan 미들타워 | J45: 1 | K45: 100427 | L45: =J45*K45 -> 100427 | M45: 10043 | N45: =SUM(L45:M45) -> 110470 | O45: 포인트구매 | P45: 홍승민 | Q45: 45768
A46: . | B46: S | D46: 45755 | E46: 아이티타워부동산중개법인 | G46: 일반경비 | H46: 지급수수료 | I46: 광명자이1811호 중개수수료 | J46: 1 | K46: 500000 | L46: =J46*K46 -> 500000 | M46: =L46*10% -> 50000 | N46: =SUM(L46:M46) -> 550000 | O46: 완료(4/8) | P46: 이예지 | Q46: X
A47: . | B47: Y250409-01 | D47: 45756 | E47: 컴퓨존 | F47: 현성솔루션 | G47: 상품 | H47: SSD | I47: 500GB 2.5" SATA SSD | J47: 6 | K47: 68181.8 | L47: 1714418 | M47: 171442 | N47: =SUM(L47:M47) -> 1885860 | O47: 완료(4/9) | P47: 홍승민 | Q47: 45776
A48: . | E48: 컴퓨존 | F48: 현성솔루션 | G48: 상품 | H48: SSD | I48: 2TB 2.5" SATA SSD | J48: 6 | K48: 217554.5
A49: . | B49: H250409-01 | D49: 45756 | E49: 이비웨이브 | F49: 티에스씨인포 | G49: 상품 | H49: 44V3454 | I49: Fan for P6 550/P750 | J49: 4 | K49: 90000 | L49: =J49*K49 -> 360000 | M49: =L49*10% -> 36000 | N49: =SUM(L49:M49) -> 396000 | O49: 완료(6/30) | P49: 천범석 | Q49: 45777
A50: . | B50: SM-23012 | D50: 45757 | E50: 엘림넷 | F50: 택스홈앤아웃 본사 | G50: MA | H50: 월간 | I50: 전용회선료 외 1건 | J50: 1 | K50: 213400 | L50: =J50*K50 -> 213400 | M50: 21340 | N50: =SUBTOTAL(9,L50:M50) -> 234740 | O50: 완료(4/26법카) | P50: 이예지 | Q50: 45748
A51: . | B51: SM-23013 | D51: 45757 | E51: 엘림넷 | F51: 하이엔드택스 강남지점(압구정) | G51: MA | H51: 월간 | I51: e-NETner 외 1건 | J51: 1 | K51: 77600 | L51: =J51*K51 -> 77600 | M51: 7760 | N51: =SUBTOTAL(9,L51:M51) -> 85360 | O51: 완료(4/26법카) | P51: 이예지 | Q51: 45748
A52: . | B52: SM-23012 | D52: 45757 | E52: 엘림넷 | F52: 택스홈앤아웃 본사 | G52: MA | H52: 월간 | I52: e-NETner 외 1건 | J52: 1 | K52: 155200 | L52: =J52*K52 -> 155200 | M52: 15520 | N52: =SUBTOTAL(9,L52:M52) -> 170720 | O52: 완료(4/26법카) | P52: 이예지 | Q52: 45748
A53: . | B53: SM-23013 | D53: 45757 | E53: 엘림넷 | F53: 하이엔드택스 강남지점(압구정) | G53: MA | H53: 월간 | I53: 전용회선료 외 1건 | J53: 1 | K53: 145500 | L53: =J53*K53 -> 145500 | M53: 14550 | N53: =SUBTOTAL(9,L53:M53) -> 160050 | O53: 완료(4/26법카) | P53: 이예지 | Q53: 45748
A54: . | B54: D250402-01 | D54: 45757 | E54: 디지알코리아 | F54: 동원프라스틱 | G54: 상품 | H54: 알약 | I54: 알약 5.1 서버 | J54: 1 | K54: 310000 | L54: =J54*K54 -> 310000 | M54: =L54*10% -> 31000 | N54: =SUM(L54:M54) -> 341000 | O54: 완료(5/30) | P54: 이지훈 | Q54: 45750
A55: . | B55: SM-20017 | D55: 45762 | E55: 에스엔에이 | F55: 해안종합건축사사무소 | G55: MA | H55: 기술지원 | I55: HP 1630 유지보수 4월 - 11/12회 | J55: 1 | K55: 200000 | L55: =J55*K55 -> 200000 | M55: =L55*10% -> 20000 | N55: =SUM(L55:M55) -> 220000 | O55: 완료(6/30) | P55: 천범석 | Q55: 45748
A56: . | B56: X | D56: 45762 | E56: 광명역자이타워관리단 | F56: 광명자이 A1811호 | G56: 일반경비 | H56: 건물관리 | I56: 3월분관리비 과세분 | J56: 1 | K56: 116310 | L56: =J56*K56 -> 116310 | M56: 11630 | N56: =SUM(L56:M56) -> 127940 | O56: 완료(4/30) | P56: 정지우 | Q56: X
A57: . | B57: X | D57: 45762 | E57: 광명역자이타워관리단 | F57: 광명자이 A1811호 | G57: 일반경비 | H57: 건물관리 | I57: 3월분관리비 면세분 | J57: 1 | K57: 12580 | L57: =J57*K57 -> 12580 | M57: X | N57: =SUM(L57:M57) -> 12580 | O57: 완료(4/30) | P57: 정지우 | Q57: X | R57: 비과세
A58: . | B58: X | D58: 45763 | E58: 한국이러닝인재개발원 | G58: 일반경비 | H58: 교육비 | I58: 법정의무교육 2025년 | J58: 1 | K58: 295000 | L58: =J58*K58 -> 295000 | M58: X | N58: =SUM(L58:M58) -> 295000 | O58: 완료(4/30) | P58: 정지우 | Q58: X
A59: . | B59: D250418-01 | D59: 45763 | E59: 이비웨이브 | F59: 현성솔루션 | G59: 상품 | H59: 00TKYT | I59: Dell 2U 슬라이딩 레일킷 | J59: 2 | K59: 100000 | L59: =J59*K59 -> 200000 | M59: =L59*10% -> 20000 | N59: =SUM(L59:M59) -> 220000 | O59: 완료(6/30) | P59: 이지훈 | Q59: 45777
A60: . | B60: H250421-01 | D60: 45764 | E60: 이비웨이브 | F60: 케이엠디엠 | G60: 장비임대 | H60: 장비임대 | I60: HP DL380G10 Server 임대(04/18-05/17) | J60: 1 | K60: 930000 | L60: =J60*K60 -> 930000 | M60: =L60*10% -> 93000 | N60: =SUM(L60:M60) -> 1023000 | O60: 완료(6/30) | P60: 천범석 | Q60: 45768
A61: . | B61: X | D61: 45768 | E61: 아이엠캐피탈 | G61: 일반경비 | H61: 차량유지비 | I61: 법인차량(262무2108) 리스료898,500 선납렌탈료 551,270 -35/37회차 | J61: 1 | K61: 1449770 | L61: 1449770 | M61: X | N61: =SUM(L61:M61) -> 1449770 | O61: 자동이체898,500 (4/21) 선납551,270 (22/4/21) | P61: 정지우 | Q61: X | R61: 비과세
A62: . | B62: SM-23031 | D62: 45768 | E62: 신세계아이앤씨 | F62: 온피아 | G62: MA | H62: 월간 | I62: 삼표 DB접근제어 유지보수 4월 - 9/12회 | J62: 1 | K62: 600000 | L62: =J62*K62 -> 600000 | M62: =L62*10% -> 60000 | N62: =SUM(L62:M62) -> 660000 | O62: 완료(5/30) | P62: 이예지 | Q62: 45777
A63: . | B63: SM-23023 | D63: 45768 | E63: 이올테크 | F63: 중앙유통단지관리운영회 | G63: MA | H63: 월간 | I63: 4월 유지정비료 - 19/36회 | J63: 1 | K63: 370000 | L63: =J63*K63 -> 370000 | M63: =L63*10% -> 37000 | N63: =SUM(L63:M63) -> 407000 | O63: 완료(4/30) | P63: 천범석 | Q63: 45767
A64: . | B64: H250421-02 | D64: 45768 | E64: 이비웨이브 | F64: 티에스씨인포 | G64: 상품 | H64: 90Y8954 | I64: 500GB 7.2K 6G SAS 2.5inch Hard Drive | J64: 1 | K64: 120000 | L64: 220000 | M64: =L64*10% -> 22000 | N64: =SUM(L64:M64) -> 242000 | O64: 완료(6/30) | P64: 천범석 | Q64: 45777
A65: . | B65: H250421-03 | E65: 이비웨이브 | F65: 티에스씨인포 | G65: 상품 | H65: 42D0678 | I65: 146GB 15K 6G SAS 2.5inch Hard Drive | J65: 1 | K65: 100000 | N65: =SUM(L65:M65) -> 0
A66: . | B66: H250422-02 | D66: 45769 | E66: 이비웨이브 | F66: 티에스씨인포 | G66: 상품 | H66: 01LJ743 | I66: V7000 Gen2+ Node Canister 624/AF | J66: 1 | K66: 1200000 | L66: =J66*K66 -> 1200000 | M66: =L66*10% -> 120000 | N66: =SUM(L66:M66) -> 1320000 | O66: 완료(6/30) | P66: 천범석 | Q66: 45777
A67: . | B67: H250422-01 | D67: 45769 | E67: 스토리지케이투 | F67: 다올시스 | G67: 상품 | H67: RDX Media | I67: TD RDX 4TB | J67: 1 | K67: 800000 | L67: =J67*K67 -> 800000 | M67: =L67*10% -> 80000 | N67: =SUM(L67:M67) -> 880000 | O67: 완료(5/30) | P67: 천범석 | Q67: 45777
A68: . | B68: H250423-01 | D68: 45770 | E68: 이비웨이브 | F68: 로보츠 | G68: 상품 | H68: 836220-B21 | I68: HPE 16GB (1x16GB) Dual Rank x4 DDR4-2400 CAS-17-17-17 Registered Memory Kit | J68: 3 | K68: 90000 | L68: =J68*K68 -> 270000 | M68: =L68*10% -> 27000 | N68: =SUM(L68:M68) -> 297000 | O68: 완료(6/30) | P68: 천범석 | Q68: 45777
A69: . | B69: X | D69: 45772 | E69: 케이카 | G69: 일반경비 | H69: 차량유지비 | I69: 4월 차량렌트(xm3 4429)-28/37회 | J69: 1 | K69: =371000/1.1 -> 337272.73 | L69: 437273 | M69: 43727 | N69: =SUM(L69:M69) -> 481000 | O69: 자동이체(4/25) | P69: 정지우 | Q69: X | R69: 부가세불공
A70: . | B70: X | E70: 케이카 | G70: 일반경비 | H70: 차량유지비 | I70: 4월 선급금(xm3 4429)-28/37회 | J70: 1 | K70: 100000 | O70: 선납(22/12/29) | P70: 정지우 | Q70: X
A71: . | B71: X | D71: 45772 | E71: 롯데렌탈 | G71: 일반경비 | H71: 차량유지비 | I71: 4월 차량렌트(그랜저 8552)-37/49회 | J71: 1 | K71: 342614 | L71: =J71*K71 -> 342614 | M71: 34261 | N71: =SUM(L71:M71) -> 376875 | O71: 자동이체(4/25) | P71: 정지우 | Q71: X | R71: 부가세불공
A72: . | B72: X | D72: 45772 | E72: 롯데렌탈 | G72: 일반경비 | H72: 차량유지비 | I72: 4월 선급금(그랜저 8552)-37/49회 | J72: 1 | K72: 234659 | L72: =J72*K72 -> 234659 | M72: 23466 | N72: =SUM(L72:M72) -> 258125 | O72: 선납(22/4/5) | P72: 정지우 | Q72: X | R72: 부가세불공
A73: . | B73: X | D73: 45772 | E73: 롯데렌탈 | G73: 일반경비 | H73: 차량유지비 | I73: 4월 차량렌트(G80 3061)-37/49회 | J73: 1 | K73: 488069 | L73: =J73*K73 -> 488069 | M73: 48806 | N73: =SUM(L73:M73) -> 536875 | O73: 자동이체(4/25) | P73: 정지우 | Q73: X | R73: 부가세불공
A74: . | B74: X | D74: 45772 | E74: 롯데렌탈 | G74: 일반경비 | H74: 차량유지비 | I74: 4월 선급금(G80 3061)-37/49회 | J74: 1 | K74: 307386 | L74: =J74*K74 -> 307386 | M74: 30739 | N74: =SUM(L74:M74) -> 338125 | O74: 선납(22/4/5) | P74: 정지우 | Q74: X | R74: 부가세불공
A75: . | B75: SM-25010 | D75: 45772 | E75: 프로미스 | F75: 유니포인트 | G75: MA | H75: 분기 | I75: 한미사이언스 2분기 기술지원 | J75: 1 | K75: 8000000 | L75: =J75*K75 -> 8000000 | M75: =L75*10% -> 800000 | N75: =SUM(L75:M75) -> 8800000 | O75: 완료(4/25) | P75: 이예지 | Q75: 4/30,5/31,6/30
A76: . | B76: SM-24007 | D76: 45772 | E76: 프로미스 | F76: 연세의료원 | G76: MA | H76: 분기 | I76: 기술지원료 2분기 | J76: 1 | K76: 2100000 | L76: =J76*K76 -> 2100000 | M76: =L76*10% -> 210000 | N76: =SUM(L76:M76) -> 2310000 | O76: 완료(4/25) | P76: 이예지 | Q76: 5/20,6/20,7/20
A77: . | B77: SM-24021 | D77: 45772 | E77: 프로미스 | F77: 에이캐피탈 | G77: MA | H77: 분기 | I77: 1분기 유지정비료 - 1/4회 | J77: 1 | K77: 5000000 | L77: =J77*K77 -> 5000000 | M77: =L77*10% -> 500000 | N77: =SUM(L77:M77) -> 5500000 | O77: 완료(4/25) | P77: 이예지 | Q77: 2/5,3/5,4/5
A78: . | B78: SM-24014 | D78: 45772 | E78: 프로미스 | F78: 신동아건설 | G78: MA | H78: 분기 | I78: 1~4월 기술지원료 | J78: 1 | K78: 2000000 | L78: =J78*K78 -> 2000000 | M78: =L78*10% -> 200000 | N78: =SUM(L78:M78) -> 2200000 | O78: 완료(4/25) | P78: 천범석 | Q78: 1/20,2/20,3/20,4/20
A79: . | B79: SB-23012 | D79: 45772 | E79: 프로미스 | F79: 솔리드이엔지 | G79: MA | H79: 기술지원 | I79: 국립기상과학원 19개월(23.01~24.7) 기술지원 | J79: 1 | K79: 11400000 | L79: =J79*K79 -> 11400000 | M79: =L79*10% -> 1140000 | N79: =SUM(L79:M79) -> 12540000 | O79: 완료(4/25) | P79: 천범석 | Q79: 23/1/31~ | R79: 매출월간
A80: . | B80: SM-24024 | D80: 45772 | E80: 프로미스 | F80: 강북21세기병원 | G80: MA | H80: 반기 | I80: 25년 반기(24.12~25.5) 유지정비료 | J80: 1 | K80: 600000 | L80: =J80*K80 -> 600000 | M80: =L80*10% -> 60000 | N80: =SUM(L80:M80) -> 660000 | O80: 완료(4/25) | P80: 천범석 | Q80: 24/12/25~ | R80: 매출월간
A81: . | B81: SM-25005 | D81: 45772 | E81: 프로미스 | F81: 고영테크놀러지 | G81: MA | H81: 분기 | I81: 2분기 기술지원료 | J81: 1 | K81: 1500000 | L81: =J81*K81 -> 1500000 | M81: =L81*10% -> 150000 | N81: =SUM(L81:M81) -> 1650000 | O81: 완료(4/25) | P81: 홍승민 | Q81: 4/25,5/25,6/25
A82: . | B82: SB-24011 | D82: 45772 | E82: 프로미스 | F82: 비온시이노베이터 | G82: MA | H82: 연간 | I82: 25년 국립농업과학원 기술지원 | J82: 1 | K82: 3400000 | L82: =J82*K82 -> 3400000 | M82: =L82*10% -> 340000 | N82: =SUM(L82:M82) -> 3740000 | O82: 완료(4/25) | P82: 천범석 | Q82: 2/15~ | R82: 매출연간
A83: . | B83: SM-25009 | D83: 45772 | E83: 프로미스 | F83: 유니포인트 | G83: MA | H83: 분기 | I83: 교보문고 1Q 기술지원 | J83: 1 | K83: 1000000 | L83: =J83*K83 -> 1000000 | M83: =L83*10% -> 100000 | N83: =SUM(L83:M83) -> 1100000 | O83: 완료(4/25) | P83: 천범석 | Q83: 1/31,2/28,3/31
A84: . | B84: X | D84: 45772 | E84: 비와이씨하이시티입주사대표회 | G84: 일반경비 | H84: 여비교통비 | I84: 대표님,천범석,엔지니어팀 5월 주차비 | J84: 1 | K84: 272727 | L84: =J84*K84 -> 272727 | M84: 27273 | N84: =SUM(L84:M84) -> 300000 | O84: 완료(4/25) | P84: 정지우 | Q84: X | R84: 부가세불공
A85: . | B85: X | D85: 45772 | E85: 청소의신 | G85: 일반경비 | H85: 지급수수료 | I85: 4월 청소비 | J85: 1 | K85: 160000 | L85: =J85*K85 -> 160000 | M85: =L85*10% -> 16000 | N85: =SUM(L85:M85) -> 176000 | O85: 완료(4/30) | P85: 정지우 | Q85: X
A86: . | B86: SM-24007 | D86: 45772 | E86: 다원씨앤에스 | F86: 연세의료원 | G86: MA | H86: 월간 | I86: 4월분 SIOS Lifekeeper 유지보수료 - 3/12회 | J86: 1 | K86: 200000 | L86: =J86*K86 -> 200000 | M86: =L86*10% -> 20000 | N86: =SUM(L86:M86) -> 220000 | O86: 완료(5/30) | P86: 이예지 | Q86: 45767
A87: . | B87: SM-25014 | D87: 45772 | E87: 제이에스정보시스템 | F87: 시너지온 | G87: MA | H87: 월간 | I87: 건국대병원 4월 유지정비료 - 1/29회 | J87: 1 | K87: 500000 | L87: =J87*K87 -> 500000 | M87: =L87*10% -> 50000 | N87: =SUM(L87:M87) -> 550000 | O87: 완료(6/30) | P87: 천범석 | Q87: 45777
A88: . | B88: LI-24003 | D88: 45772 | E88: 제이에스정보시스템 | F88: 신동아건설 | G88: MA | H88: 월간 | I88: 3~4월 기술지원료 | J88: 1 | K88: 300000 | L88: =J88*K88 -> 300000 | M88: =L88*10% -> 30000 | N88: =SUM(L88:M88) -> 330000 | O88: 완료(6/30) | P88: 이예지 | Q88: 3/20,4/20
A89: . | B89: D250424-01 | D89: 45775 | E89: 컴퓨존 | F89: 고영테크놀러지 | G89: 상품 | H89: 조립PC | I89: 조립 PC | J89: 3 | K89: =2875364/3 -> 958454.67 | L89: 2875364 | M89: 287536 | N89: =SUM(L89:M89) -> 3162900 | O89: 완료(4/28) | P89: 이지훈 | Q89: 45798
A90: . | B90: Y250409-01 | D90: 45775 | E90: 컴퓨존 | F90: 현성솔루션 | G90: 상품 | H90: GBIC | I90: 10Gbps 호환 Gbic | J90: 12 | K90: 14582 | L90: 174982 | M90: 17498 | N90: =SUM(L90:M90) -> 192480 | O90: 완료(4/28) | P90: 홍승민 | Q90: 45776
A91: . | B91: X | D91: 45775 | E91: 에이피에스 | G91: 일반경비 | H91: 차량유지비 | I91: E350(262무2108) 반납 원상복구비용 | J91: 1 | K91: 780000 | L91: =J91*K91 -> 780000 | M91: =L91*10% -> 78000 | N91: =SUM(L91:M91) -> 858000 | O91: 완료(4/28) | P91: 정지우 | Q91: X
A92: . | B92: D250424-01 | D92: 45775 | E92: 리더스시스템즈 | F92: 고영테크놀러지 | G92: 상품 | H92: GPU | I92: [NVIDIA] RTX 4000 Ada Generation D6 20GB | J92: 3 | K92: 2033000 | L92: =J92*K92 -> 6099000 | M92: =L92*10% -> 609900 | N92: =SUM(L92:M92) -> 6708900 | O92: 완료(4/28) | P92: 이지훈 | Q92: 45798
A93: . | B93: D250424-01 | D93: 45775 | E93: 조이젠 | F93: 고영테크놀러지 | G93: 상품 | H93: CPU | I93: [INTEL] 코어 i7-14700 정품박스 (랩터레이크 리프레시/2.1GHz) | J93: 3 | K93: =1364973/3 -> 454991 | L93: 1364973 | M93: 136497 | N93: =SUM(L93:M93) -> 1501470 | O93: 완료(4/28) | P93: 이지훈 | Q93: 45798
A94: . | B94: IK-24001 | D94: 45775 | E94: 알앤큐시스템 | F94: 로스만스/브리티쉬 | G94: MA | H94: 월간 | I94: BAT 통합 유지보수 4월분 - 4/12회 | J94: 1 | K94: 4950000 | L94: =J94*K94 -> 4950000 | M94: =L94*10% -> 495000 | N94: =SUM(L94:M94) -> 5445000 | O94: 완료(7/15) | P94: 천범석 | Q94: 45777
A95: . | B95: H250410-01 | D95: 45775 | E95: 알앤큐시스템 | F95: 브리티쉬아메리칸토바코 | G95: 상품 | H95: VXRail 라이선스 | I95: VXRail Software(Vmware) 라이선스 | J95: 1 | K95: 44400000 | L95: =J95*K95 -> 44400000 | M95: =L95*10% -> 4440000 | N95: =SUM(L95:M95) -> 48840000 | O95: 완료(7/15) | P95: 천범석 | Q95: 45771
A96: . | B96: H250428-01 | D96: 45775 | E96: 이비웨이브 | F96: 동원프라스틱 | G96: MA | H96: 43W8250 | I96: System Board for X3650 | J96: 1 | K96: 250000 | L96: =J96*K96 -> 250000 | M96: =L96*10% -> 25000 | N96: =SUM(L96:M96) -> 275000 | O96: 완료(6/30) | P96: 천범석 | Q96: MA
A97: . | B97: H250428-02 | D97: 45775 | E97: 이비웨이브 | F97: 동원프라스틱 | G97: MA | H97: 39Y7377 | I97: 835w Power Supply for X3650 | J97: 2 | K97: 60000 | L97: =J97*K97 -> 120000 | M97: =L97*10% -> 12000 | N97: =SUM(L97:M97) -> 132000 | O97: 완료(6/30) | P97: 천범석 | Q97: MA
A98: . | B98: Y250409-01 | D98: 45776 | E98: 컴퓨존 | F98: 현성솔루션 | G98: 상품 | H98: GBIC | I98: 10Gbps 호환 Gbic | J98: 12 | K98: =25010/1.1 -> 22736.364 | L98: 272836 | M98: 27284 | N98: =SUM(L98:M98) -> 300120 | O98: 완료(4/29) | P98: 홍승민 | Q98: 45776
A99: . | B99: Y250409-01 | D99: 45776 | E99: 컴퓨존 | F99: 현성솔루션 | G99: 상품 | H99: GBIC | I99: 10Gbps 호환 Gbic | J99: 12 | K99: -14582 | L99: -174982 | M99: -17498 | N99: =SUM(L99:M99) -> -192480 | O99: 환불(4/29) | P99: 홍승민 | Q99: 45776
A100: . | B100: D250424-01 | D100: 45776 | E100: 컴퓨존 | F100: 고영테크놀러지 | G100: 상품 | H100: SSD | I100: [SK]Platinum P41 M1.2 NVMe 2280 1TB | J100: 6 | K100: =142000/1.1 -> 129090.91 | L100: 774545 | M100: 77455 | N100: =SUM(L100:M100) -> 852000 | O100: 완료(4/29) | P100: 이지훈 | Q100: 45798
...

Sheet 5월
B1: ="["&YEAR(D5)&"년 "&MONTH(D5)&"월 매입]" -> [2025년 5월 매입]
M2: x 비과세 0 영세 | O2: 완료 | Q2: 트루스케일
B3: 품의코드 | C3: Vendor 코드 | D3: 계산서 | E3: 매입처 | F3: 매출처 | G3: 구분 | H3: MA : 청구구분 상품 : PN | I3: 품목 | J3: 수량 | K3: 매입 | O3: 결제 | P3: 영업 담당자 | Q3: 매출처 세금계산서 | R3: 비고
K4: 단가 | L4: 공금가액 | M4: VAT | N4: 합계금액
A5: . | B5: X | D5: 45778 | E5: 에스케이쉴더스 금천지점 | G5: 일반경비 | H5: 지급수수료 | I5: 보안용역 월정료 5월분 | J5: 1 | K5: 71000 | L5: =J5*K5 -> 71000 | M5: =L5*10% -> 7100 | N5: =SUM(L5:M5) -> 78100 | O5: 자동이체(5/12) | P5: 정지우 | Q5: X
A6: . | B6: LI-24005 | D6: 45778 | E6: 한국아이씨에스 | F6: 해안종합건축사사무소 | G6: MA | H6: 월간-IBM | I6: 5월 유지정비료 - 12/12회 | J6: 1 | K6: 436400 | L6: =J6*K6 -> 436400 | M6: =L6*10% -> 43640 | N6: =SUM(L6:M6) -> 480040 | O6: 완료(5/30) | P6: 천범석 | Q6: 45778
A7: . | B7: LI-24006 | D7: 45778 | E7: 한국아이씨에스 | F7: 보해양조 | G7: MA | H7: 월간-IBM | I7: 5월 유지정비료 - 10/11회 | J7: 1 | K7: 277600 | L7: =J7*K7 -> 277600 | M7: =L7*10% -> 27760 | N7: =SUM(L7:M7) -> 305360 | O7: 완료(5/30) | P7: 천범석 | Q7: 45802
A8: . | B8: Y250319-02 | D8: 45778 | E8: 씨플랫폼 | F8: 에스엠티정보기술 | G8: 상품 | H8: RH00004 | I8: Red Hat Enterprise Linux Server, Standard(Physical or Virtual Nodes) | J8: 1 | K8: 1000000 | L8: =J8*K8 -> 1000000 | M8: =L8*10% -> 100000 | N8: =SUM(L8:M8) -> 1100000 | O8: 완료(8/13) | P8: 홍승민 | Q8: 45776
A9: . | B9: IK-23013 | D9: 45779 | E9: 한국아이씨에스 | F9: 로보츠 | G9: MA | H9: 월간-IBM | I9: 도시바일렉 5월 유지정비료 - 11/12회 | J9: 1 | K9: 66498 | L9: =J9*K9 -> 66498 | M9: 6649 | N9: =SUM(L9:M9) -> 73147 | O9: 완료(6/30) | P9: 천범석 | Q9: 45807
A10: . | B10: LI-24007 | D10: 45779 | E10: 한국아이씨에스 | F10: 유더블유에스 | G10: MA | H10: 월간-IBM | I10: 두원정공 5월 유지정비료 - 10/11회 | J10: 1 | K10: 80160 | L10: =J10*K10 -> 80160 | M10: 8016 | N10: =SUM(L10:M10) -> 88176 | O10: 완료(6/30) | P10: 천범석 | Q10: 45807
A11: . | B11: IK-23014 | D11: 45779 | E11: 한국아이씨에스 | F11: 서비스링크 | G11: MA | H11: 월간-IBM | I11: 세원정공 5월 유지정비료 - 11/12회 | J11: 1 | K11: 198018 | L11: =J11*K11 -> 198018 | M11: 19801 | N11: =SUM(L11:M11) -> 217819 | O11: 완료(6/30) | P11: 천범석 | Q11: 45778
A12: . | B12: SM-21021 | D12: 45779 | E12: 한국아이씨에스 | F12: 법무법인바른 | G12: MA | H12: 월간-IBM | I12: 5월 유지정비료 - 9/13회 | J12: 1 | K12: 84811 | L12: =J12*K12 -> 84811 | M12: 8481 | N12: =SUM(L12:M12) -> 93292 | O12: 완료(6/30) | P12: 천범석 | Q12: 45802
A13: . | B13: IK-24011 | D13: 45779 | E13: 한국아이씨에스 | F13: 로보츠 | G13: MA | H13: 월간-IBM | I13: 키오시아(도시바) 5월 유지정비료 - 6/12회 | J13: 1 | K13: 133875 | L13: =J13*K13 -> 133875 | M13: 13387 | N13: =SUM(L13:M13) -> 147262 | O13: 완료(6/30) | P13: 천범석 | Q13: 45807
A14: . | B14: SM-25011 | D14: 45779 | E14: 한국아이씨에스 | F14: 유니포인트 | G14: MA | H14: 월간-IBM | I14: 한미약품/한미사이언스 5월 유지정비료 - 5/12회 | J14: 1 | K14: 11623397 | L14: =J14*K14 -> 11623397 | M14: 1162339 | N14: =SUM(L14:M14) -> 12785736 | O14: 완료(6/30) | P14: 천범석 | Q14: 45802
A15: . | B15: IK-25003 | D15: 45779 | E15: 한국아이씨에스 | F15: 엔콤 | G15: MA | H15: 월간-IBM | I15: 전북도시가스 5월 유지정비료 - 2/12회 | J15: 1 | K15: 1352754 | L15: =J15*K15 -> 1352754 | M15: 135275 | N15: =SUM(L15:M15) -> 1488029 | O15: 완료(6/30) | P15: 천범석 | Q15: 45807
A16: . | B16: IK-22025 | D16: 45779 | E16: 한국아이씨에스 | F16: 디에스피 | G16: MA | H16: 월간-IBM | I16: 엘지생활건강 청주공장 5월 유지정비료 - 4/12회 | J16: 1 | K16: 564192 | L16: =J16*K16 -> 564192 | M16: 56419 | N16: =SUM(L16:M16) -> 620611 | O16: 완료(6/30) | P16: 천범석 | Q16: 45778
A17: . | B17: IK-24006 | D17: 45779 | E17: 한국아이씨에스 | F17: 광양항서부터미널 | G17: MA | H17: 월간-IBM | I17: 5월 유지정비료 - 13/24회 | J17: 1 | K17: 2884612 | L17: =J17*K17 -> 2884612 | M17: 288461 | N17: =SUM(L17:M17) -> 3173073 | O17: 완료(6/30) | P17: 홍승민 | Q17: 45807
A18: . | B18: LI-24008 | D18: 45779 | E18: 한국아이씨에스 | F18: 쿠팡 | G18: MA | H18: 월간-IBM | I18: 5월 유지정비료 - 10/13회 | J18: 1 | K18: 205780 | L18: =J18*K18 -> 205780 | M18: 20578 | N18: =SUM(L18:M18) -> 226358 | O18: 완료(6/30) | P18: 천범석 | Q18: 45491 | R18: 매출연간
A19: . | B19: SM-25008 | D19: 45779 | E19: 한국아이씨에스 | F19: 유니포인트 | G19: MA | H19: 월간-IBM | I19: 스마트로 5월 유지정비료 - 5/12회 | J19: 1 | K19: 1210534 | L19: =J19*K19 -> 1210534 | M19: 121053 | N19: =SUM(L19:M19) -> 1331587 | O19: 완료(6/30) | P19: 천범석 | Q19: 45807
A20: . | B20: IK-23016 | D20: 45779 | E20: 한국아이씨에스 | F20: 케이정보기술 | G20: MA | H20: 월간-IBM | I20: 청주시청 5월 유지정비료 - 21/36회 | J20: 1 | K20: 259896 | L20: =J20*K20 -> 259896 | M20: 25989 | N20: =SUM(L20:M20) -> 285885 | O20: 완료(6/30) | P20: 천범석 | Q20: 45778
A21: . | B21: SM-25003 | D21: 45779 | E21: 한국아이씨에스 | F21: CGV 통합 | G21: MA | H21: 월간-IBM | I21: 5월 유지정비료 - 5/12회 | J21: 1 | K21: 2812500 | L21: =J21*K21 -> 2812500 | M21: 281250 | N21: =SUM(L21:M21) -> 3093750 | O21: 완료(6/30) | P21: 이예지 | Q21: 45666 | R21: 매출연간
A22: . | B22: IK-23016 | D22: 45779 | E22: 한국아이씨에스 | F22: 케이정보기술 | G22: MA | H22: 월간-IBM | I22: 청주시청 5월 유지정비료 - 5/20회 추가 | J22: 1 | K22: 1123962 | L22: =J22*K22 -> 1123962 | M22: 112396 | N22: =SUM(L22:M22) -> 1236358 | O22: 완료(6/30) | P22: 천범석 | Q22: 45778
A23: . | B23: IK-24012 | D23: 45779 | E23: 한국아이씨에스 | F23: 인정보 | G23: MA | H23: 월간-IBM | I23: 대구텍 5월 유지정비료 - 5/6회 중도해지 | J23: 1 | K23: 990000 | L23: =J23*K23 -> 990000 | M23: =L23*10% -> 99000 | N23: =SUM(L23:M23) -> 1089000 | O23: 완료(6/30) | P23: 천범석 | Q23: 45778
A24: . | B24: IK-25001 | D24: 45779 | E24: 한국아이씨에스 | F24: 투아이시스 | G24: MA | H24: 월간-IBM | I24: 5월 유지정비료 - 3/12회 | J24: 1 | K24: 93445 | L24: =J24*K24 -> 93445 | M24: 9344 | N24: =SUM(L24:M24) -> 102789 | O24: 완료(6/30) | P24: 천범석 | Q24: 45747 | R24: 매출연간
A25: . | B25: IK-24014 | D25: 45779 | E25: 한국아이씨에스 | F25: 로보츠 | G25: MA | H25: 월간-IBM | I25: 와이케이케이 5월 유지정비료 - 5/12회 | J25: 1 | K25: 79496 | L25: =J25*K25 -> 79496 | M25: 7949 | N25: =SUM(L25:M25) -> 87445 | O25: 완료(6/30) | P25: 천범석 | Q25: 45802
A26: . | B26: IK-22023 | D26: 45779 | E26: 한국아이씨에스 | F26: 리온아이티 | G26: MA | H26: 월간-IBM | I26: 성원제강 5월 유지정비료 - 26/36회 | J26: 1 | K26: 159761 | L26: =J26*K26 -> 159761 | M26: 15976 | N26: =SUM(L26:M26) -> 175737 | O26: 완료(6/30) | P26: 천범석 | Q26: 45807
A27: . | B27: IK-24002 | D27: 45779 | E27: 한국아이씨에스 | F27: 리온아이티 | G27: MA | H27: 월간-IBM | I27: 교세라 5월 유지정비료 - 16/36회 | J27: 1 | K27: 70422 | L27: =J27*K27 -> 70422 | M27: 7042 | N27: =SUM(L27:M27) -> 77464 | O27: 완료(6/30) | P27: 천범석 | Q27: 45716 | R27: 매출연간
A28: . | B28: LI-24009 | D28: 45779 | E28: 한국아이씨에스 | F28: 아이리스인포테크 | G28: MA | H28: 월간-IBM | I28: 프레이저플레이스 5월 유지정비료 - 10/12회 | J28: 1 | K28: 95200 | L28: =J28*K28 -> 95200 | M28: =L28*10% -> 9520 | N28: =SUM(L28:M28) -> 104720 | O28: 완료(6/30) | P28: 천범석 | Q28: 45807 | R28: 매출분기
A29: . | B29: LI-24004 | D29: 45779 | E29: 한국아이씨에스 | F29: 한국메탈 | G29: MA | H29: 월간-IBM | I29: 5월유지정비료 - 13/32회 | J29: 1 | K29: 316682 | L29: =J29*K29 -> 316682 | M29: 31668 | N29: =SUM(L29:M29) -> 348350 | O29: 완료(6/30) | P29: 천범석 | Q29: 45778
A30: . | B30: SB-24036 | D30: 45779 | E30: 한국아이씨에스 | F30: 나라정보 | G30: MA | H30: 월간-IBM | I30: 부국철강 5월 유지정비료 - 13/32 회 | J30: 1 | K30: 190849 | L30: =J30*K30 -> 190849 | M30: 19084 | N30: =SUM(L30:M30) -> 209933 | O30: 완료(6/30) | P30: 천범석 | Q30: 45807
A31: . | B31: LI-24006 | D31: 45779 | E31: 한국아이씨에스 | F31: 보해양조 | G31: MA | H31: 월간-IBM | I31: 5월 유지정비료 - 11/12회 | J31: 1 | K31: 142800 | L31: =J31*K31 -> 142800 | M31: =L31*10% -> 14280 | N31: =SUM(L31:M31) -> 157080 | O31: 완료(6/30) | P31: 천범석 | Q31: 45802
A32: . | B32: IK-22022 | D32: 45779 | E32: 한국아이씨에스 | F32: 리온아이티 | G32: MA | H32: 월간-IBM | I32: 한일전기 5월 유지정비료 - 29/36회 | J32: 1 | K32: 309047 | L32: =J32*K32 -> 309047 | M32: 30904 | N32: =SUM(L32:M32) -> 339951 | O32: 완료(6/30) | P32: 천범석 | Q32: 45748 | R32: 매출분기
A33: . | B33: IK-24013 | D33: 45779 | E33: 한국아이씨에스 | F33: 레드텍 | G33: MA | H33: 월간-IBM | I33: 대한상공회의소 5월 유지정비료 - 7/12회 | J33: 1 | K33: 145780 | L33: =J33*K33 -> 145780 | M33: 14578 | N33: =SUM(L33:M33) -> 160358 | O33: 완료(6/30) | P33: 천범석 | Q33: 45778
A34: . | B34: IK-22021 | D34: 45779 | E34: 한국아이씨에스 | F34: 리온아이티 | G34: MA | H34: 월간-IBM | I34: 문배철강 5월 유지정비료 - 26/36회 | J34: 1 | K34: 212293 | L34: =J34*K34 -> 212293 | M34: 21229 | N34: =SUM(L34:M34) -> 233522 | O34: 완료(6/30) | P34: 천범석 | Q34: 45807
A35: . | B35: SM-24021 | D35: 45779 | E35: 한국아이씨에스 | F35: 에이캐피탈 | G35: MA | H35: 월간-IBM | I35: 5월 유지정비료 - 9/12회 | J35: 1 | K35: 691782 | L35: =J35*K35 -> 691782 | M35: 69178 | N35: =SUM(L35:M35) -> 760960 | O35: 완료(6/30) | P35: 천범석 | Q35: 45813
A36: . | B36: X | D36: 45780 | E36: 에스케이브로드밴드 | G36: 일반경비 | H36: 통신비 | I36: 통신료 | J36: 1 | K36: 14166 | L36: =J36*K36 -> 14166 | M36: 1416 | N36: =SUM(L36:M36) -> 15582 | O36: 자동이체(5/25) | P36: 정지우 | Q36: X
A37: . | B37: SM-24020 | D37: 45784 | E37: 로보츠 | F37: 와이케이케이한국 | G37: MA | H37: 월간 | I37: BoardSystem 유지보수 - 5월 (8/12회) | J37: 1 | K37: 1060000 | L37: =J37*K37 -> 1060000 | M37: =L37*10% -> 106000 | N37: =SUM(L37:M37) -> 1166000 | O37: 완료(6/30) | P37: 이예지 | Q37: 45784
A38: . | B38: S | D38: 45784 | E38: 로보츠 | F38: 와이케이케이한국 | G38: MA | H38: 연간 | I38: 항온항습기 유지보수 (25.05.01~26.04.30) | J38: 1 | K38: 1760000 | L38: =J38*K38 -> 1760000 | M38: =L38*10% -> 176000 | N38: =SUM(L38:M38) -> 1936000 | O38: 완료(6/30) | P38: 이예지 | Q38: 45784
A39: . | B39: S | D39: 45784 | E39: 로보츠 | F39: 와이케이케이한국 | G39: MA | H39: 연간 | I39: FMS 유지보수 (25.05.01~26.04.30) | J39: 1 | K39: 3490000 | L39: =J39*K39 -> 3490000 | M39: =L39*10% -> 349000 | N39: =SUM(L39:M39) -> 3839000 | O39: 완료(6/30) | P39: 이예지 | Q39: 45784
A40: . | B40: H250507-02 | D40: 45784 | E40: 이비웨이브 | F40: 티에스씨인포 | G40: 상품 | H40: 00YK039 | I40: Lenovo 00yk039 2tb 7.2k Rpm Sata 6gbps 512n 3.5-inch Internal Hot-swap Hard Disk Drive | J40: 1 | K40: 220000 | L40: =J40*K40 -> 220000 | M40: =L40*10% -> 22000 | N40: =SUM(L40:M40) -> 242000 | O40: 완료(7/31) | P40: 천범석 | Q40: 45807
A41: . | B41: H250508-02 | D41: 45785 | E41: 이비웨이브 | F41: 티에스씨인포 | G41: 상품 | H41: 운송비 | I41: 울산 직배송 다마스비용 | J41: 1 | K41: 260000 | L41: =J41*K41 -> 260000 | M41: =L41*10% -> 26000 | N41: =SUM(L41:M41) -> 286000 | O41: 완료(7/31) | P41: 천범석 | Q41: 45807
A42: . | B42: Y250508-01 | D42: 45785 | E42: 컴퓨존 | F42: 한국교과서협회 | G42: 상품 | H42: 스토리지 | I42: Synology RS1221RP+ 8TB x8 | J42: 1 | K42: 5105809 | L42: 5105809 | M42: 510581 | N42: =SUM(L42:M42) -> 5616390 | O42: 완료(5/8) | P42: 홍승민 | Q42: 45798
A43: . | B43: SM-23012 | D43: 45787 | E43: 엘림넷 | F43: 택스홈앤아웃 본사 | G43: MA | H43: 월간 | I43: 전용회선료 외 1건 | J43: 1 | K43: 213400 | L43: =J43*K43 -> 213400 | M43: 21340 | N43: =SUM(L43:M43) -> 234740 | O43: 완료(5/26법카) | P43: 이예지 | Q43: 45778
A44: . | B44: SM-23013 | D44: 45787 | E44: 엘림넷 | F44: 하이엔드택스 강남지점(압구정) | G44: MA | H44: 월간 | I44: e-NETner 외 1건 | J44: 1 | K44: 77600 | L44: =J44*K44 -> 77600 | M44: 7760 | N44: =SUM(L44:M44) -> 85360 | O44: 완료(5/26법카) | P44: 이예지 | Q44: 45778
A45: . | B45: SM-23012 | D45: 45787 | E45: 엘림넷 | F45: 택스홈앤아웃 본사 | G45: MA | H45: 월간 | I45: e-NETner 외 1건 | J45: 1 | K45: 155200 | L45: =J45*K45 -> 155200 | M45: 15520 | N45: =SUM(L45:M45) -> 170720 | O45: 완료(5/26법카) | P45: 이예지 | Q45: 45778
A46: . | B46: SM-23013 | D46: 45787 | E46: 엘림넷 | F46: 하이엔드택스 강남지점(압구정) | G46: MA | H46: 월간 | I46: 전용회선료 외 1건 | J46: 1 | K46: 145500 | L46: =J46*K46 -> 145500 | M46: 14550 | N46: =SUM(L46:M46) -> 160050 | O46: 완료(5/26법카) | P46: 이예지 | Q46: 45778
A47: . | B47: IK-25002 | D47: 45789 | E47: 한국아이씨에스 | F47: 시너지온 | G47: MA | H47: 월간-IBM | I47: 명지성모병원 5월 정기점검 - 1/10회 | J47: 1 | K47: 291532 | L47: =J47*K47 -> 291532 | M47: =L47*10% -> 29153.2 | N47: =SUM(L47:M47) -> 320685.2 | O47: 완료(6/30) | P47: 천범석 | Q47: 45797
A48: . | B48: H250513-01 | D48: 45790 | E48: 이비웨이브 | F48: 인코어 | G48: 상품 | H48: 872772-001 | I48: 4TB 7.2K 6G SATA 3.5inch SC DS Hard Drive | J48: 1 | K48: 180000 | L48: =J48*K48 -> 180000 | M48: =L48*10% -> 18000 | N48: =SUM(L48:M48) -> 198000 | O48: 완료(7/31) | P48: 천범석 | Q48: 45803
A49: . | B49: H250514-01 | D49: 45791 | E49: 이비웨이브 | F49: 인코어 | G49: 상품 | H49: 529FG | I49: Dell 4-TB 6G 7.2K 3.5 SAS (ST4000NM0023) for R520 | J49: 1 | K49: 150000 | L49: =J49*K49 -> 150000 | M49: =L49*10% -> 15000 | N49: =SUM(L49:M49) -> 165000 | O49: 완료(7/31) | P49: 천범석 | Q49: 45803
A50: . | B50: H250514-02 | D50: 45791 | E50: 이비웨이브 | F50: 투데이게이트 | G50: MA | H50: 05H5080 | I50: External USB 3.0 Cable | J50: 1 | K50: 70000 | L50: =J50*K50 -> 70000 | M50: =L50*10% -> 7000 | N50: =SUM(L50:M50) -> 77000 | O50: 완료(7/31) | P50: 천범석 | Q50: MA
A51: . | B51: Y250428-01 | D51: 45791 | E51: 이룸에스앤앤 | F51: 에스엠티정보기술 | G51: 상품 | H51: 서버 | I51: Lenovo SR630v2 | J51: 1 | K51: 3860000 | L51: =J51*K51 -> 3860000 | M51: =L51*10% -> 386000 | N51: =SUM(L51:M51) -> 4246000 | O51: 완료(7/31) | P51: 홍승민 | Q51: 45805
A52: . | B52: Y250424-02 | D52: 45791 | E52: 이룸에스앤앤 | F52: 다올이앤씨 | G52: 상품 | H52: OS | I52: Windows Server 2022 Standard ROK (16 core) - MultiLang | J52: 1 | K52: 1100000 | L52: 8600000 | M52: =L52*10% -> 860000 | N52: =SUM(L52:M52) -> 9460000 | O52: 완료(7/31) | P52: 홍승민 | Q52: 45832
A53: . | E53: 이룸에스앤앤 | F53: 다올이앤씨 | G53: 상품 | H53: CAL | I53: Windows Server 2022 CAL (5 User) | J53: 30 | K53: 250000
A54: . | B54: SM-20017 | D54: 45792 | E54: 에스엔에이 | F54: 해안종합건축사사무소 | G54: MA | H54: 기술지원 | I54: HP 1630 유지보수 5월 - 12/12회 | J54: 1 | K54: 200000 | L54: =J54*K54 -> 200000 | M54: =L54*10% -> 20000 | N54: =SUM(L54:M54) -> 220000 | O54: 완료(7/31) | P54: 천범석 | Q54: 45778
A55: . | B55: X | D55: 45792 | E55: 광명역자이타워관리단 | F55: 광명자이 A1811호 | G55: 일반경비 | H55: 건물관리 | I55: 4월(1~7일) 관리비 과세분 | J55: 1 | K55: 32190 | L55: =J55*K55 -> 32190 | M55: 3220 | N55: =SUM(L55:M55) -> 35410 | O55: 완료(5/30) | P55: 정지우 | Q55: X
A56: . | B56: X | D56: 45792 | E56: 광명역자이타워관리단 | F56: 광명자이 A1811호 | G56: 일반경비 | H56: 건물관리 | I56: 4월(1~7일) 관리비 면세분 | J56: 1 | K56: 3330 | L56: =J56*K56 -> 3330 | M56: X | N56: =SUM(L56:M56) -> 3330 | O56: 완료(5/30) | P56: 정지우 | Q56: X | R56: 비과세
A57: . | B57: Y250516-01 | D57: 45792 | E57: 위퍼스트 | F57: 로보츠 | G57: 상품 | H57: 4ZC7A08699 | I57: ThinkSystem 16GB TruDDR4 2666MHz(2Rx8, 1.2V) UDIMM | J57: 8 | K57: 120000 | L57: =J57*K57 -> 960000 | M57: =L57*10% -> 96000 | N57: =SUM(L57:M57) -> 1056000 | O57: 완료(6/30) | P57: 홍승민 | Q57: 45805
A58: . | B58: S | D58: 45793 | E58: 로보츠 | F58: 와이케이케이한국 | G58: 상품 | H58: LG피씨 | I58: [LG전자] 슬림타워 데스크탑 Z80LV.AP47B3E 외 | J58: 1 | K58: 3055000 | L58: =J58*K58 -> 3055000 | M58: =L58*10% -> 305500 | N58: =SUM(L58:M58) -> 3360500 | O58: 완료(6/30) | P58: 이예지 | Q58: 45793
A59: . | B59: Y250516-04 | D59: 45793 | E59: 컴퓨존 | F59: 라온피플 | G59: 상품 | H59: 조립PC | I59: 조립PC | J59: 3 | K59: =4293136/3 -> 1431045.3 | L59: 4293136 | M59: 429314 | N59: =SUM(L59:M59) -> 4722450 | O59: 완료(5/16) | P59: 홍승민 | Q59: 45805
A60: . | B60: SM-23023 | D60: 45797 | E60: 이올테크 | F60: 중앙유통단지관리운영회 | G60: MA | H60: 월간 | I60: 5월 유지정비료 - 20/36회 | J60: 1 | K60: 370000 | L60: =J60*K60 -> 370000 | M60: =L60*10% -> 37000 | N60: =SUM(L60:M60) -> 407000 | O60: 완료(5/30) | P60: 천범석 | Q60: 45797
A61: . | B61: D250521-01 | D61: 45798 | E61: 조이젠 | F61: 고영테크놀러지 | G61: 상품 | H61: SSD | I61: [마이크론] Crucial T500 M.2 NVMe 2280 | J61: 1 | K61: 405636 | L61: =J61*K61 -> 405636 | M61: 40564 | N61: =SUM(L61:M61) -> 446200 | O61: 완료(5/22) | P61: 이지훈 | Q61: 45813
B62: H250521-01 | D62: 45798 | E62: 이비웨이브 | F62: 티에스씨인포 | G62: 상품 | H62: 00Y5765 | I62: 1.2TB 10K 6G SAS 2.5inch Disk Dr | J62: 1 | K62: 170000 | L62: =J62*K62 -> 170000 | M62: =ROUNDDOWN(L62*10%,0) -> 17000 | N62: =SUM(L62:M62) -> 187000 | O62: 완료(7/31) | P62: 천범석 | Q62: 45807
A63: . | B63: Y250522-01 | D63: 45799 | E63: 이비웨이브 | F63: 제트컨버터클라우드 | G63: 상품 | H63: QW972A(USED) | I63: HPE SN1000Q 16Gb 2-port PCIe Fibre Channel Host Bus Adapter | J63: 3 | K63: 180000 | L63: =J63*K63 -> 540000 | M63: =L63*10% -> 54000 | N63: =SUM(L63:M63) -> 594000 | O63: 완료(7/31) | P63: 홍승민 | Q63: 45805
A64: . | B64: D250521-01 | D64: 45799 | E64: 컴퓨존 | F64: 고영테크놀러지 | G64: 상품 | H64: 조립PC | I64: 조립PC | J64: 1 | K64: 2543655 | L64: =J64*K64 -> 2543655 | M64: 254365 | N64: =SUM(L64:M64) -> 2798020 | O64: 완료(5/22) | P64: 이지훈 | Q64: 45813
A65: . | B65: Y250522-01 | D65: 45799 | E65: 컴퓨존 | F65: 제트컨버터 | G65: 상품 | H65: 케이블 | I65: 랜스타 LC-LC OM3 멀티 광점퍼코드 5M | J65: 6 | K65: =46500/1.1/6 -> 7045.4545 | L65: 42273 | M65: 4227 | N65: =SUM(L65:M65) -> 46500 | O65: 완료(5/22) | P65: 홍승민 | Q65: 45805
A66: . | B66: S250526 | D66: 45800 | E66: 테이아인포 | F66: 다솜테크 | G66: 상품 | H66: 기술지원 | I66: 스토리지 기술지원료 | J66: 1 | K66: 400000 | L66: =J66*K66 -> 400000 | M66: =L66*10% -> 40000 | N66: =SUM(L66:M66) -> 440000 | O66: 완료(8/5) | P66: 천범석 | Q66: 45807
A67: . | B67: SM-24007 | D67: 45802 | E67: 다원씨앤에스 | F67: 연세의료원 | G67: MA | H67: 월간 | I67: 5월분 SIOS Lifekeeper 유지보수료 - 4/12회 | J67: 1 | K67: 200000 | L67: =J67*K67 -> 200000 | M67: =L67*10% -> 20000 | N67: =SUM(L67:M67) -> 220000 | O67: 완료(6/30) | P67: 이예지 | Q67: 45797
A68: . | B68: X | D68: 45802 | E68: 롯데렌탈 | G68: 일반경비 | H68: 차량유지비 | I68: 5월 차량렌트(그랜저 8552)-38/49회 | J68: 1 | K68: 342614 | L68: =J68*K68 -> 342614 | M68: 34261 | N68: =SUM(L68:M68) -> 376875 | O68: 자동이체(5/25) | P68: 정지우 | Q68: X | R68: 부가세불공
A69: . | B69: X | D69: 45802 | E69: 롯데렌탈 | G69: 일반경비 | H69: 차량유지비 | I69: 5월 선급금(그랜저 8552)-38/49회 | J69: 1 | K69: 234659 | L69: =J69*K69 -> 234659 | M69: 23466 | N69: =SUM(L69:M69) -> 258125 | O69: 선납(22/4/5) | P69: 정지우 | Q69: X | R69: 부가세불공
A70: . | B70: X | D70: 45802 | E70: 롯데렌탈 | G70: 일반경비 | H70: 차량유지비 | I70: 5월 차량렌트(G80 3061)-38/49회 | J70: 1 | K70: 488069 | L70: =J70*K70 -> 488069 | M70: 48806 | N70: =SUM(L70:M70) -> 536875 | O70: 자동이체(5/25) | P70: 정지우 | Q70: X | R70: 부가세불공
A71: . | B71: X | D71: 45802 | E71: 롯데렌탈 | G71: 일반경비 | H71: 차량유지비 | I71: 5월 선급금(G80 3061)-38/49회 | J71: 1 | K71: 307386 | L71: =J71*K71 -> 307386 | M71: 30739 | N71: =SUM(L71:M71) -> 338125 | O71: 선납(22/4/5) | P71: 정지우 | Q71: X | R71: 부가세불공
A72: . | B72: X | D72: 45802 | E72: 케이카 | G72: 일반경비 | H72: 차량유지비 | I72: 5월 차량렌트(xm3 4429)-29/37회 | J72: 1 | K72: =371000/1.1 -> 337272.73 | L72: 437273 | M72: 43727 | N72: =SUM(L72:M72) -> 481000 | O72: 자동이체(5/25) | P72: 정지우 | Q72: X | R72: 부가세불공
A73: . | B73: X | E73: 케이카 | G73: 일반경비 | H73: 차량유지비 | I73: 5월 선급금(xm3 4429)-29/37회 | J73: 1 | K73: 100000 | O73: 선납(22/12/29) | P73: 정지우 | Q73: X
A74: . | B74: X | D74: 45802 | E74: 더좋은샘물 | G74: 일반경비 | H74: 복리후생비 | I74: 생수 4통 | J74: 4 | K74: 6000 | L74: =J74*K74 -> 24000 | M74: =L74*10% -> 2400 | N74: =SUM(L74:M74) -> 26400 | O74: 완료(6/10) | P74: 정지우 | Q74: X
A75: . | B75: SM-25014 | D75: 45803 | E75: 제이에스정보시스템 | F75: 시너지온 | G75: MA | H75: 월간 | I75: 건국대병원 5월 유지정비료 - 2/29회 | J75: 1 | K75: 500000 | L75: =J75*K75 -> 500000 | M75: =L75*10% -> 50000 | N75: =SUM(L75:M75) -> 550000 | O75: 완료(7/31) | P75: 천범석 | Q75: 45807
A76: . | B76: SM-25020 | D76: 45803 | E76: 제이에스정보시스템 | F76: 신동아건설 | G76: MA | H76: 월간 | I76: 5월 기술지원료 - 1/12회 | J76: 1 | K76: 150000 | L76: =J76*K76 -> 150000 | M76: =L76*10% -> 15000 | N76: =SUM(L76:M76) -> 165000 | O76: 완료(7/31) | P76: 이예지 | Q76: 45797
A77: . | B77: X | D77: 45803 | E77: 비와이씨하이시티입주사대표회 | G77: 일반경비 | H77: 여비교통비 | I77: 대표님,천범석,엔지니어팀 6월 주차비 | J77: 1 | K77: 272727 | L77: =J77*K77 -> 272727 | M77: 27273 | N77: =SUM(L77:M77) -> 300000 | O77: 완료(5/26) | P77: 정지우 | Q77: X | R77: 부가세불공
A78: . | B78: SM-23031 | D78: 45803 | E78: 신세계아이앤씨 | F78: 온피아 | G78: MA | H78: 월간 | I78: 삼표 DB접근제어 유지보수 5월 - 10/12회 | J78: 1 | K78: 600000 | L78: =J78*K78 -> 600000 | M78: =L78*10% -> 60000 | N78: =SUM(L78:M78) -> 660000 | O78: 완료(6/30) | P78: 이예지 | Q78: 45807
A79: . | B79: X | D79: 45803 | E79: 청소의신 | G79: 일반경비 | H79: 지급수수료 | I79: 5월 청소비 | J79: 1 | K79: 160000 | L79: =J79*K79 -> 160000 | M79: =L79*10% -> 16000 | N79: =SUM(L79:M79) -> 176000 | O79: 완료(5/30) | P79: 정지우 | Q79: X
A80: . | B80: IK-24001 | D80: 45804 | E80: 알앤큐시스템 | F80: 로스만스/브리티쉬 | G80: MA | H80: 월간 | I80: BAT 통합 유지보수 5월분 - 5/12회 | J80: 1 | K80: 4950000 | L80: =J80*K80 -> 4950000 | M80: =L80*10% -> 495000 | N80: =SUM(L80:M80) -> 5445000 | O80: 완료(8/18) | P80: 천범석 | Q80: 45807
A81: . | B81: H250527-01 | D81: 45804 | E81: 이비웨이브 | F81: 티에스씨인포 | G81: 상품 | H81: 43W9720 | I81: IBM 750GB 7.2K SATA II E-DDM HDD | J81: 1 | K81: 250000 | L81: =J81*K81 -> 250000 | M81: =L81*10% -> 25000 | N81: =SUM(L81:M81) -> 275000 | O81: 완료(7/31) | P81: 천범석 | Q81: 45838
A82: . | B82: H250528-01 | D82: 45805 | E82: 이비웨이브 | F82: 이룸에스앤앤 | G82: 상품 | H82: 00YK024 | I82: ThinkSystem 2.5in 2TB 7.2K SAS 12Gb Hot Swap | J82: 1 | K82: 300000 | L82: =J82*K82 -> 300000 | M82: =L82*10% -> 30000 | N82: =SUM(L82:M82) -> 330000 | O82: 완료(7/31) | P82: 천범석 | Q82: 45817
A83: . | B83: H250528-03 | D83: 45805 | E83: 이비웨이브 | F83: 티에스씨인포 | G83: 상품 | H83: 622217-001 | I83: Systems Board for DL380PG8 | J83: 1 | K83: 220000 | L83: =J83*K83 -> 220000 | M83: =L83*10% -> 22000 | N83: =SUM(L83:M83) -> 242000 | O83: 완료(7/31) | P83: 천범석 | Q83: 45838
B84: H250528-02 | D84: 45806 | E84: 다솜테크 | F84: 케이엠디엠(대한지방행정공제회) | G84: MA | H84: 4XB7A14101 | I84: Lenovo ThinkSystem DE Series 8TB 7.2K 3.5" HDD | J84: 1 | K84: 465000 | L84: =J84*K84 -> 465000 | M84: =L84*10% -> 46500 | N84: =SUM(L84:M84) -> 511500 | O84: 완료(7/31) | P84: 천범석 | Q84: 45930
A85: . | B85: Y250424-02 | D85: 45806 | E85: 다솜테크 | F85: 다올이앤씨 | G85: 상품 | H85: 서버 | I85: Lenovo SR650v3 Server (2U) | J85: 1 | K85: 5780000 | L85: 7175000 | M85: =L85*10% -> 717500 | N85: =SUM(L85:M85) -> 7892500 | O85: 완료(7/31) | P85: 홍승민 | Q85: 45832
A86: . | B86: Y250428-01 | E86: 다솜테크 | F86: 에스엠티정보기술 | G86: 상품 | H86: OS | I86: Windows Server 2022 Standard ROK (16 core) 외 Cal 5User | J86: 1 | K86: 1395000 | Q86: 45805
A87: . | B87: SM-24003 | D87: 45807 | E87: 프라테르 | F87: 삼표산업 | G87: MA | H87: 월간 | I87: 5월 오라클 유지정비료 - 5/12회 | J87: 1 | K87: 672000 | L87: =J87*K87 -> 672000 | M87: =L87*10% -> 67200 | N87: =SUM(L87:M87) -> 739200 | O87: 완료(6/30) | P87: 홍승민 | Q87: 45807
B88: S250526 | D88: 45807 | E88: 에오스 | F88: 다솜테크 | G88: 상품 | H88: 기술지원 | I88: SAP AP HA 및 OS 구성 기술지원 LSITC | J88: 1 | K88: 13270000 | L88: =J88*K88 -> 13270000 | M88: =L88*10% -> 1327000 | N88: =SUM(L88:M88) -> 14597000 | O88: 완료(7/31) | P88: 이예지 | Q88: 45807
A89: . | B89: SM-24024 | D89: 45807 | E89: 디씨에스에스테크놀러지코리아 | F89: 강북21세기병원 | G89: MA | H89: 월간-DCSS | I89: 5월 유지정비료 - 6/12회 | J89: 1 | K89: 20600 | L89: 1823080 | M89: =L89*10% -> 182308 | N89: =SUM(L89:M89) -> 2005388 | O89: 완료(6/30) | P89: 천범석 | Q89: 45802
A90: . | B90: IK-24011 | E90: 디씨에스에스테크놀러지코리아 | F90: 로보츠 | G90: MA | H90: 월간-DCSS | I90: 키오시아 5월 유지정비료 - 6/12회 | J90: 1 | K90: 70180 | P90: 천범석 | Q90: 45802
A91: . | B91: SM-24021 | E91: 디씨에스에스테크놀러지코리아 | F91: 에이캐피탈 | G91: MA | H91: 월간-DCSS | I91: 5월 유지정비료 - 6/9회 | J91: 1 | K91: 352900 | P91: 이예지 | Q91: 45813
A92: . | B92: SM-24007 | E92: 디씨에스에스테크놀러지코리아 | F92: 연세의료원 | G92: MA | H92: 월간-DCSS | I92: 5월 유지정비료 - 4/12회 | J92: 1 | K92: 80000 | P92: 이예지 | Q92: 45797
A93: . | B93: SM-25002 | E93: 디씨에스에스테크놀러지코리아 | F93: 지비에쓰시스템 | G93: MA | H93: 월간-DCSS | I93: 현대하이카 5월 유지정비료 - 4/11회 | J93: 1 | K93: 66000 | P93: 천범석 | Q93: 45838
A94: . | B94: SM-25006 | E94: 디씨에스에스테크놀러지코리아 | F94: 장금상선 | G94: MA | H94: 월간-DCSS | I94: 5월 유지정비료 - 4/11회 | J94: 1 | K94: 44000 | P94: 홍승민 | Q94: 45807
A95: . | B95: SM-25010 | E95: 디씨에스에스테크놀러지코리아 | F95: 유니포인트 | G95: MA | H95: 월간-DCSS | I95: 한미약품 5월 유지정비료 - 4/11회 | J95: 1 | K95: 292200 | P95: 이예지 | Q95: 45807
A96: . | B96: SM-25009 | E96: 디씨에스에스테크놀러지코리아 | F96: 유니포인트 | G96: MA | H96: 월간-DCSS | I96: 교보문고 5월 유지정비료 - 4/11회 | J96: 1 | K96: 376200 | P96: 이예지 | Q96: 45807
A97: . | B97: SB-25014 | E97: 디씨에스에스테크놀러지코리아 | F97: 와이젠정보기술 | G97: MA | H97: 월간-DCSS | I97: 안국약품 5월 유지정비료 - 3/10회 | J97: 1 | K97: 391000 | P97: 천범석 | Q97: 45807
A98: . | B98: SM-25015 | E98: 디씨에스에스테크놀러지코리아 | F98: 케이엠디엠 | G98: MA | H98: 월간-DCSS | I98: 탑텍 5월 유지정비료 - 2/12회 | J98: 1 | K98: 14000 | P98: 천범석 | Q98: 45777 | R98: 매출연간
A99: . | B99: SM-25016 | E99: 디씨에스에스테크놀러지코리아 | F99: 케이엠디엠 | G99: MA | H99: 월간-DCSS | I99: SKB 5월 유지정비료 - 2/12회 | J99: 1 | K99: 14000 | P99: 천범석 | Q99: 45777 | R99: 매출연간
B100: SM-25021 | E100: 디씨에스에스테크놀러지코리아 | F100: 로보츠 | G100: MA | H100: 월간-DCSS | I100: 조광피혁 5월 유지정비료 - 1/12회 | J100: 1 | K100: 33000 | P100: 천범석 | Q100: 45802
...

Sheet 6월
B1: ="["&YEAR(D5)&"년 "&MONTH(D6)&"월 매입]" -> [2025년 6월 매입]
M2: x 비과세 0 영세 | O2: 완료 | Q2: 트루스케일
B3: 품의코드 | C3: Vendor 코드 | D3: 계산서 | E3: 매입처 | F3: 매출처 | G3: 구분 | H3: MA : 청구구분 상품 : PN | I3: 품목 | J3: 수량 | K3: 매입 | O3: 결제 | P3: 영업 담당자 | Q3: 매출처 세금계산서 | R3: 비고
K4: 단가 | L4: 공금가액 | M4: VAT | N4: 합계금액
A5: . | B5: X | D5: 45809 | E5: 에스케이쉴더스 금천지점 | G5: 일반경비 | H5: 지급수수료 | I5: 보안용역 월정료 6월분 | J5: 1 | K5: 71000 | L5: =J5*K5 -> 71000 | M5: =L5*10% -> 7100 | N5: =SUM(L5:M5) -> 78100 | O5: 자동이체(6/12) | P5: 정지우 | Q5: X
A6: . | B6: LI-24006 | D6: 45809 | E6: 한국아이씨에스 | F6: 보해양조 | G6: MA | H6: 월간-IBM | I6: 6월 유지정비료 - 11/11회 | J6: 1 | K6: 277500 | L6: =J6*K6 -> 277500 | M6: 27750 | N6: =SUM(L6:M6) -> 305250 | O6: 완료(7/31) | P6: 천범석 | Q6: 45833
A7: . | B7: IK-24006 | D7: 45810 | E7: 한국아이씨에스 | F7: 광양항서부터미널 | G7: MA | H7: 월간-IBM | I7: 6월 유지정비료 - 14/24회 | J7: 1 | K7: 2884612 | L7: =J7*K7 -> 2884612 | M7: 288461 | N7: =SUM(L7:M7) -> 3173073 | O7: 완료(7/31) | P7: 홍승민 | Q7: 45838
A8: . | B8: LI-24008 | D8: 45810 | E8: 한국아이씨에스 | F8: 쿠팡 | G8: MA | H8: 월간-IBM | I8: 6월 유지정비료 - 11/13회 | J8: 1 | K8: 205780 | L8: =J8*K8 -> 205780 | M8: 20578 | N8: =SUM(L8:M8) -> 226358 | O8: 완료(7/31) | P8: 천범석 | Q8: 45491 | R8: 매출연간
A9: . | B9: SM-25008 | D9: 45810 | E9: 한국아이씨에스 | F9: 유니포인트 | G9: MA | H9: 월간-IBM | I9: 스마트로 6월 유지정비료 - 6/12회 | J9: 1 | K9: 1210534 | L9: =J9*K9 -> 1210534 | M9: 121053 | N9: =SUM(L9:M9) -> 1331587 | O9: 완료(7/31) | P9: 천범석 | Q9: 45838
A10: . | B10: SM-25003 | D10: 45810 | E10: 한국아이씨에스 | F10: CGV 통합 | G10: MA | H10: 월간-IBM | I10: 6월 유지정비료 - 6/12회 | J10: 1 | K10: 2812500 | L10: =J10*K10 -> 2812500 | M10: 281250 | N10: =SUM(L10:M10) -> 3093750 | O10: 완료(7/31) | P10: 이예지 | Q10: 45666 | R10: 매출연간
A11: . | B11: IK-23016 | D11: 45810 | E11: 한국아이씨에스 | F11: 케이정보기술 | G11: MA | H11: 월간-IBM | I11: 청주시청 6월 유지정비료 - 6/20회 추가 | J11: 1 | K11: 1123962 | L11: =J11*K11 -> 1123962 | M11: 112396 | N11: =SUM(L11:M11) -> 1236358 | O11: 완료(7/31) | P11: 천범석 | Q11: 45809
A12: . | B12: IK-23016 | D12: 45810 | E12: 한국아이씨에스 | F12: 케이정보기술 | G12: MA | H12: 월간-IBM | I12: 청주시청 6월 유지정비료 - 22/36회 | J12: 1 | K12: 259896 | L12: =J12*K12 -> 259896 | M12: 25989 | N12: =SUM(L12:M12) -> 285885 | O12: 완료(7/31) | P12: 천범석 | Q12: 45809
A13: . | B13: IK-25001 | D13: 45810 | E13: 한국아이씨에스 | F13: 투아이시스 | G13: MA | H13: 월간-IBM | I13: 6월 유지정비료 - 4/12회 | J13: 1 | K13: 93445 | L13: =J13*K13 -> 93445 | M13: 9344 | N13: =SUM(L13:M13) -> 102789 | O13: 완료(7/31) | P13: 천범석 | Q13: 45747 | R13: 매출연간
A14: . | B14: IK-23013 | D14: 45810 | E14: 한국아이씨에스 | F14: 로보츠 | G14: MA | H14: 월간-IBM | I14: 도시바일렉 6월 유지정비료 - 12/12회 | J14: 1 | K14: 66501 | L14: =J14*K14 -> 66501 | M14: 6650 | N14: =SUM(L14:M14) -> 73151 | O14: 완료(7/31) | P14: 천범석 | Q14: 45838
A15: . | B15: IK-23014 | D15: 45810 | E15: 한국아이씨에스 | F15: 서비스링크 | G15: MA | H15: 월간-IBM | I15: 세원정공 6월 유지정비료 - 12/12회 | J15: 1 | K15: 198012 | L15: =J15*K15 -> 198012 | M15: 19801 | N15: =SUM(L15:M15) -> 217813 | O15: 완료(7/31) | P15: 천범석 | Q15: 45809
A16: . | B16: SM-21021 | D16: 45810 | E16: 한국아이씨에스 | F16: 법무법인바른 | G16: MA | H16: 월간-IBM | I16: 6월 유지정비료 - 10/13회 | J16: 1 | K16: 84811 | L16: =J16*K16 -> 84811 | M16: 8481 | N16: =SUM(L16:M16) -> 93292 | O16: 완료(7/31) | P16: 천범석 | Q16: 45833
A17: . | B17: LI-24007 | D17: 45810 | E17: 한국아이씨에스 | F17: 유더블유에스 | G17: MA | H17: 월간-IBM | I17: 두원정공 6월 유지정비료 - 11/11회 | J17: 1 | K17: 80163 | L17: =J17*K17 -> 80163 | M17: 8016 | N17: =SUM(L17:M17) -> 88179 | O17: 완료(7/31) | P17: 천범석 | Q17: 45838
A18: . | B18: IK-24011 | D18: 45810 | E18: 한국아이씨에스 | F18: 로보츠 | G18: MA | H18: 월간-IBM | I18: 키오시아(도시바) 6월 유지정비료 - 7/12회 | J18: 1 | K18: 133875 | L18: =J18*K18 -> 133875 | M18: 13387 | N18: =SUM(L18:M18) -> 147262 | O18: 완료(7/31) | P18: 천범석 | Q18: 45838
A19: . | B19: SM-25011 | D19: 45810 | E19: 한국아이씨에스 | F19: 유니포인트 | G19: MA | H19: 월간-IBM | I19: 한미약품/한미사이언스 6월 유지정비료 - 6/12회 | J19: 1 | K19: 11623397 | L19: =J19*K19 -> 11623397 | M19: 1162339 | N19: =SUM(L19:M19) -> 12785736 | O19: 완료(7/31) | P19: 천범석 | Q19: 45838
A20: . | B20: IK-25003 | D20: 45810 | E20: 한국아이씨에스 | F20: 엔콤 | G20: MA | H20: 월간-IBM | I20: 전북도시가스 6월 유지정비료 - 3/12회 | J20: 1 | K20: 1352754 | L20: =J20*K20 -> 1352754 | M20: 135275 | N20: =SUM(L20:M20) -> 1488029 | O20: 완료(7/31) | P20: 천범석 | Q20: 45838
A21: . | B21: IK-22025 | D21: 45810 | E21: 한국아이씨에스 | F21: 디에스피 | G21: MA | H21: 월간-IBM | I21: 엘지생활건강 청주공장 6월 유지정비료 - 5/12회 | J21: 1 | K21: 564192 | L21: =J21*K21 -> 564192 | M21: 56419 | N21: =SUM(L21:M21) -> 620611 | O21: 완료(7/31) | P21: 천범석 | Q21: 45809
A22: . | B22: IK-25002 | D22: 45810 | E22: 한국아이씨에스 | F22: 시너지온 | G22: MA | H22: 월간-IBM | I22: 명지성모병원 6월 정기점검 - 2/10회 | J22: 1 | K22: 451875 | L22: =J22*K22 -> 451875 | M22: 45187 | N22: =SUM(L22:M22) -> 497062 | O22: 완료(7/31) | P22: 천범석 | Q22: 45828
A23: . | B23: IK-24014 | D23: 45810 | E23: 한국아이씨에스 | F23: 로보츠 | G23: MA | H23: 월간-IBM | I23: 와이케이케이 6월 유지정비료 - 6/12회 | J23: 1 | K23: 79496 | L23: =J23*K23 -> 79496 | M23: 7949 | N23: =SUM(L23:M23) -> 87445 | O23: 완료(7/31) | P23: 천범석 | Q23: 45833
A24: . | B24: IK-24014 | D24: 45810 | E24: 한국아이씨에스 | F24: 로보츠 | G24: MA | H24: 월간-IBM | I24: 와이케이케이(추가) 6월 유지정비료 - 1/15회 | J24: 1 | K24: 74124 | L24: =J24*K24 -> 74124 | M24: 7412 | N24: =SUM(L24:M24) -> 81536 | O24: 완료(7/31) | P24: 천범석 | Q24: 45833
A25: . | B25: IK-22023 | D25: 45810 | E25: 한국아이씨에스 | F25: 리온아이티 | G25: MA | H25: 월간-IBM | I25: 성원제강 6월 유지정비료 - 27/36회 | J25: 1 | K25: 159761 | L25: =J25*K25 -> 159761 | M25: 15976 | N25: =SUM(L25:M25) -> 175737 | O25: 완료(7/31) | P25: 천범석 | Q25: 45838
A26: . | B26: IK-24002 | D26: 45810 | E26: 한국아이씨에스 | F26: 리온아이티 | G26: MA | H26: 월간-IBM | I26: 교세라 6월 유지정비료 - 17/36회 | J26: 1 | K26: 70422 | L26: =J26*K26 -> 70422 | M26: 7042 | N26: =SUM(L26:M26) -> 77464 | O26: 완료(7/31) | P26: 천범석 | Q26: 45716 | R26: 매출연간
A27: . | B27: LI-24004 | D27: 45810 | E27: 한국아이씨에스 | F27: 한국메탈 | G27: MA | H27: 월간-IBM | I27: 6월유지정비료 - 14/32회 | J27: 1 | K27: 316682 | L27: =J27*K27 -> 316682 | M27: 31668 | N27: =SUM(L27:M27) -> 348350 | O27: 완료(7/31) | P27: 천범석 | Q27: 45809
A28: . | B28: SB-24036 | D28: 45810 | E28: 한국아이씨에스 | F28: 나라정보 | G28: MA | H28: 월간-IBM | I28: 부국철강 6월 유지정비료 - 14/32 회 | J28: 1 | K28: 190849 | L28: =J28*K28 -> 190849 | M28: 19084 | N28: =SUM(L28:M28) -> 209933 | O28: 완료(7/31) | P28: 천범석 | Q28: 45838
A29: . | B29: SM-24021 | D29: 45810 | E29: 한국아이씨에스 | F29: 에이캐피탈 | G29: MA | H29: 월간-IBM | I29: 6월 유지정비료 - 10/12회 | J29: 1 | K29: 691782 | L29: =J29*K29 -> 691782 | M29: 69178 | N29: =SUM(L29:M29) -> 760960 | O29: 완료(7/31) | P29: 천범석 | Q29: 45843
A30: . | B30: LI-24009 | D30: 45810 | E30: 한국아이씨에스 | F30: 아이리스인포테크 | G30: MA | H30: 월간-IBM | I30: 프레이저플레이스 6월 유지정비료 - 11/12회 | J30: 1 | K30: 95200 | L30: =J30*K30 -> 95200 | M30: =L30*10% -> 9520 | N30: =SUM(L30:M30) -> 104720 | O30: 완료(7/31) | P30: 천범석 | Q30: 45807 | R30: 매출분기
A31: . | B31: LI-24006 | D31: 45810 | E31: 한국아이씨에스 | F31: 보해양조 | G31: MA | H31: 월간-IBM | I31: 6월 유지정비료 - 12/12회 | J31: 1 | K31: 142800 | L31: =J31*K31 -> 142800 | M31: =L31*10% -> 14280 | N31: =SUM(L31:M31) -> 157080 | O31: 완료(7/31) | P31: 천범석 | Q31: 45833
A32: . | B32: IK-22022 | D32: 45810 | E32: 한국아이씨에스 | F32: 리온아이티 | G32: MA | H32: 월간-IBM | I32: 한일전기 6월 유지정비료 - 30/36회 | J32: 1 | K32: 309047 | L32: =J32*K32 -> 309047 | M32: 30904 | N32: =SUM(L32:M32) -> 339951 | O32: 완료(7/31) | P32: 천범석 | Q32: 45748 | R32: 매출분기
A33: . | B33: IK-24013 | D33: 45810 | E33: 한국아이씨에스 | F33: 레드텍 | G33: MA | H33: 월간-IBM | I33: 대한상공회의소 6월 유지정비료 - 8/12회 | J33: 1 | K33: 145780 | L33: =J33*K33 -> 145780 | M33: 14578 | N33: =SUM(L33:M33) -> 160358 | O33: 완료(7/31) | P33: 천범석 | Q33: 45809
A34: . | B34: IK-22021 | D34: 45810 | E34: 한국아이씨에스 | F34: 리온아이티 | G34: MA | H34: 월간-IBM | I34: 문배철강 6월 유지정비료 - 27/36회 | J34: 1 | K34: 212293 | L34: =J34*K34 -> 212293 | M34: 21229 | N34: =SUM(L34:M34) -> 233522 | O34: 완료(7/31) | P34: 천범석 | Q34: 45838
A35: . | B35: X | D35: 45811 | E35: 에스케이브로드밴드 | G35: 일반경비 | H35: 통신비 | I35: 통신료 | J35: 1 | K35: 14346 | L35: =J35*K35 -> 14346 | M35: 1434 | N35: =SUM(L35:M35) -> 15780 | O35: 자동이체(6/25) | P35: 정지우 | Q35: X
A36: . | B36: SB-25025 | D36: 45812 | E36: 한국아이씨에스 | F36: 해안종합건축사사무소 | G36: MA | H36: 월간-IBM | I36: 6월 유지정비료 - 1/12회 | J36: 1 | K36: 449492 | L36: =J36*K36 -> 449492 | M36: 44949 | N36: =SUM(L36:M36) -> 494441 | O36: 완료(7/31) | P36: 천범석 | Q36: 45809
A37: . | B37: S | D37: 45813 | E37: 로보츠 | F37: 와이케이케이 서울 | G37: 상품 | H37: 기술지원 | I37: AhnLab V3 EPP OS 업그레이드 작업 | J37: 1 | K37: 2940000 | L37: =J37*K37 -> 2940000 | M37: =L37*10% -> 294000 | N37: =SUM(L37:M37) -> 3234000 | O37: 완료(7/31) | P37: 이예지 | Q37: 45813
A38: . | B38: S | D38: 45813 | E38: 로보츠 | F38: 와이케이케이 평택 | G38: 상품 | H38: 기술지원 | I38: AhnLab V3 EPP OS 업그레이드 작업 | J38: 1 | K38: 2940000 | L38: =J38*K38 -> 2940000 | M38: =L38*10% -> 294000 | N38: =SUM(L38:M38) -> 3234000 | O38: 완료(7/31) | P38: 이예지 | Q38: 45813
A39: . | B39: SM-24020 | D39: 45813 | E39: 로보츠 | F39: 와이케이케이 서울 | G39: MA | H39: 월간 | I39: BoardSystem 유지보수 - 6월 (9/12회) | J39: 1 | K39: 1060000 | L39: =J39*K39 -> 1060000 | M39: =L39*10% -> 106000 | N39: =SUM(L39:M39) -> 1166000 | O39: 완료(7/31) | P39: 이예지 | Q39: 45813
A40: . | B40: H250609-01 | D40: 45817 | E40: 이비웨이브 | F40: 우리에스아이티 | G40: 상품 | H40: 43W9715 | I40: 750GB 7.2K SATA 3.5inch Hard Drive | J40: 1 | K40: 200000 | L40: =J40*K40 -> 200000 | M40: =L40*10% -> 20000 | N40: =SUM(L40:M40) -> 220000 | O40: 완료(8/29) | P40: 천범석 | Q40: 45821
A41: . | B41: H250609-02 | D41: 45817 | E41: 이비웨이브 | F41: 티에스씨인포 | G41: 상품 | H41: 870792-001 | I41: HP 300GB SAS 12G 15K SFF HDD for G8-G10 | J41: 1 | K41: 130000 | L41: =J41*K41 -> 130000 | M41: =L41*10% -> 13000 | N41: =SUM(L41:M41) -> 143000 | O41: 완료(8/29) | P41: 천범석 | Q41: 45838
A42: . | B42: SM-23012 | D42: 45818 | E42: 엘림넷 | F42: 택스홈앤아웃 본사 | G42: MA | H42: 월간 | I42: 전용회선료 외 1건 | J42: 1 | K42: 213400 | L42: =J42*K42 -> 213400 | M42: 21340 | N42: =SUM(L42:M42) -> 234740 | O42: 완료(6/26법카) | P42: 이예지 | Q42: 45809
A43: . | B43: SM-23013 | D43: 45818 | E43: 엘림넷 | F43: 하이엔드택스 강남지점(압구정) | G43: MA | H43: 월간 | I43: e-NETner 외 1건 | J43: 1 | K43: 77600 | L43: =J43*K43 -> 77600 | M43: 7760 | N43: =SUM(L43:M43) -> 85360 | O43: 완료(6/26법카) | P43: 이예지 | Q43: 45809
A44: . | B44: SM-23012 | D44: 45818 | E44: 엘림넷 | F44: 택스홈앤아웃 본사 | G44: MA | H44: 월간 | I44: e-NETner 외 1건 | J44: 1 | K44: 155200 | L44: =J44*K44 -> 155200 | M44: 15520 | N44: =SUM(L44:M44) -> 170720 | O44: 완료(6/26법카) | P44: 이예지 | Q44: 45809
A45: . | B45: SM-23013 | D45: 45818 | E45: 엘림넷 | F45: 하이엔드택스 강남지점(압구정) | G45: MA | H45: 월간 | I45: 전용회선료 외 1건 | J45: 1 | K45: 145500 | L45: =J45*K45 -> 145500 | M45: 14550 | N45: =SUM(L45:M45) -> 160050 | O45: 완료(6/26법카) | P45: 이예지 | Q45: 45809
A46: . | B46: H250610-01 | D46: 45818 | E46: 에스엔에이 | F46: 엠씨앤파트너 | G46: 상품 | H46: 00E9927 00E9912 | I46: IBM 300GB 15K RPM 2.5" SAS 6Gbps SFF HDD | J46: 3 | K46: 150000 | L46: =J46*K46 -> 450000 | M46: =L46*10% -> 45000 | N46: =SUM(L46:M46) -> 495000 | O46: 완료(8/29) | P46: 천범석 | Q46: 45838
A47: . | B47: H250609-03 | D47: 45818 | E47: 이비웨이브 | F47: 비씨엠정보통신(꼬망스) | G47: MA | H47: 81Y4451 | I47: ServeRaid M5000 Series Battery Kit | J47: 1 | K47: 120000 | L47: =J47*K47 -> 120000 | M47: =L47*10% -> 12000 | N47: =SUM(L47:M47) -> 132000 | O47: 완료(8/29) | P47: 천범석 | Q47: MA
A48: . | B48: H250612-04 | D48: 45820 | E48: 컴퓨존 | F48: 케이엠디엠 | G48: 상품 | H48: MRYN3KH/A | I48: 2024 맥북에어 15 M3 (8C CPU 10C GPU)/8GB/512GB 스페이스 그레이 | J48: 1 | K48: 1562727 | L48: =J48*K48 -> 1562727 | M48: =L48*10% -> 156272.7 | N48: =SUM(L48:M48) -> 1718999.7 | O48: 완료(6/12) | P48: 홍승민 | Q48: 45838
A49: . | B49: H250612-01 | D49: 45821 | E49: 위퍼스트 | F49: 케이엠디엠 | G49: 상품 | H49: RWR8F | I49: DELL 2.4TB SFF SAS 10K 12G HDD For G14,15 (USED) | J49: 6 | K49: 240000 | L49: =J49*K49 -> 1440000 | M49: =L49*10% -> 144000 | N49: =SUM(L49:M49) -> 1584000 | O49: 완료(7/31) | P49: 홍승민 | Q49: 45838
A50: . | B50: H250613-01 | D50: 45821 | E50: 이비웨이브 | F50: 로보츠 | G50: 상품 | H50: 403781-001 | I50: DL380G5 1000W POWER SUPPLY | J50: 1 | K50: 70000 | L50: =J50*K50 -> 70000 | M50: =L50*10% -> 7000 | N50: =SUM(L50:M50) -> 77000 | O50: 완료(8/29) | P50: 천범석 | Q50: 45827
A51: . | B51: SB-25025 | D51: 45823 | E51: 에스엔에이 | F51: 해안종합건축사사무소 | G51: MA | H51: 기술지원 | I51: HP 1630 유지보수 6월 - 1/12회 | J51: 1 | K51: 200000 | L51: =J51*K51 -> 200000 | M51: =L51*10% -> 20000 | N51: =SUM(L51:M51) -> 220000 | O51: 완료(8/29) | P51: 천범석 | Q51: 45809
A52: . | B52: Y250616-01 | D52: 45824 | E52: 컴퓨존 | F52: 라온피플 | G52: 상품 | H52: HDD | I52: Red Plus WD120EFBX - 68B0EN0 | J52: 1 | K52: 445309 | L52: =J52*K52 -> 445309 | M52: =L52*10% -> 44530.9 | N52: =SUM(L52:M52) -> 489839.9 | O52: 완료(6/16) | P52: 홍승민 | Q52: 45828
A53: . | B53: D250612-01 | D53: 45824 | E53: 컴퓨존 | F53: 고영테크놀러지 | G53: 상품 | H53: 조립PC | I53: 조립PC 부품 | J53: 1 | K53: 4194264 | L53: 4194264 | M53: 419426 | N53: =SUM(L53:M53) -> 4613690 | O53: 완료(6/16) | P53: 이지훈 | Q53: 45853
A54: . | B54: H250618-02 | D54: 45826 | E54: 이비웨이브 | F54: 인피니테크 | G54: 상품 | H54: 00W2671 | I54: System Board for X3650M4 | J54: 1 | K54: 250000 | L54: =J54*K54 -> 250000 | M54: =L54*10% -> 25000 | N54: =SUM(L54:M54) -> 275000 | O54: 완료(8/29) | P54: 천범석 | Q54: 45838
A55: . | B55: H250612-02 H250612-03 | D55: 45826 | E55: 이십일세기소프트 | F55: 케이엠디엠 | G55: 상품 | H55: OS | I55: Windows Server 2025 Standard COEM 외 | J55: 1 | K55: 2950000 | L55: 2950000 | M55: =L55*10% -> 295000 | N55: =SUM(L55:M55) -> 3245000 | O55: 완료(8/5) | P55: 천범석 | Q55: 45838
A56: . | B56: D250612-01 | D56: 45827 | E56: 컴퓨존 | F56: 고영테크놀러지 | G56: 상품 | H56: 조립PC | I56: 조립PC 케이스 | J56: 1 | K56: =124500/1.1 -> 113181.82 | L56: =J56*K56 -> 113181.82 | M56: =L56*10% -> 11318.182 | N56: =SUM(L56:M56) -> 124500 | O56: 완료(6/19) | P56: 이지훈 | Q56: 45853
A57: . | B57: Y250618-01 | D57: 45827 | E57: 이비웨이브 | F57: 에어코드 | G57: 상품 | H57: Board | I57: X3550M4 System Board | J57: 1 | K57: 220000 | L57: =J57*K57 -> 220000 | M57: =L57*10% -> 22000 | N57: =SUM(L57:M57) -> 242000 | O57: 완료(8/29) | P57: 홍승민 | Q57: 45835
A58: . | B58: H250619-01 | D58: 45828 | E58: 이비웨이브 | F58: 엠씨앤파트너 | G58: 상품 | H58: 00E0806 | I58: 8Gb 2Port PCI-E 4X Fiber Channel Adapter(Emulex) | J58: 1 | K58: 60000 | L58: =J58*K58 -> 60000 | M58: =L58*10% -> 6000 | N58: =SUM(L58:M58) -> 66000 | O58: 완료(8/29) | P58: 천범석 | Q58: 45838
A59: . | B59: Y250620-01 | D59: 45828 | E59: 컴퓨존 | F59: 불교텔레비전 | G59: 상품 | H59: 조립PC | I59: 조립PC | J59: 1 | K59: 426282 | L59: =J59*K59 -> 426282 | M59: 42628 | N59: =SUM(L59:M59) -> 468910 | O59: 완료(6/20) | P59: 홍승민 | Q59: 45828
A60: . | B60: SM-23023 | D60: 45828 | E60: 이올테크 | F60: 중앙유통단지관리운영회 | G60: MA | H60: 월간 | I60: 6월 유지정비료 - 21/36회 | J60: 1 | K60: 370000 | L60: =J60*K60 -> 370000 | M60: =L60*10% -> 37000 | N60: =SUM(L60:M60) -> 407000 | O60: 완료(6/30) | P60: 천범석 | Q60: 45828
A61: . | B61: H250612 | D61: 45828 | E61: 이올테크 | F61: 중앙유통단지관리운영회 | G61: 상품 | H61: 기술지원 | I61: 기술지원료 | J61: 1 | K61: 600000 | L61: =J61*K61 -> 600000 | M61: =L61*10% -> 60000 | N61: =SUM(L61:M61) -> 660000 | O61: 완료(6/30) | P61: 천범석 | Q61: 45828
A62: . | B62: H250620-01 | D62: 45828 | E62: 서버메이트디지털 | F62: CGV 센텀시티 | G62: 상품 | H62: 기술지원 | I62: 기술지원료 | J62: 1 | K62: 300000 | L62: =J62*K62 -> 300000 | M62: =L62*10% -> 30000 | N62: =SUM(L62:M62) -> 330000 | O62: 완료(7/31) | P62: 천범석 | Q62: 45833
A63: . | B63: H250625-01 H250625-02 | D63: 45831 | E63: 컴퓨존 | F63: 유니포인트 | G63: 상품 | H63: 케이블 | I63: CAT.6 UTP LAN CABLE 5M 그레이 외 | J63: 1 | K63: 17982 | L63: =J63*K63 -> 17982 | M63: 1798 | N63: =SUM(L63:M63) -> 19780 | O63: 완료(6/23) | P63: 천범석 | Q63: 45838
A64: . | B64: H250623-01 | D64: 45831 | E64: 이비웨이브 | F64: 디에이치라이팅 2공장 | G64: 상품 | H64: HDD | I64: SATA 1TB 6GB 7.2K 3.5인치 for R530 | J64: 1 | K64: 150000 | L64: 690000 | M64: =L64*10% -> 69000 | N64: =SUM(L64:M64) -> 759000 | O64: 완료(8/29) | P64: 천범석 | Q64: 45838
A65: . | B65: H250623-02 | E65: 이비웨이브 | F65: 디에이치라이팅 2공장 | G65: 상품 | H65: 42D0678 | I65: IBM 146GB 6Gb/s SAS | J65: 1 | K65: 100000
A66: . | B66: H250623-03 | E66: 이비웨이브 | F66: 디에이치라이팅 2공장 | G66: 상품 | H66: 90Y8573 | I66: IBM 2TB 6Gb/s SAS | J66: 1 | K66: 200000
A67: . | B67: H250623-04 | E67: 이비웨이브 | F67: 디에이치라이팅 2공장 | G67: 상품 | H67: 81Y9691 | I67: IBM 1TB 6Gb/s SAS | J67: 1 | K67: 120000
A68: . | B68: H250623-05 | E68: 이비웨이브 | F68: 디에이치라이팅 2공장 | G68: 상품 | H68: 42D0708 | I68: IBM 500GB 6Gb/s SAS | J68: 1 | K68: 120000
A69: . | B69: H250625-03 | D69: 45832 | E69: 컴퓨존 | F69: 유니포인트 | G69: 상품 | H69: 케이블 | I69: LC-LC / OM1 / 1G / 15M | J69: 8 | K69: =82982/8 -> 10372.75 | L69: 82982 | M69: 8298 | N69: =SUM(L69:M69) -> 91280 | O69: 완료(6/24) | P69: 천범석 | Q69: 45838
A70: . | B70: H250625-04 | D70: 45833 | E70: 이비웨이브 | F70: 우리에스아이티 | G70: 상품 | H70: 00YK012 | I70: 900GB 15K 12G SAS 2.5inch Hard Drive | J70: 1 | K70: 400000 | L70: =J70*K70 -> 400000 | M70: =L70*10% -> 40000 | N70: =SUM(L70:M70) -> 440000 | O70: 완료(8/29) | P70: 천범석 | Q70: 45838
A71: . | B71: X | D71: 45833 | E71: 롯데렌탈 | G71: 일반경비 | H71: 차량유지비 | I71: 6월 차량렌트(그랜저 8552)-39/49회 | J71: 1 | K71: 342614 | L71: =J71*K71 -> 342614 | M71: 34261 | N71: =SUM(L71:M71) -> 376875 | O71: 자동이체(6/25) | P71: 정지우 | Q71: X | R71: 부가세불공
A72: . | B72: X | D72: 45833 | E72: 롯데렌탈 | G72: 일반경비 | H72: 차량유지비 | I72: 6월 선급금(그랜저 8552)-39/49회 | J72: 1 | K72: 234659 | L72: =J72*K72 -> 234659 | M72: 23466 | N72: =SUM(L72:M72) -> 258125 | O72: 선납(22/4/5) | P72: 정지우 | Q72: X | R72: 부가세불공
A73: . | B73: X | D73: 45833 | E73: 롯데렌탈 | G73: 일반경비 | H73: 차량유지비 | I73: 6월 차량렌트(G80 3061)-39/49회 | J73: 1 | K73: 488069 | L73: =J73*K73 -> 488069 | M73: 48806 | N73: =SUM(L73:M73) -> 536875 | O73: 자동이체(6/25) | P73: 정지우 | Q73: X | R73: 부가세불공
A74: . | B74: X | D74: 45833 | E74: 롯데렌탈 | G74: 일반경비 | H74: 차량유지비 | I74: 6월 선급금(G80 3061)-39/49회 | J74: 1 | K74: 307386 | L74: =J74*K74 -> 307386 | M74: 30739 | N74: =SUM(L74:M74) -> 338125 | O74: 선납(22/4/5) | P74: 정지우 | Q74: X | R74: 부가세불공
A75: . | B75: X | D75: 45833 | E75: 케이카 | G75: 일반경비 | H75: 차량유지비 | I75: 6월 차량렌트(xm3 4429)-30/37회 | J75: 1 | K75: =371000/1.1 -> 337272.73 | L75: 437273 | M75: 43727 | N75: =SUM(L75:M75) -> 481000 | O75: 자동이체(6/25) | P75: 정지우 | Q75: X | R75: 부가세불공
A76: . | B76: X | E76: 케이카 | G76: 일반경비 | H76: 차량유지비 | I76: 6월 선급금(xm3 4429)-30/37회 | J76: 1 | K76: 100000 | O76: 선납(22/12/29) | P76: 정지우 | Q76: X
A77: . | B77: SM-25014 | D77: 45833 | E77: 제이에스정보시스템 | F77: 시너지온 | G77: MA | H77: 월간 | I77: 건국대병원 6월 유지정비료 - 3/29회 | J77: 1 | K77: 500000 | L77: =J77*K77 -> 500000 | M77: =L77*10% -> 50000 | N77: =SUM(L77:M77) -> 550000 | O77: 완료(8/29) | P77: 천범석 | Q77: 45838
A78: . | B78: SM-25020 | D78: 45833 | E78: 제이에스정보시스템 | F78: 신동아건설 | G78: MA | H78: 월간 | I78: 6월 기술지원료 - 2/12회 | J78: 1 | K78: 150000 | L78: =J78*K78 -> 150000 | M78: =L78*10% -> 15000 | N78: =SUM(L78:M78) -> 165000 | O78: 완료(8/29) | P78: 이예지 | Q78: 45828
A79: . | B79: X | D79: 45833 | E79: 청소의신 | G79: 일반경비 | H79: 지급수수료 | I79: 6월 청소비 | J79: 1 | K79: 160000 | L79: =J79*K79 -> 160000 | M79: =L79*10% -> 16000 | N79: =SUM(L79:M79) -> 176000 | O79: 완료(6/30) | P79: 정지우 | Q79: X
A80: . | B80: X | D80: 45833 | E80: 비와이씨하이시티입주사대표회 | G80: 일반경비 | H80: 여비교통비 | I80: 대표님,천범석,엔지니어팀 7월 주차비 | J80: 1 | K80: 272727 | L80: =J80*K80 -> 272727 | M80: 27273 | N80: =SUM(L80:M80) -> 300000 | O80: 완료(6/25) | P80: 정지우 | Q80: X | R80: 부가세불공
A81: . | B81: D250624-01 | D81: 45833 | E81: 리더스시스템즈 | F81: 고영테크놀러지 | G81: 상품 | H81: NVIDIA | I81: RTX 4000 Ada Generation 20GB | J81: 1 | K81: 1970000 | L81: =J81*K81 -> 1970000 | M81: =L81*10% -> 197000 | N81: =SUM(L81:M81) -> 2167000 | O81: 완료(6/25) | P81: 이지훈 | Q81: 45838
A82: . | B82: SM-24007 | D82: 45833 | E82: 다원씨앤에스 | F82: 연세의료원 | G82: MA | H82: 월간 | I82: 6월분 SIOS Lifekeeper 유지보수료 - 5/12회 | J82: 1 | K82: 200000 | L82: =J82*K82 -> 200000 | M82: =L82*10% -> 20000 | N82: =SUM(L82:M82) -> 220000 | O82: 완료(7/31) | P82: 이예지 | Q82: 45828
A83: . | B83: IK-24001 | D83: 45833 | E83: 알앤큐시스템 | F83: 로스만스/브리티쉬 | G83: MA | H83: 월간 | I83: BAT 통합 유지보수 6월분 - 6/12회 | J83: 1 | K83: 4950000 | L83: =J83*K83 -> 4950000 | M83: =L83*10% -> 495000 | N83: =SUM(L83:M83) -> 5445000 | O83: 완료(9/15) | P83: 천범석 | Q83: 45838
A84: . | B84: H250626-01 | D84: 45834 | E84: 이비웨이브 | F84: 티에스씨인포 | G84: 상품 | H84: 01DE973 | I84: ThinkSystem 16GB TruDDR4 DDR4-2666MHzz (2Rx8 1.2V) RDIMM | J84: 2 | K84: 100000 | L84: =J84*K84 -> 200000 | M84: =L84*10% -> 20000 | N84: =SUM(L84:M84) -> 220000 | O84: 완료(8/29) | P84: 천범석 | Q84: 45838
A85: . | B85: D250626-01 | D85: 45834 | E85: 컴퓨존 | F85: 불교텔레비전 | G85: 상품 | H85: 조립PC | I85: 조립PC | J85: 1 | K85: 2399818 | L85: =J85*K85 -> 2399818 | M85: =L85*10% -> 239981.8 | N85: =SUM(L85:M85) -> 2639799.8 | O85: 완료(6/26) | P85: 이지훈 | Q85: 45835
A86: . | B86: X | D86: 45834 | E86: 더좋은샘물 | G86: 일반경비 | H86: 복리후생비 | I86: 생수 5통 | J86: 5 | K86: 6000 | L86: =J86*K86 -> 30000 | M86: =L86*10% -> 3000 | N86: =SUM(L86:M86) -> 33000 | O86: 완료(7/10) | P86: 정지우 | Q86: X
A87: . | B87: SM-23031 | D87: 45835 | E87: 지엘정보통신 | F87: 온피아 | G87: MA | H87: 반기 | I87: 삼표 25.2~25.7 | J87: 1 | K87: 1250000 | L87: =J87*K87 -> 1250000 | M87: =L87*10% -> 125000 | N87: =SUM(L87:M87) -> 1375000 | O87: 완료(7/31) | P87: 이예지 | Q87: 2/24,3/31,4/30,5/31,6/30,7/31
A88: . | B88: X | D88: 45838 | E88: 비와이씨하이시티입주사대표회 | G88: 일반경비 | H88: 건물관리 | I88: B동 1201호 5월 관리비 -과세분 | J88: 1 | K88: 397293 | L88: 394293 | M88: 39429 | N88: =SUM(L88:M88) -> 433722 | O88: 완료(7/10) | P88: 정지우 | Q88: X
A89: . | B89: X | D89: 45838 | E89: 비와이씨하이시티입주사대표회 | G89: 일반경비 | H89: 건물관리 | I89: B동 1201호 5월 관리비 -면세분 | J89: 1 | K89: 85316 | L89: =J89*K89 -> 85316 | M89: X | N89: =SUM(L89:M89) -> 85316 | O89: 완료(7/10) | P89: 정지우 | Q89: X | R89: 비과세
A90: . | B90: SM-24024 | D90: 45838 | E90: 디씨에스에스테크놀러지코리아 | F90: 강북21세기병원 | G90: MA | H90: 월간-DCSS | I90: 6월 유지정비료 - 7/12회 | J90: 1 | K90: 20600 | L90: 1837080 | M90: =L90*10% -> 183708 | N90: =SUM(L90:M90) -> 2020788 | O90: 완료(7/31) | P90: 천범석 | Q90: 45833
A91: . | B91: IK-24011 | E91: 디씨에스에스테크놀러지코리아 | F91: 로보츠 | G91: MA | H91: 월간-DCSS | I91: 키오시아 6월 유지정비료 - 7/12회 | J91: 1 | K91: 70180 | P91: 천범석 | Q91: 45833
A92: . | B92: SM-24021 | E92: 디씨에스에스테크놀러지코리아 | F92: 에이캐피탈 | G92: MA | H92: 월간-DCSS | I92: 6월 유지정비료 - 7/9회 | J92: 1 | K92: 352900 | P92: 이예지 | Q92: 45843
A93: . | B93: SM-24007 | E93: 디씨에스에스테크놀러지코리아 | F93: 연세의료원 | G93: MA | H93: 월간-DCSS | I93: 6월 유지정비료 - 5/12회 | J93: 1 | K93: 80000 | P93: 이예지 | Q93: 45828
A94: . | B94: SM-25002 | E94: 디씨에스에스테크놀러지코리아 | F94: 지비에쓰시스템 | G94: MA | H94: 월간-DCSS | I94: 현대하이카 6월 유지정비료 - 5/11회 | J94: 1 | K94: 66000 | P94: 천범석 | Q94: 45838
